{"type": "FeatureCollection", "features": [{"type": "Feature", "properties": {"wkr": 1, "wkr_name": "Salzwedel"}, "geometry": {"type": "Polygon", "coordinates": [[[10.976891740599594, 52.62406680762129], [10.968716876000855, 52.6262134311324], [10.964767294083622, 52.62594595957968], [10.945540440382423, 52.620207462003684], [10.943780681190974, 52.61505694277311], [10.931579595234115, 52.61177954204258], [10.927147185240843, 52.60917155112972], [10.920464689389906, 52.609995367831054], [10.925277327104805, 52.614812282423195], [10.917126261789829, 52.61692802465534], [10.913539132902978, 52.623834524530814], [10.908618498550048, 52.6265290474597], [10.905026070499122, 52.62687532587314], [10.902404490346653, 52.63528000557385], [10.8983087389554, 52.63763921303103], [10.897047942654353, 52.64310812405798], [10.883512171008629, 52.65121771554602], [10.880905950418159, 52.65553628042752], [10.878970869539156, 52.65596320316635], [10.877888839513803, 52.663633956590914], [10.866477166067423, 52.672055346117325], [10.860125696962601, 52.67416963476715], [10.857997806581878, 52.67794599042006], [10.853143043474255, 52.680498437667694], [10.852197695470752, 52.68290716679159], [10.848081154854619, 52.68572593676666], [10.846160010896275, 52.69032034972455], [10.844002191238681, 52.69049202065662], [10.833616417852786, 52.70000576260667], [10.833186832422154, 52.70332486524302], [10.836656488611563, 52.707210316611295], [10.832290897297504, 52.711060864583786], [10.829428870542223, 52.716485683947006], [10.823920894574808, 52.71786505575485], [10.803173774504188, 52.71362593969594], [10.796864739243352, 52.71401928936664], [10.793338382960751, 52.72940307726784], [10.788153489192359, 52.73333566244784], [10.790489584607784, 52.73765798617147], [10.79143470216554, 52.74833157270293], [10.787470759874964, 52.7530471870642], [10.77624133763333, 52.75446547790613], [10.775050092898757, 52.76320362672903], [10.769552640891096, 52.76888574323804], [10.767944992272225, 52.76854356197017], [10.755371540995602, 52.784288983080096], [10.762010309751204, 52.80239358580042], [10.757136941267397, 52.81984314726118], [10.765016700223494, 52.82377592055096], [10.767262060015808, 52.827447416108754], [10.763922660453058, 52.83019492437331], [10.771826998547162, 52.83389100572227], [10.764740156314524, 52.84201901776812], [10.796405569467188, 52.84370147960415], [10.800374528761465, 52.85036750598697], [10.825578765654203, 52.84720398651531], [10.835145160587844, 52.84745247249672], [10.841505955637118, 52.85220987007371], [10.847762076280432, 52.85140353596977], [10.852707349066938, 52.85291712652321], [10.860434857743961, 52.85161935049264], [10.859211861853602, 52.853410625517185], [10.866058153499527, 52.85574612443523], [10.87421674187572, 52.852685191132544], [10.876958629443134, 52.84772785716534], [10.88331779894267, 52.84706366321252], [10.884793554778852, 52.84581368920094], [10.890746346765798, 52.845846863606944], [10.895441665132415, 52.85554724489851], [10.897486257515533, 52.85616705509953], [10.899444626032935, 52.8547840297514], [10.91013727648896, 52.85463033907868], [10.914561079256186, 52.852759069281824], [10.925594559074664, 52.85381416037044], [10.9282663707014, 52.85284048550829], [10.933567148957213, 52.85379299027123], [10.940018148094579, 52.852758326521844], [10.955472819063639, 52.86497173131573], [10.957774766274898, 52.86959448227015], [10.963504313558994, 52.871807771825345], [10.965355458315779, 52.874972022924545], [10.967767122861737, 52.87535897089228], [10.967819788172562, 52.87933798787328], [10.973940571471193, 52.877295213142546], [10.97610363162658, 52.87866507316433], [10.979370193133038, 52.87827313458176], [10.98535518552969, 52.881740143392534], [10.989763433677247, 52.887584634728576], [10.989037266072463, 52.89938075854749], [10.993522804210693, 52.90380331992369], [10.992568464556223, 52.90648347513702], [10.99565065467577, 52.90763490446682], [10.997558905109717, 52.91048697354552], [11.00093048560535, 52.91143164105823], [11.007554232569262, 52.91153681481147], [11.009997149921862, 52.9097776613728], [11.012971880876513, 52.90960374079684], [11.027930012743242, 52.912064664788446], [11.035100688648702, 52.91143706637199], [11.039574344157042, 52.91341227441899], [11.06003590826468, 52.90965803929593], [11.067285760704936, 52.909339289656174], [11.079160244891936, 52.91299882679844], [11.098699081362486, 52.91264364589529], [11.093377595704197, 52.899594779363895], [11.097440584775091, 52.897768572370985], [11.111568898588548, 52.895498380786506], [11.137550557911315, 52.89780162183814], [11.154421312372673, 52.90181800681704], [11.155208038377015, 52.90630118167007], [11.186205426635695, 52.90069067854608], [11.220548558709488, 52.89765566254024], [11.219334917925016, 52.89259271488782], [11.224699501635694, 52.891294928953975], [11.230714501105371, 52.891404608367125], [11.235436574105123, 52.8887817330973], [11.237936111289576, 52.88451468039939], [11.237746833760797, 52.88041885771115], [11.243504983037704, 52.87866248999255], [11.267229555793355, 52.8800950321436], [11.270884699681039, 52.88152387658901], [11.270753277904278, 52.88317264866096], [11.276403120323218, 52.88746274426105], [11.286065462732383, 52.88878127803099], [11.288776824145602, 52.88783572838835], [11.29091595927411, 52.88897964617129], [11.291084058109027, 52.887707964236675], [11.29432579858455, 52.88712007416878], [11.295146691470837, 52.88297375322899], [11.294515101559098, 52.87926974778033], [11.293059496905508, 52.879014279494], [11.295257264278172, 52.87469631343448], [11.306503748377274, 52.8777015383501], [11.314274911506185, 52.87838597034964], [11.336921085762327, 52.886534362407495], [11.337189718585089, 52.888363546877386], [11.347962069060218, 52.888472258130236], [11.3546825670641, 52.89027460838045], [11.363183235552503, 52.894461898576566], [11.363426335583114, 52.896049124239134], [11.369670365616791, 52.89719815541768], [11.374720621727889, 52.90015316468974], [11.386352610568679, 52.902304634756526], [11.38478663997368, 52.9037649682738], [11.393588714718721, 52.90174041568888], [11.40719160997812, 52.90400863018834], [11.424122322524605, 52.91693573613255], [11.425866026601076, 52.92008212814278], [11.432821976533045, 52.919690396941284], [11.454531884353662, 52.93342217427239], [11.47019954785225, 52.93897384499962], [11.481905867342107, 52.93955669010488], [11.491544380894615, 52.94164915761009], [11.505101172290967, 52.941049736162554], [11.509718063590016, 52.934554564519225], [11.517612248074313, 52.928137156296216], [11.51913614095093, 52.9309240169427], [11.533889637441646, 52.925042823897016], [11.540764196662774, 52.924495951739054], [11.55027415351228, 52.921595336195566], [11.551951277263317, 52.92437964161143], [11.557621042149167, 52.92769119548945], [11.54671950708082, 52.932346190762864], [11.543000310009788, 52.93533368202212], [11.547288349242478, 52.93709237237342], [11.552447071278904, 52.9348167981683], [11.560363091837656, 52.93603029773204], [11.559861887498924, 52.93331666133913], [11.568318589872945, 52.9300290108514], [11.571362750833979, 52.9221695982294], [11.576511359097381, 52.91663461703102], [11.593696819779822, 52.909061453689006], [11.601484656383004, 52.90280418909789], [11.60724512703354, 52.90090818596954], [11.62225731576777, 52.902244817862076], [11.633406357084732, 52.900029371916915], [11.637533671134383, 52.89794559463358], [11.63011034203122, 52.889797800023345], [11.627695481109924, 52.88889854399092], [11.627142156674209, 52.88752362476983], [11.629394167354281, 52.88638184689127], [11.626252661448882, 52.886408100931064], [11.62464538692561, 52.884634424729505], [11.619564849286826, 52.88401619086918], [11.618316549097022, 52.88487121168763], [11.612357820780225, 52.88207712449937], [11.614669739150095, 52.88014784434343], [11.62027790733827, 52.87950609703132], [11.621523929246061, 52.87785427294321], [11.624160059144874, 52.877506419037005], [11.627590428352304, 52.873603664956235], [11.632117690935958, 52.8608674303642], [11.630997301552778, 52.85852768065491], [11.625890811867004, 52.85609328725251], [11.607074109087522, 52.854792424176395], [11.591975697502987, 52.85640687755731], [11.583791227220363, 52.85332626651525], [11.577261547600216, 52.85290134371835], [11.571668170579178, 52.84797122441797], [11.543343676652755, 52.85256552656288], [11.535024241667342, 52.85261931725276], [11.527017867104238, 52.84192406463677], [11.516025931741192, 52.84063122141221], [11.491806947500857, 52.840367544976054], [11.478276757190347, 52.84226865610501], [11.46935187861482, 52.841674903926396], [11.469476993599292, 52.83767138491342], [11.474523671567418, 52.83266423254004], [11.475873255229422, 52.82692213800286], [11.478554820189485, 52.82567682906196], [11.478440807965308, 52.816307484670574], [11.481215477053246, 52.814474793074716], [11.503241273507804, 52.812896489392735], [11.516433460313966, 52.81470766791339], [11.530381698140634, 52.814837814113176], [11.540398229191977, 52.798487175169555], [11.52966164222361, 52.795674800589666], [11.522784763743939, 52.79074835911818], [11.514274845604088, 52.78707782253193], [11.504649695976417, 52.785886822719455], [11.50619125297222, 52.78149836435647], [11.508572312140988, 52.780884220085824], [11.506614331885146, 52.773846835435535], [11.50017340547811, 52.774469133629566], [11.493633484615192, 52.77738382566713], [11.486300579139158, 52.77551560323277], [11.459504146190007, 52.77287464415655], [11.45505914928481, 52.774334813707135], [11.44047411996462, 52.77373180232507], [11.431050809594275, 52.77530319570561], [11.421925712337252, 52.77196702075102], [11.429617534823002, 52.76602032577968], [11.42789828944079, 52.76450500602049], [11.397261897079499, 52.745101637190245], [11.375957847751456, 52.73559733099], [11.362083004955027, 52.74470716167531], [11.344707994967413, 52.74801934457455], [11.3422293695418, 52.75524820601588], [11.334673403697105, 52.76606751943456], [11.33382808889329, 52.771509013222435], [11.330577830203527, 52.77178699766477], [11.33026276502866, 52.76864100334595], [11.31463914433422, 52.76799368647102], [11.298034044987093, 52.771993662362036], [11.29737255999331, 52.76979793936452], [11.284540660234034, 52.77066580641326], [11.282143662540403, 52.763706531848854], [11.27814279747723, 52.76048023462964], [11.259170738634415, 52.76619124685204], [11.24501788934808, 52.76765030457515], [11.245528854865366, 52.76512351967052], [11.240867147738802, 52.76445837642387], [11.23863996000027, 52.761768243722514], [11.237797994927023, 52.748039058764704], [11.25806432593937, 52.74859021570887], [11.269983211318593, 52.75357503235625], [11.269871001180794, 52.752367806488664], [11.27394593182127, 52.75187169824155], [11.274571270293873, 52.74896224634036], [11.276102769898632, 52.74877333637614], [11.271879518497757, 52.731536055371116], [11.272704881287224, 52.72334905161158], [11.23990763429269, 52.72084395037195], [11.240019476022594, 52.71057996468423], [11.235442711253208, 52.69716204528403], [11.22858570820119, 52.6959757367106], [11.213141060986898, 52.6972777451328], [11.206372315293276, 52.68624680676708], [11.181663015584148, 52.687097881160064], [11.171188637711891, 52.692127345583486], [11.172564012537752, 52.69539794691246], [11.167138532268579, 52.695777128039126], [11.162966143414065, 52.67963877799016], [11.147481480038822, 52.67271818036537], [11.145837678131537, 52.67020783331179], [11.14962152044137, 52.66037011185743], [11.142495942121116, 52.65998163833595], [11.141581686869388, 52.66395057834378], [11.136807544171043, 52.66392047785218], [11.136918024226254, 52.66243670114702], [11.124502787056008, 52.662563896885885], [11.122804262355032, 52.65971235987978], [11.128552407305074, 52.65807302693631], [11.132688027700004, 52.65478258102996], [11.150307577384522, 52.65486603283775], [11.141109296059721, 52.64805857611264], [11.127725827266762, 52.65036566439359], [11.121261163301158, 52.65295199275727], [11.116470472992754, 52.64668766954338], [11.099048724640639, 52.650411011603445], [11.092741618610049, 52.653585698477286], [11.094728142020108, 52.661438466056914], [11.091533126000602, 52.66404789958116], [11.091487538513054, 52.66649845498069], [11.088734495282678, 52.669747621084774], [11.082043655682478, 52.67179861019086], [11.07850545058786, 52.668440426524576], [11.07946797455487, 52.66623293388154], [11.077442926666675, 52.66443695112671], [11.080621483387759, 52.66037621472769], [11.078640993572387, 52.65943777429299], [11.077446792871006, 52.65581168649425], [11.072532969479424, 52.65270518288389], [11.070008739351582, 52.65204540835713], [11.070732112051079, 52.66263531572297], [11.062682138063487, 52.659160189613495], [11.047431096252451, 52.65911416459049], [11.046192641153974, 52.65776387379294], [11.047813078068486, 52.656029192969115], [11.038011107445373, 52.652562272819495], [11.037156281347775, 52.648768821789844], [11.025661149999275, 52.64921782785874], [11.023799172260851, 52.645714976762875], [11.024113004375234, 52.64096652408846], [11.032157497445645, 52.63927674335799], [11.032647659787441, 52.63813125185478], [11.034246896327797, 52.6298004370368], [11.031337649913704, 52.6255459867045], [11.010797014489595, 52.62039473405437], [11.00308636016788, 52.62286122276237], [11.0029637744576, 52.62690714015734], [10.993769515641324, 52.62890599189463], [10.976891740599594, 52.62406680762129]]]}}, {"type": "Feature", "properties": {"wkr": 3, "wkr_name": "Havelberg-Osterburg"}, "geometry": {"type": "Polygon", "coordinates": [[[11.976157887916907, 52.6305836073408], [11.968934268856128, 52.63115883242629], [11.968774008771105, 52.63036837802677], [11.957438021212184, 52.632859129215674], [11.942247504698985, 52.63385312618812], [11.93351409665394, 52.631192158595546], [11.925351821827503, 52.627192821020856], [11.924412124858886, 52.62527237104389], [11.922784734712279, 52.627896875358424], [11.901037205989297, 52.63794138843297], [11.894938785775482, 52.63847640754335], [11.880383928800036, 52.632014450616985], [11.869403760457843, 52.63466830231921], [11.865330603722459, 52.641973829056845], [11.891293361495102, 52.64669229191365], [11.90333534371245, 52.64633411215917], [11.909448006333335, 52.64758054390923], [11.908058046499589, 52.65720422500869], [11.90914346711366, 52.6773005849176], [11.899730806269389, 52.67656227052539], [11.898875963923581, 52.671258935413526], [11.890316077293427, 52.66885772753691], [11.884464862617513, 52.66380143901778], [11.868323570064312, 52.65431572559009], [11.865915729857132, 52.650264976051794], [11.868129841904398, 52.64877453447343], [11.86209549662246, 52.64640664386364], [11.854267407689411, 52.65594278608438], [11.849925239310044, 52.65734357425183], [11.840743583907988, 52.66370777878899], [11.841973610571296, 52.66847405220262], [11.837634317688641, 52.67904791283316], [11.844138267447438, 52.684481118490304], [11.843750157511733, 52.6881375080119], [11.845927051898684, 52.69203235336475], [11.837273407296458, 52.69067083264488], [11.83610485000044, 52.69324862274533], [11.83108839804462, 52.69441084873188], [11.815916940473691, 52.69432258632471], [11.81237079991904, 52.69863547516802], [11.800745248392943, 52.69792111797579], [11.770755468514924, 52.70079638345826], [11.76534139564434, 52.689826578298266], [11.765804932430925, 52.686102026026376], [11.76933479097708, 52.68126311699947], [11.76128330609975, 52.67508254428124], [11.75739343965678, 52.677940890489886], [11.7367589599587, 52.68574552660475], [11.73237596835917, 52.686134589052955], [11.727950986013534, 52.68431782408442], [11.71946123077334, 52.68333802423295], [11.703831487805447, 52.68753736402625], [11.70228672375481, 52.689149932026346], [11.69419421304793, 52.68917056442353], [11.687887396303081, 52.69129543796359], [11.686040180479909, 52.691253878369075], [11.68637531024408, 52.68915468668769], [11.68381852938347, 52.68858897580321], [11.683204808296946, 52.691181132603084], [11.677010579782506, 52.69112899611739], [11.676221299618554, 52.698116127587625], [11.683524345700302, 52.7015565973107], [11.695186254707624, 52.70430776935689], [11.691796041593395, 52.707587917467244], [11.691254221286256, 52.71040673029041], [11.695141294662706, 52.712524387847566], [11.690021676935515, 52.714236720098405], [11.689474487431866, 52.71684603804401], [11.695799242201446, 52.721764732731486], [11.688873735549803, 52.72243969683068], [11.676818197073889, 52.73357267115155], [11.676744642863541, 52.742268205365896], [11.672718236398515, 52.74099124964519], [11.673267477569304, 52.73850642007409], [11.664413517785329, 52.73629704271923], [11.661010130281786, 52.73664229445525], [11.65733713477232, 52.72772745832972], [11.658925634235167, 52.7211588753306], [11.646572967803865, 52.719888589601204], [11.64586252992549, 52.71839923547251], [11.640725331462347, 52.71897219506451], [11.635515489260257, 52.72253240719074], [11.637137611322803, 52.725858996507775], [11.635579901296248, 52.728452361328934], [11.629280919814729, 52.73030691333902], [11.633972691253296, 52.74049075206426], [11.617144004257625, 52.73529222688366], [11.609320400849047, 52.734661951301014], [11.604475281907, 52.74792093810196], [11.59219703908416, 52.74865413991718], [11.591070482714926, 52.75101944446039], [11.571544961537851, 52.75399758355643], [11.57154238487221, 52.75756318180152], [11.557612108149486, 52.76055191568923], [11.56263444875977, 52.76416504138989], [11.562721202071627, 52.766652538713004], [11.553826916758574, 52.76741584628861], [11.551718111038163, 52.769338261723775], [11.542328977630744, 52.772901421110376], [11.533711236034163, 52.77014239534882], [11.527078590418427, 52.76984576729538], [11.521170097241543, 52.77100652606434], [11.512866476600262, 52.76915975540864], [11.509411645532559, 52.769483905610684], [11.506462843630244, 52.77239582981701], [11.508572312140988, 52.780884220085824], [11.50619125297222, 52.78149836435647], [11.504649695976417, 52.785886822719455], [11.514274845604088, 52.78707782253193], [11.522784763743939, 52.79074835911818], [11.52966164222361, 52.795674800589666], [11.540398229191977, 52.798487175169555], [11.530381698140634, 52.814837814113176], [11.516433460313966, 52.81470766791339], [11.503241273507804, 52.812896489392735], [11.481215477053246, 52.814474793074716], [11.478440807965308, 52.816307484670574], [11.478554820189485, 52.82567682906196], [11.475873255229422, 52.82692213800286], [11.474523671567418, 52.83266423254004], [11.469476993599292, 52.83767138491342], [11.46935187861482, 52.841674903926396], [11.478276757190347, 52.84226865610501], [11.491806947500857, 52.840367544976054], [11.516025931741192, 52.84063122141221], [11.527017867104238, 52.84192406463677], [11.535024241667342, 52.85261931725276], [11.543343676652755, 52.85256552656288], [11.571668170579178, 52.84797122441797], [11.577261547600216, 52.85290134371835], [11.583791227220363, 52.85332626651525], [11.591975697502987, 52.85640687755731], [11.607074109087522, 52.854792424176395], [11.625890811867004, 52.85609328725251], [11.630997301552778, 52.85852768065491], [11.632117690935958, 52.8608674303642], [11.627590428352304, 52.873603664956235], [11.624160059144874, 52.877506419037005], [11.621523929246061, 52.87785427294321], [11.62027790733827, 52.87950609703132], [11.614669739150095, 52.88014784434343], [11.612357820780225, 52.88207712449937], [11.618316549097022, 52.88487121168763], [11.619564849286826, 52.88401619086918], [11.62464538692561, 52.884634424729505], [11.626252661448882, 52.886408100931064], [11.629394167354281, 52.88638184689127], [11.627142156674209, 52.88752362476983], [11.627695481109924, 52.88889854399092], [11.63011034203122, 52.889797800023345], [11.637533671134383, 52.89794559463358], [11.633406357084732, 52.900029371916915], [11.62225731576777, 52.902244817862076], [11.60724512703354, 52.90090818596954], [11.601484656383004, 52.90280418909789], [11.593696819779822, 52.909061453689006], [11.576511359097381, 52.91663461703102], [11.571362750833979, 52.9221695982294], [11.568318589872945, 52.9300290108514], [11.559861887498924, 52.93331666133913], [11.560363091837656, 52.93603029773204], [11.552447071278904, 52.9348167981683], [11.547288349242478, 52.93709237237342], [11.543000310009788, 52.93533368202212], [11.54671950708082, 52.932346190762864], [11.557621042149167, 52.92769119548945], [11.551951277263317, 52.92437964161143], [11.55027415351228, 52.921595336195566], [11.540764196662774, 52.924495951739054], [11.533889637441646, 52.925042823897016], [11.51913614095093, 52.9309240169427], [11.517612248074313, 52.928137156296216], [11.509718063590016, 52.934554564519225], [11.49247694392383, 52.9598268133523], [11.501947564464533, 52.98421956129872], [11.502930254595427, 52.99192093940069], [11.506411859377677, 52.999610450978814], [11.512825778706809, 53.00726074242498], [11.518639204304046, 53.00659584263273], [11.52568503989239, 53.00838504790447], [11.533457089666232, 53.00306056228009], [11.542572813900414, 52.99967854290314], [11.548560687699284, 52.99851297902122], [11.556599902546424, 52.99869853857334], [11.560600497224502, 53.00390135143934], [11.552215132225781, 53.00471718060167], [11.55921351178251, 53.01307525886015], [11.563318225084, 53.01272064472977], [11.567368442135024, 53.017482195828634], [11.596091399669701, 53.03262216946391], [11.59770379891599, 53.03584919249896], [11.618531871777883, 53.0413117014852], [11.631535938597507, 53.04138523584422], [11.639697788111592, 53.03849470268775], [11.641849041723601, 53.03402811200332], [11.626446101018617, 53.0207617495631], [11.624995710331916, 53.01583867276125], [11.626743332925823, 53.01229442648402], [11.632365017123654, 53.00832464116795], [11.641293730883419, 53.00565582830713], [11.652276198380047, 53.00578039153132], [11.66794139831584, 53.00976557464244], [11.676884455949207, 53.00821286042432], [11.683499029101295, 53.00148614135441], [11.6831587197811, 52.987023942770115], [11.690077471019372, 52.97947797812642], [11.695146553515483, 52.977928352842426], [11.70153465696131, 52.97768774815887], [11.731039357728578, 52.98839636447967], [11.736207493176634, 52.98937938027905], [11.742978448511758, 52.98892220618365], [11.757453882018927, 52.98514081829117], [11.765012469056424, 52.98141231468508], [11.78373593251078, 52.96191057544966], [11.8103676473775, 52.957044044450285], [11.829134790732663, 52.95720941646012], [11.845469180358338, 52.95182584643926], [11.849130623998258, 52.94632117717839], [11.847422063632703, 52.94086998960672], [11.841489514190465, 52.93619589219192], [11.832367541290612, 52.93172062112403], [11.826652609523471, 52.92703986800099], [11.823795911335887, 52.92197307343938], [11.82646281696503, 52.914567360898054], [11.834255146200542, 52.91019335548772], [11.842937721442743, 52.9090369555082], [11.87261259346036, 52.90883960567758], [11.877654849194421, 52.90649112572674], [11.887377607299873, 52.89752488603126], [11.896200168200162, 52.89357411637669], [11.912656032970132, 52.891925941986734], [11.93055775902048, 52.89204856111893], [11.949475919960143, 52.887387820421374], [11.959361557378454, 52.87992549120218], [11.960757918922608, 52.881373171619686], [11.981073395146803, 52.87611374127397], [11.987739721865555, 52.87724090302525], [11.988286655334312, 52.8796963840428], [11.991059352945289, 52.881407940708804], [12.005204464237764, 52.88161737742525], [12.006706284781401, 52.883822568957235], [12.005915210034303, 52.88723731011312], [12.018572428806458, 52.888329954123286], [12.022050783763127, 52.89040022557946], [12.02872387616533, 52.888161880552765], [12.044371725757083, 52.88931700379526], [12.047373696147158, 52.88829909357461], [12.0491549758769, 52.88582540144036], [12.053642523787031, 52.88865272501415], [12.06116497339018, 52.88816927293083], [12.067428758150724, 52.886067027277086], [12.066220665334225, 52.88370352899001], [12.069790800042156, 52.88389065167946], [12.0762159806946, 52.88644120438949], [12.081655094243487, 52.882105665077866], [12.082165047700009, 52.87705976637802], [12.097547156039653, 52.87758986277067], [12.112699516882946, 52.87571131124173], [12.114564023833534, 52.88210100896765], [12.125424266232356, 52.894549636270355], [12.129208053074892, 52.89371497158526], [12.126871043227569, 52.89021423343602], [12.124825286164302, 52.890627813418895], [12.122624716203058, 52.88849717311024], [12.120293932483712, 52.875554116902215], [12.133157062784848, 52.8657712750898], [12.123732979445233, 52.853803231324065], [12.126313922445371, 52.85302045522871], [12.13457177187935, 52.85625971162466], [12.172691606861946, 52.86474146358886], [12.185624748286365, 52.8711953347618], [12.192832299772695, 52.877467490953414], [12.197017937021783, 52.87796209898354], [12.199519651228233, 52.8714925768302], [12.20283338645262, 52.86797821280788], [12.20800062040984, 52.86694436433776], [12.20987666843463, 52.862199968386335], [12.214525415011241, 52.861882036541324], [12.216790158850172, 52.86607623486171], [12.222973751773427, 52.86511502532474], [12.232803703775211, 52.86038081242641], [12.234291759719511, 52.857659307595924], [12.23153644614972, 52.8517589319914], [12.234868384227738, 52.84672700776053], [12.238807625281627, 52.844428183262664], [12.237255814644493, 52.839200867299475], [12.244165116464181, 52.81994569298714], [12.257566164000094, 52.80486520189762], [12.252324542911522, 52.803687258644274], [12.255763296011548, 52.798564721962926], [12.247802919192395, 52.79640188917591], [12.249657319836238, 52.79234881624228], [12.243927375862436, 52.7864290760478], [12.235615553068339, 52.787570984049566], [12.230738284851762, 52.789804238420565], [12.22018814279129, 52.789858632711486], [12.22362481393754, 52.78626567525935], [12.22348769243781, 52.77578609918401], [12.220723774927675, 52.77366652173761], [12.216622111645277, 52.774563988991645], [12.213105568785767, 52.7734966816348], [12.21354672435565, 52.76850715040471], [12.211840645802113, 52.766088493373495], [12.215314263881476, 52.76363870877496], [12.20856148332555, 52.763524860035595], [12.205832798314328, 52.76070432322001], [12.209327554901384, 52.752882107094514], [12.21776562929969, 52.75187545354259], [12.219142878939945, 52.75067128972802], [12.22100666878731, 52.74455953468806], [12.217352868116093, 52.7437633883643], [12.222517626990973, 52.73985133922635], [12.219299363144756, 52.73768957445384], [12.219816452219968, 52.7362583901696], [12.209654298504663, 52.73513828142511], [12.206891030535028, 52.73056785213986], [12.201149969655065, 52.72902054370697], [12.206121537946993, 52.726503004650255], [12.202904010800212, 52.72586056419978], [12.203533216965184, 52.72447704737169], [12.206039931666902, 52.72505774745911], [12.198767695814505, 52.72112711483311], [12.19743068799492, 52.71876638235438], [12.199291944202564, 52.717223177011654], [12.204518345350301, 52.71972966486612], [12.21030640158309, 52.717334631443975], [12.210522593947402, 52.71551420202811], [12.2052419575721, 52.71403186795906], [12.204971925847746, 52.71252371518838], [12.210723281659533, 52.70871595110247], [12.216603363123854, 52.708683365332895], [12.21775868715821, 52.706408377631824], [12.224263666256444, 52.70299984540134], [12.217351250234618, 52.699784678186504], [12.22097323779868, 52.6897394197655], [12.222823094478116, 52.68815602264545], [12.230921742696955, 52.68964235436389], [12.232585970318866, 52.68871812924665], [12.226705483065949, 52.68347814750306], [12.228233409018147, 52.68162004843132], [12.235206552362099, 52.68022371644605], [12.235466748542445, 52.6762001304404], [12.239317522255554, 52.67132777684916], [12.239018771529375, 52.665901862859066], [12.238181830491719, 52.665093932379094], [12.235293960235158, 52.66581091273701], [12.234603074619786, 52.664386026013155], [12.237997002614748, 52.662544190102686], [12.233694004053948, 52.65965492885356], [12.235575579171366, 52.65438007521786], [12.232703314616796, 52.653732962143685], [12.237909525931403, 52.64545080795321], [12.236414121372663, 52.64097350877596], [12.231151123735653, 52.63998275379175], [12.231158982486447, 52.6299155540229], [12.23681539694116, 52.63003871936993], [12.236710160267245, 52.62871882047057], [12.212648137739489, 52.62502975813679], [12.207177743681735, 52.622693105070844], [12.203368285047329, 52.618533915615316], [12.188252334834656, 52.6207882699019], [12.17216918107773, 52.62575592809021], [12.169833429142889, 52.62181968100194], [12.168881898614785, 52.616531593325135], [12.175816022578466, 52.61766396625779], [12.170188880152798, 52.60955737254986], [12.170181993339071, 52.60748884027328], [12.176484786001287, 52.6064163321936], [12.173353587914217, 52.59855823516349], [12.17375910484137, 52.58153983228374], [12.176811423297595, 52.57654518252227], [12.18127881288313, 52.57524878538291], [12.159861401124552, 52.56148101282896], [12.149686537873812, 52.540664781469516], [12.143447790274227, 52.536858633851644], [12.14503294308378, 52.53322774858954], [12.142227327946348, 52.528402675570746], [12.145332095315236, 52.529696254355265], [12.154515962402828, 52.52979606925613], [12.158403244711014, 52.534448990503336], [12.173880191393808, 52.538795183200946], [12.179673152978799, 52.53367948716084], [12.188882081765334, 52.53231882365183], [12.185225636975407, 52.526859380948885], [12.177849676154125, 52.52370801020906], [12.173720928197875, 52.51874367012643], [12.167194919255904, 52.514906862554874], [12.171370401430398, 52.5060940197392], [12.162425026705032, 52.50074723340885], [12.154429785484883, 52.50379804545241], [12.152474448728773, 52.50341298239887], [12.150635329251633, 52.50570005149446], [12.145176856820614, 52.50731842303558], [12.14152119148051, 52.513745288944186], [12.137146921752521, 52.50800571496654], [12.112775460018405, 52.506395563498785], [12.109535240306997, 52.50730608708637], [12.103115433322829, 52.51156814101861], [12.104367220102954, 52.51549135271955], [12.101832422366188, 52.523332335645314], [12.103311194143386, 52.5249210985803], [12.09637785127479, 52.529381905531984], [12.091009204714926, 52.53098706488052], [12.088484588383121, 52.53373836475422], [12.081067565945688, 52.534827711412035], [12.077364586942958, 52.539985703902886], [12.062936007888375, 52.535060791851215], [12.060291315196276, 52.53101971830312], [12.05043094817777, 52.52466997407304], [12.047954240651832, 52.527136973856415], [12.0373172709091, 52.523157555651906], [12.020426342869573, 52.52473699869919], [12.012188187999467, 52.52298381607904], [12.008979729806223, 52.52020641691955], [11.993593767417353, 52.51825704465825], [11.991219650588567, 52.519066272849], [11.993587995402358, 52.52535836753542], [11.98717272128448, 52.53197478142375], [11.987715315469213, 52.535566220936786], [11.992822771313064, 52.53643443739663], [11.991228516506176, 52.5397252728807], [11.992159040382793, 52.54300872097801], [11.999402631149485, 52.54594370082577], [11.996348120541692, 52.55372195912298], [11.998047274151292, 52.55986511644789], [11.994569780844557, 52.564290280125164], [11.995869537706561, 52.569134189617756], [11.998924932866878, 52.57096656433852], [11.98785549255708, 52.57483336917607], [12.000462719081824, 52.59166465459082], [12.00368064249696, 52.60042246694619], [12.003893383780193, 52.60859601005272], [12.007324190716872, 52.61596468482674], [12.01073251016682, 52.617196805551146], [12.01539575044275, 52.62356901560309], [12.013362618988019, 52.63735944470765], [12.014956396810879, 52.64365721660615], [11.982681011096206, 52.64454522136105], [11.976157887916907, 52.6305836073408]]]}}, {"type": "Feature", "properties": {"wkr": 4, "wkr_name": "Stendal"}, "geometry": {"type": "Polygon", "coordinates": [[[11.557612108149486, 52.76055191568923], [11.57154238487221, 52.75756318180152], [11.571544961537851, 52.75399758355643], [11.591070482714926, 52.75101944446039], [11.59219703908416, 52.74865413991718], [11.604475281907, 52.74792093810196], [11.609320400849047, 52.734661951301014], [11.617144004257625, 52.73529222688366], [11.633972691253296, 52.74049075206426], [11.629280919814729, 52.73030691333902], [11.635579901296248, 52.728452361328934], [11.637137611322803, 52.725858996507775], [11.635515489260257, 52.72253240719074], [11.640725331462347, 52.71897219506451], [11.64586252992549, 52.71839923547251], [11.646572967803865, 52.719888589601204], [11.658925634235167, 52.7211588753306], [11.65733713477232, 52.72772745832972], [11.661010130281786, 52.73664229445525], [11.664413517785329, 52.73629704271923], [11.673267477569304, 52.73850642007409], [11.672718236398515, 52.74099124964519], [11.676744642863541, 52.742268205365896], [11.676818197073889, 52.73357267115155], [11.688873735549803, 52.72243969683068], [11.695799242201446, 52.721764732731486], [11.689474487431866, 52.71684603804401], [11.690021676935515, 52.714236720098405], [11.695141294662706, 52.712524387847566], [11.691254221286256, 52.71040673029041], [11.691796041593395, 52.707587917467244], [11.695186254707624, 52.70430776935689], [11.683524345700302, 52.7015565973107], [11.676221299618554, 52.698116127587625], [11.677010579782506, 52.69112899611739], [11.683204808296946, 52.691181132603084], [11.68381852938347, 52.68858897580321], [11.68637531024408, 52.68915468668769], [11.686040180479909, 52.691253878369075], [11.687887396303081, 52.69129543796359], [11.69419421304793, 52.68917056442353], [11.70228672375481, 52.689149932026346], [11.703831487805447, 52.68753736402625], [11.71946123077334, 52.68333802423295], [11.727950986013534, 52.68431782408442], [11.73237596835917, 52.686134589052955], [11.7367589599587, 52.68574552660475], [11.75739343965678, 52.677940890489886], [11.76128330609975, 52.67508254428124], [11.76933479097708, 52.68126311699947], [11.765804932430925, 52.686102026026376], [11.76534139564434, 52.689826578298266], [11.770755468514924, 52.70079638345826], [11.800745248392943, 52.69792111797579], [11.81237079991904, 52.69863547516802], [11.815916940473691, 52.69432258632471], [11.83108839804462, 52.69441084873188], [11.83610485000044, 52.69324862274533], [11.837273407296458, 52.69067083264488], [11.845927051898684, 52.69203235336475], [11.843750157511733, 52.6881375080119], [11.844138267447438, 52.684481118490304], [11.837634317688641, 52.67904791283316], [11.841973610571296, 52.66847405220262], [11.840743583907988, 52.66370777878899], [11.849925239310044, 52.65734357425183], [11.854267407689411, 52.65594278608438], [11.86209549662246, 52.64640664386364], [11.868129841904398, 52.64877453447343], [11.865915729857132, 52.650264976051794], [11.868323570064312, 52.65431572559009], [11.884464862617513, 52.66380143901778], [11.890316077293427, 52.66885772753691], [11.898875963923581, 52.671258935413526], [11.899730806269389, 52.67656227052539], [11.90914346711366, 52.6773005849176], [11.908058046499589, 52.65720422500869], [11.909448006333335, 52.64758054390923], [11.90333534371245, 52.64633411215917], [11.891293361495102, 52.64669229191365], [11.865330603722459, 52.641973829056845], [11.869403760457843, 52.63466830231921], [11.880383928800036, 52.632014450616985], [11.894938785775482, 52.63847640754335], [11.901037205989297, 52.63794138843297], [11.922784734712279, 52.627896875358424], [11.924412124858886, 52.62527237104389], [11.925351821827503, 52.627192821020856], [11.93351409665394, 52.631192158595546], [11.942247504698985, 52.63385312618812], [11.957438021212184, 52.632859129215674], [11.968774008771105, 52.63036837802677], [11.968934268856128, 52.63115883242629], [11.974093710372255, 52.63077633673717], [11.972012043614452, 52.62320917269306], [11.976266177007933, 52.621667214149184], [11.974435026333836, 52.62146173787799], [11.974489983301016, 52.619456595492245], [11.97128187199953, 52.619113715075905], [11.974787401861057, 52.61793586868974], [11.976382822072056, 52.61964631237819], [11.97920423725337, 52.61860247155766], [11.977686791768198, 52.61366066251361], [11.974201374747805, 52.61471358096569], [11.975024012023265, 52.602779572427565], [11.965701267482897, 52.59261600676716], [11.961642074491298, 52.59039346575758], [11.948068619951014, 52.596559117549376], [11.937545118852766, 52.60447693070746], [11.923368374425603, 52.577499485642015], [11.913769341433094, 52.58027603019989], [11.893238429994064, 52.561564790787905], [11.907762176616233, 52.558697737969425], [11.917102301677826, 52.55508805902664], [11.921496425869393, 52.53771866067921], [11.909328915818145, 52.5342857653664], [11.902254780283766, 52.53541976930813], [11.889221699004343, 52.53393497518454], [11.889544817730455, 52.530079626428424], [11.863646795074112, 52.530586946191214], [11.859578452415926, 52.52934692369], [11.843172141153694, 52.528297777261635], [11.843945347129598, 52.52596048968956], [11.841403071889221, 52.52559428106728], [11.841549975945417, 52.53320538818744], [11.835983319543912, 52.53261061160198], [11.835722215656466, 52.533754240192934], [11.825489606264822, 52.53197176601228], [11.823492852783401, 52.53067830677055], [11.818952583275339, 52.5299989541358], [11.818662205564847, 52.53090166343617], [11.814736341564165, 52.52831123496278], [11.807251125387902, 52.52770951711237], [11.8082107082048, 52.52468903496675], [11.793323237710435, 52.51911286629571], [11.777008464852685, 52.52258005291728], [11.763554971821765, 52.52763164114473], [11.764447285462904, 52.52995253617378], [11.759916672882394, 52.53062220452355], [11.76119414451398, 52.536133828732694], [11.757773929596539, 52.53554940733891], [11.74295511072328, 52.53750684171067], [11.743491815014039, 52.53889349241803], [11.741544239715818, 52.53942776462878], [11.716790479606129, 52.543371261787215], [11.713683074187953, 52.53932567080763], [11.697796608882165, 52.52792777145749], [11.695693250672452, 52.52857425752252], [11.694722695642904, 52.52655524231126], [11.699334239751774, 52.52564908760535], [11.698590914100008, 52.524773139306774], [11.67813848908386, 52.529174519634516], [11.671326430101175, 52.5240019199219], [11.661998681852017, 52.52015323198321], [11.65930637356574, 52.5135608341059], [11.641652014155685, 52.49810020553626], [11.615815613789312, 52.484783498545454], [11.60535330368377, 52.49373129345574], [11.590666114111798, 52.48785567591602], [11.586381000950224, 52.497013413933544], [11.591220461967344, 52.52012112865707], [11.5759858420281, 52.52147973212139], [11.568692579546253, 52.525440466259354], [11.572138987682264, 52.52880776854261], [11.574377267577471, 52.534336096453224], [11.571258510468288, 52.5472259597863], [11.578866378809606, 52.55616713991732], [11.581516018113561, 52.5684451489076], [11.589239307010455, 52.58505749482138], [11.578208556743874, 52.58677000260576], [11.578823514978428, 52.58862069100099], [11.577336391121364, 52.58939614826646], [11.579758007910675, 52.59185416266548], [11.583294021451978, 52.59084714890319], [11.586655444702863, 52.59142296274298], [11.587083634089527, 52.59400691500655], [11.583838019363808, 52.59753905374449], [11.580655019460217, 52.59839118522395], [11.579539534322457, 52.601441243090484], [11.58068183339436, 52.60218613433945], [11.584850054786534, 52.59896252815426], [11.587570536307213, 52.59915250635685], [11.58916750752509, 52.60053547277182], [11.58805795052467, 52.601309182080946], [11.590303067156123, 52.6005751181575], [11.587196538172323, 52.602693358319115], [11.587754277463931, 52.60386649603278], [11.591211194931939, 52.6036046135176], [11.591044874497385, 52.60581591021151], [11.588834155514666, 52.60555660731054], [11.588983712901374, 52.61675939834498], [11.564231414485242, 52.61374486881011], [11.552008499612308, 52.61456683771008], [11.550919028697622, 52.61605830306091], [11.538294717945377, 52.61737785622016], [11.534687156967662, 52.61693152171691], [11.535794980517464, 52.61585022333719], [11.532836410939323, 52.61515105025456], [11.522884136991827, 52.6158122237431], [11.516243631419306, 52.61179690792232], [11.509786934371816, 52.61080939000144], [11.506809821320312, 52.60802079032077], [11.492460478198602, 52.60737953033119], [11.493190623906182, 52.603477572471306], [11.487071602674567, 52.602121451784726], [11.486416812857245, 52.60690124702863], [11.47115905950027, 52.60918485274348], [11.468138514593967, 52.605120691799755], [11.464576087647862, 52.60459348297395], [11.460539455735539, 52.606698209684524], [11.457340137321614, 52.60499486465314], [11.450938061496702, 52.6069946676328], [11.45235887854178, 52.61138036893757], [11.44851719182925, 52.612441797888096], [11.439966728285695, 52.61241920060824], [11.440127781592567, 52.61549789636378], [11.438526869897121, 52.61505053884683], [11.438925421282466, 52.61089278852191], [11.420697975919875, 52.61078763316624], [11.418603462094266, 52.614237361950785], [11.414583108882434, 52.61639885565191], [11.416469599453274, 52.61837178230562], [11.398341879542254, 52.61991962664419], [11.398379917597726, 52.622164007396286], [11.396908625245635, 52.62248708611886], [11.404419442227422, 52.62905999694204], [11.415284113785685, 52.6347609484108], [11.41643297999454, 52.63679102848897], [11.410335662828299, 52.63853948868328], [11.416437626186825, 52.63679808926944], [11.421047355144976, 52.64149463613881], [11.424514493692552, 52.64197452461967], [11.42167957742747, 52.637080108233974], [11.437086064138798, 52.636902789610595], [11.454467485520146, 52.63839019776868], [11.45698566204898, 52.63901160218016], [11.454720698528087, 52.644532686824626], [11.461706125280886, 52.64305513626923], [11.465045368387448, 52.64388987365173], [11.466764214683408, 52.6459900926804], [11.471420033753118, 52.646490654445714], [11.47423882481366, 52.6494033099004], [11.47950059458652, 52.651223243995666], [11.490905522651309, 52.6519253325608], [11.482959037734856, 52.66952485241793], [11.480825437133085, 52.671732008700886], [11.474451202736365, 52.67244995993051], [11.473410349688168, 52.67433778331629], [11.478409778640932, 52.680802866545754], [11.473989902754136, 52.68735480619595], [11.48313711733132, 52.69093565780355], [11.485342824373436, 52.68766950207234], [11.516910384195189, 52.70333022197245], [11.523390928982263, 52.712135201004], [11.521772206947729, 52.716357453116174], [11.523579022126135, 52.72088675567775], [11.520573921799494, 52.725224621659926], [11.521419031473545, 52.73388179623015], [11.523164749117736, 52.733600233092865], [11.523961448605654, 52.73464183383306], [11.521451998630669, 52.73762956430082], [11.522745869949935, 52.74243196874643], [11.528526401715379, 52.7454876956774], [11.528462806078945, 52.74690713614446], [11.539880271880127, 52.748437712333114], [11.543441064878612, 52.75185340028529], [11.554545026242376, 52.756235560664706], [11.557612108149486, 52.76055191568923]]]}}, {"type": "Feature", "properties": {"wkr": 10, "wkr_name": "Magdeburg I"}, "geometry": {"type": "Polygon", "coordinates": [[[11.687383101977174, 52.18701209035496], [11.683123985237412, 52.17801055987968], [11.678694721297337, 52.15968286186565], [11.653626265370386, 52.13613765390189], [11.647259101033242, 52.13790728158602], [11.630116090107654, 52.13918500389467], [11.632241332414711, 52.14184284785358], [11.62849898772569, 52.14219962340228], [11.628199946085875, 52.15181494676607], [11.61354894189947, 52.15146240844431], [11.61314932871657, 52.155433423730095], [11.609831123530546, 52.15392166591987], [11.605276867068408, 52.155083867111586], [11.603159668996646, 52.158213295493034], [11.610315738385516, 52.15866847988707], [11.609858612050965, 52.165838711312354], [11.590732006323307, 52.17335919544265], [11.58401166883054, 52.17750558502207], [11.62256220306507, 52.18729669624773], [11.624990230652918, 52.187058964707255], [11.625188591831112, 52.188296728557546], [11.6462786746184, 52.199913335652624], [11.635947663261005, 52.22833924128122], [11.661241708554506, 52.227881983688405], [11.674641102343841, 52.22649063302889], [11.67542517747349, 52.221982888050356], [11.688655686197134, 52.20635071109793], [11.689568505557515, 52.19896492858684], [11.705149990675086, 52.199480172143005], [11.693979711332501, 52.19336249445974], [11.687383101977174, 52.18701209035496]]]}}, {"type": "Feature", "properties": {"wkr": 12, "wkr_name": "Magdeburg III"}, "geometry": {"type": "Polygon", "coordinates": [[[11.533562052481216, 52.10311174294137], [11.536207307300756, 52.10936481818669], [11.535721827880545, 52.114628470929084], [11.540353153737149, 52.11564568599114], [11.538308771173881, 52.11962615792598], [11.546633779377748, 52.14234335886286], [11.56090494725703, 52.14206724062151], [11.560109352054035, 52.150200481665614], [11.558164894722037, 52.1499773251524], [11.5577286481692, 52.15443508516304], [11.55224302620454, 52.15305454598565], [11.552318418025934, 52.1567426971246], [11.55415893379383, 52.15870732679634], [11.560640287418822, 52.15813175231613], [11.56106228855282, 52.16837718415104], [11.569594283494782, 52.166990333440246], [11.569875218844796, 52.17369728148628], [11.58401166883054, 52.17750558502207], [11.590732006323307, 52.17335919544265], [11.609858612050965, 52.165838711312354], [11.610315738385516, 52.15866847988707], [11.603159668996646, 52.158213295493034], [11.605276867068408, 52.155083867111586], [11.609831123530546, 52.15392166591987], [11.61314932871657, 52.155433423730095], [11.61354894189947, 52.15146240844431], [11.628199946085875, 52.15181494676607], [11.62849898772569, 52.14219962340228], [11.632241332414711, 52.14184284785358], [11.630116090107654, 52.13918500389467], [11.624590205081896, 52.141495266260115], [11.613307505692767, 52.142213827151565], [11.60100581717806, 52.14249648937074], [11.594589200889855, 52.1413332882226], [11.603200290902631, 52.13717447898962], [11.60563244211901, 52.119738474857726], [11.610912406790593, 52.11865054524253], [11.621131011439113, 52.118764620305114], [11.618369108119893, 52.115646162677194], [11.608515366728597, 52.11061704838001], [11.604137691628232, 52.102208398941784], [11.593222249248013, 52.103717139109804], [11.592185332269915, 52.09898627972893], [11.576487773531127, 52.10005447270473], [11.574923113458333, 52.103464005662445], [11.533562052481216, 52.10311174294137]]]}}, {"type": "Feature", "properties": {"wkr": 13, "wkr_name": "Magdeburg IV"}, "geometry": {"type": "Polygon", "coordinates": [[[11.530063404430475, 52.102762007225294], [11.574923113458333, 52.103464005662445], [11.576487773531127, 52.10005447270473], [11.592185332269915, 52.09898627972893], [11.593222249248013, 52.103717139109804], [11.604137691628232, 52.102208398941784], [11.608515366728597, 52.11061704838001], [11.618369108119893, 52.115646162677194], [11.621131011439113, 52.118764620305114], [11.625811563962795, 52.11247949301245], [11.629916103729887, 52.11392137972312], [11.630613212407596, 52.11612542707348], [11.636377233970306, 52.1164218981525], [11.645338146564692, 52.10754278909433], [11.66583104438706, 52.10356721752115], [11.674992798257833, 52.096007541193885], [11.677942633014046, 52.0895987244697], [11.676586337318865, 52.07535920700325], [11.690522862696032, 52.051997392449515], [11.694601794218505, 52.04994075447212], [11.68020380123548, 52.043756188447276], [11.680279797472439, 52.04266722545174], [11.674627136139321, 52.04187614422213], [11.672919852942902, 52.03959873967997], [11.663525679554171, 52.037666610230424], [11.664561657781851, 52.035728334530056], [11.661440964388538, 52.03577982346856], [11.663628663415007, 52.034925033850726], [11.66155797206823, 52.033927967730335], [11.659877883686981, 52.035531703618965], [11.661675017920125, 52.032784166804994], [11.651790097117933, 52.028177642708485], [11.650791110899798, 52.02895651092967], [11.645875828541326, 52.02374751653138], [11.63570919222771, 52.036309426633466], [11.627704336395148, 52.0365515120775], [11.622933294490133, 52.051326163954684], [11.614837894560475, 52.05127366292275], [11.61355909878091, 52.05597950371993], [11.608590050805587, 52.05608533893516], [11.607297926449482, 52.058658739836716], [11.60315585372227, 52.05999408119923], [11.60270128034425, 52.067534413211135], [11.600503671105512, 52.06750045581975], [11.599910992077659, 52.06977969069648], [11.566681061106596, 52.06598325619963], [11.560238257243054, 52.068680301333096], [11.554277928618273, 52.069419981273434], [11.54608036024212, 52.061694885625194], [11.525083386464319, 52.0651080669934], [11.520918732233469, 52.06720579671283], [11.521076853100334, 52.072156742888076], [11.517238604718328, 52.07867117722003], [11.525650390698884, 52.080734298325474], [11.532897788416351, 52.09381281608854], [11.530063404430475, 52.102762007225294]]]}}, {"type": "Feature", "properties": {"wkr": 20, "wkr_name": "Schönebeck"}, "geometry": {"type": "Polygon", "coordinates": [[[11.867837179789436, 51.8493550732251], [11.857186888522255, 51.83779713901148], [11.828930948380965, 51.859236396741366], [11.83074025020812, 51.86444327140664], [11.828996777031428, 51.86481528811318], [11.83038691955538, 51.867683997573664], [11.828387660235283, 51.86804356608275], [11.829775658428442, 51.8705613513814], [11.815806838977288, 51.87705378755061], [11.814099961398275, 51.87272282413045], [11.783274684522901, 51.88101513958978], [11.775753856498751, 51.87973589538634], [11.769387391636249, 51.8763676182202], [11.7648190801387, 51.868679230932806], [11.76474954258506, 51.86340414562827], [11.725166904508214, 51.86736086240484], [11.725537069326572, 51.868717559508255], [11.717897402734256, 51.870103166874614], [11.718047386310266, 51.871572179768066], [11.71353830513168, 51.87175656176805], [11.7149979761099, 51.875010223412175], [11.715944227850839, 51.876668112279674], [11.719136632617001, 51.87610949721513], [11.728511387811578, 51.88192042342709], [11.733813998188806, 51.893646853735284], [11.735469798415592, 51.90178480722779], [11.743605279923726, 51.90149568812943], [11.742827011704867, 51.9036874301263], [11.72434798997522, 51.9052520309392], [11.725860413738289, 51.90701187833506], [11.70837401954317, 51.910854875513614], [11.707126281793103, 51.91367320660507], [11.698990128806027, 51.9132500005147], [11.700334955390906, 51.92110662769019], [11.699709119997028, 51.92778350475728], [11.697528354304009, 51.93099931301336], [11.674343007778988, 51.93191650578546], [11.671670074829727, 51.92586438841455], [11.664019803586333, 51.92678864580619], [11.661450139401566, 51.92030243499424], [11.65150519371766, 51.92651277821711], [11.641861632681076, 51.927126836993196], [11.642375666905854, 51.92943313604008], [11.62281364792336, 51.931240036382974], [11.627714329165896, 51.943291560747], [11.629953837826083, 51.943624918846155], [11.630631336332192, 51.946382388519524], [11.618450678774165, 51.94864269917517], [11.619323711940826, 51.95285874481042], [11.60851360548977, 51.95253019580814], [11.608217346723546, 51.95742890605115], [11.603188645715372, 51.96948150942036], [11.606255454474805, 51.99163092558589], [11.604251503891934, 52.01194165995493], [11.601525953071413, 52.01970975881623], [11.60368708131843, 52.01969523556292], [11.604869125638881, 52.02169460861917], [11.623879177402978, 52.02148013085652], [11.619956587029264, 52.02975849215183], [11.640982448752775, 52.030259844495156], [11.645875828541326, 52.02374751653138], [11.650791110899798, 52.02895651092967], [11.651790097117933, 52.028177642708485], [11.661675017920125, 52.032784166804994], [11.659877883686981, 52.035531703618965], [11.66155797206823, 52.033927967730335], [11.663628663415007, 52.034925033850726], [11.661440964388538, 52.03577982346856], [11.664561657781851, 52.035728334530056], [11.663525679554171, 52.037666610230424], [11.672919852942902, 52.03959873967997], [11.674627136139321, 52.04187614422213], [11.680279797472439, 52.04266722545174], [11.68020380123548, 52.043756188447276], [11.694601794218505, 52.04994075447212], [11.708397070232344, 52.04180449239861], [11.7133022811532, 52.044838839639226], [11.721489521634854, 52.03961875586616], [11.726232099508287, 52.03947061366972], [11.73349097801356, 52.04220057279995], [11.732851230361703, 52.044648874531774], [11.741558432298875, 52.04704977929585], [11.732975775041455, 52.05105206889664], [11.732993138400397, 52.05443200828378], [11.737115065867565, 52.05523912571558], [11.742385305341577, 52.05305380205139], [11.746077525883027, 52.05310461958843], [11.748754852006122, 52.056202016316924], [11.748857299396647, 52.06241108875827], [11.75657445590986, 52.06420744216189], [11.754563639401214, 52.07006199401918], [11.748833052345102, 52.07266106313443], [11.752659554404056, 52.07351981187998], [11.762453391615765, 52.07307977199075], [11.765732176726393, 52.06880907108561], [11.770455351297507, 52.06708876153872], [11.773290683931918, 52.06715051735607], [11.77600672002772, 52.06997424723874], [11.780456558554869, 52.06736135014186], [11.783487685674325, 52.06836266912993], [11.798422492180357, 52.067826048448836], [11.800912236111992, 52.06858767700837], [11.8106916720914, 52.06545550914618], [11.81493230189961, 52.06257884360218], [11.83377660843064, 52.06329071411891], [11.849554129146187, 52.056784147506946], [11.848391166249531, 52.05610443621792], [11.854056977269884, 52.05186253831365], [11.848859906637683, 52.04940591383563], [11.847850768348247, 52.04311060197232], [11.842216107440795, 52.04279725928494], [11.836425887370568, 52.04417599169014], [11.838659514337639, 52.04183709875006], [11.836943693456783, 52.03720521080283], [11.842218047761165, 52.03503760684936], [11.848461572425622, 52.03430905948437], [11.850231709333572, 52.02906988232622], [11.857818836887816, 52.02776134047115], [11.861875659971163, 52.02583856420816], [11.869817397552488, 52.02688048495813], [11.875656130398385, 52.02553892311166], [11.887760673215935, 52.013184438429], [11.891251665773474, 52.00258129902309], [11.883577109259383, 51.98775041730674], [11.883624815084179, 51.98045667066034], [11.885954269269808, 51.97638754411443], [11.90198355538133, 51.9660241674276], [11.913408646493734, 51.955780973621955], [11.927109717982667, 51.95035367359238], [11.934100396597705, 51.94560374769353], [11.947681576839683, 51.93282362957819], [11.96542261568158, 51.925460001204385], [11.967289942210423, 51.923460588378155], [11.967394370767357, 51.91650659747023], [11.969553027905624, 51.91253271217306], [12.013475179487981, 51.88837783654612], [12.018492979861502, 51.88350349079298], [12.020055352721899, 51.879091281423534], [12.019281190219036, 51.87352012135535], [12.017083771201035, 51.873246999144406], [12.01003895920953, 51.8779505782159], [12.004154778802764, 51.879480840956894], [12.001660628730276, 51.87877209521475], [11.995769243964927, 51.87188912286451], [11.987560778345307, 51.872261112139505], [11.988687158082202, 51.873599789333156], [11.981492230522958, 51.87588655894865], [11.978312673107657, 51.873145124659324], [11.973285628046085, 51.87276187998678], [11.977140208549365, 51.86908248543857], [11.966774904890356, 51.86701505543355], [11.958933474578533, 51.86904329326363], [11.94915129345545, 51.87602652709387], [11.93843739412259, 51.87759169153601], [11.93716343662349, 51.88155013729086], [11.92504298533911, 51.881115508896734], [11.92191369973297, 51.87937203075959], [11.927168896063149, 51.874609227274924], [11.92014334293644, 51.87271879538836], [11.917979650186176, 51.87325406888508], [11.91561247761231, 51.87099834526632], [11.909961967846643, 51.87184381147097], [11.911850868868989, 51.866355073006545], [11.889733349212408, 51.859170990537514], [11.880977609392389, 51.8548187217933], [11.878863860635004, 51.856726848116395], [11.873266630765343, 51.854290471408156], [11.869183491675141, 51.85053912334473], [11.865908160755119, 51.852921333000175], [11.864116756105975, 51.850378615799364], [11.867837179789436, 51.8493550732251]]]}}, {"type": "Feature", "properties": {"wkr": 9, "wkr_name": "Oschersleben-Wanzleben"}, "geometry": {"type": "Polygon", "coordinates": [[[11.533562052481216, 52.10311174294137], [11.530063404430475, 52.102762007225294], [11.532897788416351, 52.09381281608854], [11.525650390698884, 52.080734298325474], [11.517238604718328, 52.07867117722003], [11.521076853100334, 52.072156742888076], [11.520918732233469, 52.06720579671283], [11.525083386464319, 52.0651080669934], [11.54608036024212, 52.061694885625194], [11.554277928618273, 52.069419981273434], [11.560238257243054, 52.068680301333096], [11.566681061106596, 52.06598325619963], [11.599910992077659, 52.06977969069648], [11.600503671105512, 52.06750045581975], [11.60270128034425, 52.067534413211135], [11.60315585372227, 52.05999408119923], [11.607297926449482, 52.058658739836716], [11.608590050805587, 52.05608533893516], [11.61355909878091, 52.05597950371993], [11.614837894560475, 52.05127366292275], [11.622933294490133, 52.051326163954684], [11.627704336395148, 52.0365515120775], [11.63570919222771, 52.036309426633466], [11.64027131019251, 52.03024290901085], [11.619956587029264, 52.02975849215183], [11.623879177402978, 52.02148013085652], [11.604869125638881, 52.02169460861917], [11.60368708131843, 52.01969523556292], [11.601525953071413, 52.01970975881623], [11.604251503891934, 52.01194165995493], [11.606255454474805, 51.99163092558589], [11.603188645715372, 51.96948150942036], [11.597048715000614, 51.96579648418263], [11.573608066778405, 51.96756379509056], [11.527171037664575, 51.964061836019944], [11.52083646960526, 51.96251947532462], [11.520608755512667, 51.96349187972071], [11.516511365175973, 51.96336293904682], [11.516479550510596, 51.96233360194077], [11.508716803913199, 51.96286809645893], [11.50967641577236, 51.9659876477155], [11.505453979523153, 51.96757837642792], [11.505703781810743, 51.96849203714782], [11.491422492940579, 51.97250448329303], [11.493378235839497, 51.97601902849409], [11.482246581615534, 51.97828316828446], [11.481508959634938, 51.98164760378734], [11.458866449198068, 51.98500814416223], [11.459194563579446, 51.98819192089667], [11.450437143540265, 51.98814108753185], [11.449970176957388, 51.99146194731754], [11.447283994845382, 51.99137154272604], [11.44676759705781, 52.00675221973963], [11.426467086948806, 52.005865146293395], [11.425919203934672, 52.004440425576995], [11.413600516528732, 52.00468940358933], [11.413007755402427, 52.00082896968896], [11.409542693715567, 52.00118905245127], [11.405113644002563, 51.989404758451876], [11.402897197374376, 51.98654899742119], [11.401532242396632, 51.98712321778546], [11.400302449865922, 51.986148034883605], [11.399792831703767, 51.98361080655548], [11.40142178772375, 51.98212414831916], [11.397864930064612, 51.979483190069594], [11.395298740828053, 51.980689462494894], [11.393612561681142, 51.979606629657816], [11.384968980379586, 51.98142486689843], [11.384429675546677, 51.97941846350665], [11.379456328833927, 51.98318446613577], [11.374473543925337, 51.97925226198002], [11.374704700540496, 51.97589809786006], [11.371837834127064, 51.974297116347344], [11.36549546722408, 51.97959929071526], [11.359166517479268, 51.97599579913233], [11.34472816949588, 51.96233413472677], [11.352809433793142, 51.960744528954784], [11.349256060152824, 51.95343334669733], [11.352871055286803, 51.95251810702802], [11.351829960167763, 51.950439040219756], [11.36531917647628, 51.94875844265515], [11.360845945083716, 51.94048506133227], [11.373068547445559, 51.94055263021032], [11.37332921520124, 51.93346952804882], [11.36257153291293, 51.933756068918406], [11.360436391452751, 51.93040899471404], [11.365651324908582, 51.928620975947], [11.353284916754756, 51.91710318243993], [11.354781236463063, 51.91461582076862], [11.346295279768645, 51.91349508326036], [11.341057834812805, 51.90173183820869], [11.340136491948549, 51.90419092300909], [11.333185605294736, 51.90605496463962], [11.327529721058859, 51.90342904380675], [11.325305332955885, 51.899953524918075], [11.315792371394428, 51.904068175143486], [11.311332397421193, 51.899729546031985], [11.298451512089613, 51.904569772374444], [11.299968988813552, 51.90865674038429], [11.296920096649535, 51.909760483186645], [11.294684401022183, 51.906830697131106], [11.296476994594926, 51.905244415393874], [11.282167412715392, 51.90534992746604], [11.273776831064595, 51.90814312859915], [11.274891677068435, 51.90512484875151], [11.269190062439153, 51.90188032413573], [11.259353065693888, 51.90310477516587], [11.259698267247797, 51.89855043704175], [11.272200098709535, 51.89674804242652], [11.27621730021111, 51.89755097635186], [11.277758858794867, 51.89475551147562], [11.273913661168352, 51.8928499270618], [11.272144656212882, 51.89332470138869], [11.272199253067173, 51.895630973549856], [11.261178464943452, 51.89347461223126], [11.260522219345532, 51.89528364558945], [11.258084207227384, 51.89527635394447], [11.25721107150287, 51.89674018729189], [11.251801761355603, 51.897270485089486], [11.24963749670135, 51.901468198382815], [11.226346639404712, 51.908697501332234], [11.222417515308038, 51.91912640934645], [11.210299435108627, 51.91742211199401], [11.208345431933381, 51.92275618493086], [11.198807896549416, 51.92612255107255], [11.194848942831802, 51.92622023880708], [11.193938114923302, 51.92438466128017], [11.190758786786741, 51.92653370366015], [11.185742762095941, 51.92380632628161], [11.186953167126063, 51.92240110276036], [11.183189767221842, 51.92068951771575], [11.182212278706823, 51.9219842148976], [11.179607489988438, 51.92198365063852], [11.180748974604228, 51.92053935897268], [11.17853834296105, 51.92073047954992], [11.180271744317695, 51.91937770486274], [11.175008747725656, 51.917008322742], [11.17040446869133, 51.92079124828226], [11.16593662047347, 51.92608170282023], [11.160555941509601, 51.93822146974909], [11.165599318050626, 51.94424551360879], [11.171536526208774, 51.94568917599268], [11.174738570295798, 51.948971717290256], [11.17396300652977, 51.949821488487814], [11.177435811482672, 51.95031119277721], [11.177317836591147, 51.95319060102928], [11.180374453941596, 51.95576799135261], [11.174012668236218, 51.95794157724108], [11.17518018986955, 51.96086849279076], [11.179700206669713, 51.959453353024806], [11.180324312581073, 51.96040478393918], [11.176259536903519, 51.961733967887035], [11.175309716728508, 51.9656273236268], [11.170462376484902, 51.96720912001098], [11.155108141216406, 51.965743129516135], [11.152838452591142, 51.96905950484069], [11.14996853732798, 51.96908777010181], [11.150403483872113, 51.97130602031434], [11.158160589417339, 51.97433042505485], [11.16226840725828, 51.979969853421856], [11.162135837305485, 51.98130592898661], [11.151279801760403, 51.984829212399255], [11.153977991788896, 51.997990617475004], [11.152851194650436, 52.00036266356043], [11.109781796620911, 52.000152068573264], [11.10769393353785, 52.002702294906314], [11.098129106128376, 52.00333545396331], [11.098095586543616, 52.005255284616105], [11.093327253360812, 52.006489173748335], [11.094180499116977, 52.01172558660829], [11.084659321975115, 52.01147031670926], [11.083768239831246, 52.026864510238134], [11.078578331035889, 52.02581609962973], [11.074338042862234, 52.0234340531894], [11.069324580895131, 52.02375037463892], [11.067120382114606, 52.02868473718878], [11.070151887256785, 52.037846979594335], [11.062031993556333, 52.0397316973858], [11.061931157246994, 52.03707000625688], [11.057584443673841, 52.03693623305605], [11.025447684449022, 52.04023752571141], [11.014647720851036, 52.04660108657516], [11.017081132439767, 52.048151851728136], [11.021862301856185, 52.063077693628394], [11.038436596897924, 52.066852879517654], [11.045359199911378, 52.06594758495127], [11.05022817760329, 52.06686552721715], [11.058144192847728, 52.076210296408505], [11.053752402596649, 52.07757154362163], [11.055647301518617, 52.08328082152832], [11.057592281009764, 52.08323412318626], [11.05437508657626, 52.084094043721045], [11.055179942397073, 52.08875633367693], [11.058991198283431, 52.08759021859871], [11.059301314452295, 52.09216363907677], [11.07557023175944, 52.091300840369556], [11.07744690525272, 52.1005507587336], [11.076420298938118, 52.0986200628846], [11.069976001163345, 52.09785224008597], [11.069959589150573, 52.10128434541779], [11.067960818254429, 52.10129489478521], [11.068842060167903, 52.106398673263364], [11.076845446094454, 52.10407817710205], [11.077974880414253, 52.112375189197415], [11.112515695551346, 52.11256433899164], [11.114711719884346, 52.11297366783926], [11.114300324593865, 52.1144100915606], [11.118898226556238, 52.114871664536786], [11.119166402213343, 52.1186829381687], [11.123354647747362, 52.119350269011946], [11.12197845810968, 52.12142853633229], [11.125521167382859, 52.122746176869335], [11.147168805829303, 52.125082964973956], [11.160876800940958, 52.12363482133546], [11.161098607490782, 52.12281062291837], [11.165996730515175, 52.123067848562535], [11.165556755769273, 52.12035661057391], [11.168291315842074, 52.11514011497616], [11.174395302547499, 52.113724165228874], [11.174441899672589, 52.11174831064519], [11.178184117075116, 52.110826152254845], [11.182484645742331, 52.10700420823706], [11.190626509266089, 52.10908925462415], [11.194470163458137, 52.10601488240493], [11.204116352959131, 52.104395043476984], [11.202844087741195, 52.106281569092495], [11.213952968479033, 52.1065237646988], [11.223179323886288, 52.115967853386415], [11.226363721976474, 52.11600014840579], [11.229076076168978, 52.11856421263072], [11.223900084119023, 52.12123479010986], [11.226740190816356, 52.120497937589626], [11.230378690935309, 52.12452144111778], [11.234115198062609, 52.125824589083905], [11.239753711658663, 52.121762435212055], [11.249611710785357, 52.12447331174987], [11.246494078126265, 52.12103287769117], [11.249457400652481, 52.11756241381074], [11.256394080255632, 52.117905350122044], [11.256780963103079, 52.113654755448806], [11.264660212211432, 52.11171285211562], [11.266460430326983, 52.11450964007466], [11.270743433882673, 52.11453122643956], [11.271441934875794, 52.11786742018639], [11.275393772470242, 52.118764122832324], [11.275975570903313, 52.12228862488005], [11.27759169304623, 52.12023349750796], [11.292085801308017, 52.12295479191698], [11.29633691378192, 52.124762000984326], [11.295810751363645, 52.128311632778065], [11.292149923347157, 52.12855826625894], [11.292557476519827, 52.1340441291853], [11.285446966444745, 52.137595167067545], [11.27853007948286, 52.14404040429426], [11.280037018241535, 52.14747197119419], [11.290099150471422, 52.14869119197236], [11.289979304661607, 52.14644033085543], [11.295630031751529, 52.146071806403945], [11.297698983093538, 52.144834330652756], [11.297052401020695, 52.15077168212125], [11.303849373893625, 52.15024173298082], [11.309217318825466, 52.14746170373932], [11.319002761708742, 52.14666378400601], [11.321248887594306, 52.146875177455605], [11.320734695633435, 52.14832451080519], [11.324573051571253, 52.148759471559984], [11.325220377433892, 52.151002588547016], [11.329220031402677, 52.1499652578603], [11.3279555846232, 52.14772688906903], [11.329405829214208, 52.14677811907072], [11.340126786108677, 52.14421006033736], [11.357942783347275, 52.1361109197681], [11.36140293271151, 52.136554314447444], [11.361050472250426, 52.138005061862685], [11.378772244892515, 52.14000616834347], [11.383047752522428, 52.1410085951998], [11.382285387360207, 52.141790538746726], [11.393685600657523, 52.1417782615293], [11.409437970953078, 52.144125251958855], [11.410173139109807, 52.140750252049735], [11.413362619092897, 52.141362926287634], [11.412075155922345, 52.135131332064375], [11.40827614700072, 52.13267654323813], [11.408751186823629, 52.12821819467996], [11.405851271954221, 52.127958493811036], [11.405965646559423, 52.12700355671163], [11.417599850786019, 52.12686919452083], [11.419188956556699, 52.124484593619066], [11.423229309370576, 52.12629983878304], [11.42750141605128, 52.12658646064972], [11.426939196385678, 52.12791023617163], [11.429377147690827, 52.12899871788736], [11.436886798498945, 52.128840194989735], [11.437212040510374, 52.12961025377693], [11.448148407371054, 52.127768309133465], [11.46349473835626, 52.13182994489912], [11.473270978156325, 52.11244714045304], [11.491561383468559, 52.11759782448208], [11.502703402331491, 52.11826700871608], [11.50436691592568, 52.119693785525136], [11.511252665044577, 52.120448473942005], [11.513412822294352, 52.11756400226772], [11.536089996555408, 52.115219309872515], [11.533562052481216, 52.10311174294137]]]}}, {"type": "Feature", "properties": {"wkr": 19, "wkr_name": "Staßfurt"}, "geometry": {"type": "MultiPolygon", "coordinates": [[[[11.341057834812805, 51.90173183820869], [11.339195337960437, 51.90447768411614], [11.340819207258198, 51.90364984880268], [11.341057834812805, 51.90173183820869]]], [[[11.341057834812805, 51.90173183820869], [11.346295279768645, 51.91349508326036], [11.354781236463063, 51.91461582076862], [11.353284916754756, 51.91710318243993], [11.365651324908582, 51.928620975947], [11.360436391452751, 51.93040899471404], [11.36257153291293, 51.933756068918406], [11.37332921520124, 51.93346952804882], [11.373068547445559, 51.94055263021032], [11.360845945083716, 51.94048506133227], [11.36531917647628, 51.94875844265515], [11.351829960167763, 51.950439040219756], [11.352871055286803, 51.95251810702802], [11.349256060152824, 51.95343334669733], [11.352809433793142, 51.960744528954784], [11.34472816949588, 51.96233413472677], [11.359166517479268, 51.97599579913233], [11.36549546722408, 51.97959929071526], [11.371837834127064, 51.974297116347344], [11.374704700540496, 51.97589809786006], [11.374473543925337, 51.97925226198002], [11.379456328833927, 51.98318446613577], [11.384429675546677, 51.97941846350665], [11.384968980379586, 51.98142486689843], [11.393612561681142, 51.979606629657816], [11.395298740828053, 51.980689462494894], [11.397864930064612, 51.979483190069594], [11.40142178772375, 51.98212414831916], [11.399792831703767, 51.98361080655548], [11.400302449865922, 51.986148034883605], [11.401532242396632, 51.98712321778546], [11.402897197374376, 51.98654899742119], [11.405113644002563, 51.989404758451876], [11.409542693715567, 52.00118905245127], [11.413007755402427, 52.00082896968896], [11.413600516528732, 52.00468940358933], [11.425919203934672, 52.004440425576995], [11.426467086948806, 52.005865146293395], [11.43602583962099, 52.00584413968567], [11.436537181031003, 52.00697691565133], [11.44676759705781, 52.00675221973963], [11.447283994845382, 51.99137154272604], [11.449970176957388, 51.99146194731754], [11.450437143540265, 51.98814108753185], [11.459194563579446, 51.98819192089667], [11.458866449198068, 51.98500814416223], [11.481508959634938, 51.98164760378734], [11.482246581615534, 51.97828316828446], [11.493378235839497, 51.97601902849409], [11.491422492940579, 51.97250448329303], [11.505703781810743, 51.96849203714782], [11.505453979523153, 51.96757837642792], [11.50967641577236, 51.9659876477155], [11.508716803913199, 51.96286809645893], [11.516479550510596, 51.96233360194077], [11.516511365175973, 51.96336293904682], [11.520608755512667, 51.96349187972071], [11.52083646960526, 51.96251947532462], [11.527171037664575, 51.964061836019944], [11.573608066778405, 51.96756379509056], [11.597048715000614, 51.96579648418263], [11.603188645715372, 51.96948150942036], [11.608217346723546, 51.95742890605115], [11.60851360548977, 51.95253019580814], [11.619323711940826, 51.95285874481042], [11.618450678774165, 51.94864269917517], [11.630631336332192, 51.946382388519524], [11.629953837826083, 51.943624918846155], [11.627714329165896, 51.943291560747], [11.62281364792336, 51.931240036382974], [11.642375666905854, 51.92943313604008], [11.641861632681076, 51.927126836993196], [11.65150519371766, 51.92651277821711], [11.661450139401566, 51.92030243499424], [11.664019803586333, 51.92678864580619], [11.671670074829727, 51.92586438841455], [11.674343007778988, 51.93191650578546], [11.697528354304009, 51.93099931301336], [11.699709119997028, 51.92778350475728], [11.700334955390906, 51.92110662769019], [11.698990128806027, 51.9132500005147], [11.707126281793103, 51.91367320660507], [11.70837401954317, 51.910854875513614], [11.725860413738289, 51.90701187833506], [11.72434798997522, 51.9052520309392], [11.742827011704867, 51.9036874301263], [11.743605279923726, 51.90149568812943], [11.735469798415592, 51.90178480722779], [11.733813998188806, 51.893646853735284], [11.728511387811578, 51.88192042342709], [11.719136632617001, 51.87610949721513], [11.715944227850839, 51.876668112279674], [11.713318228767273, 51.871310757091734], [11.694517770389593, 51.871317963411926], [11.691756481497155, 51.86965171670175], [11.687788983959615, 51.876525757037435], [11.68736039327579, 51.8736772243285], [11.674211334373549, 51.86836713522072], [11.692547244397595, 51.85937475963249], [11.691191832389288, 51.855923985375604], [11.693394785090414, 51.85557588811343], [11.675864752624838, 51.85360154518545], [11.664872319410822, 51.85693083336961], [11.664484570192341, 51.85525575709888], [11.669367394013852, 51.85434137903678], [11.667452020717493, 51.84049822302012], [11.660239452584968, 51.83234959622687], [11.658451543916778, 51.83259953164401], [11.664142052112025, 51.82702459804526], [11.651556994444572, 51.82439282628182], [11.650935874886493, 51.820346680821096], [11.641046547449424, 51.820962542747615], [11.6442107590856, 51.8105381835473], [11.628746268165864, 51.81172078672323], [11.627901319310068, 51.810491123194076], [11.61206996668759, 51.81308459570785], [11.605296734439127, 51.81705695212709], [11.601564512445865, 51.82937393156792], [11.595177515111612, 51.82907757037652], [11.594441257537094, 51.82117737508192], [11.594051299949722, 51.82236506770733], [11.58728799320212, 51.82275961877654], [11.578650583271294, 51.81125881204188], [11.570254167931513, 51.810749028938716], [11.569774894876739, 51.80423194646389], [11.55154168659284, 51.806126865904645], [11.54911608063467, 51.79853913398485], [11.534726972481268, 51.79898483093255], [11.52833228327261, 51.79756326220441], [11.529014308497114, 51.79969212446095], [11.512693389569097, 51.80219635880746], [11.513734942431263, 51.806024194993164], [11.508369872006874, 51.806298393670104], [11.511532443478945, 51.81013666674783], [11.51478688125028, 51.810102916854426], [11.48941009967683, 51.816390955933585], [11.49031428805074, 51.82396455728586], [11.487181849408634, 51.82385169181041], [11.4866726088652, 51.829823515641024], [11.488031627644013, 51.83012825081751], [11.488150817631519, 51.83431191154471], [11.48463259210378, 51.834663731499774], [11.485321776892627, 51.83749038115991], [11.483552609514946, 51.840300514864154], [11.47604445340491, 51.8399167774458], [11.473961169180832, 51.8461629066946], [11.464815418839851, 51.847968770165956], [11.465631583211614, 51.850593858200526], [11.453596788695734, 51.848831369676574], [11.453982265591756, 51.846971395758814], [11.432792258915155, 51.84264581877716], [11.430863393173016, 51.84427604940021], [11.41894865305086, 51.84124613093955], [11.409778066385199, 51.845558956811466], [11.406599922956284, 51.84159077676024], [11.40277242248529, 51.84190770718952], [11.400629659127937, 51.83773965982783], [11.386004125789835, 51.84075221744417], [11.38804866724896, 51.845066691905274], [11.381530371068822, 51.846393122210145], [11.383701312469722, 51.850677881757704], [11.376906099233876, 51.85748565310968], [11.378502433464021, 51.86266250800805], [11.372502781987649, 51.862624338315534], [11.366580589539689, 51.866168304140544], [11.368753899097111, 51.87059263896439], [11.351345035624114, 51.86986444626265], [11.3501059806361, 51.87685040061719], [11.344651101305935, 51.87545275665114], [11.338456485266477, 51.87948622567927], [11.334371397020481, 51.8848076965282], [11.328357725960709, 51.88725148965836], [11.341057834812805, 51.90173183820869]]]]}}, {"type": "Feature", "properties": {"wkr": 21, "wkr_name": "Bernburg"}, "geometry": {"type": "Polygon", "coordinates": [[[11.48955669475274, 51.8163714072888], [11.51478688125028, 51.810102916854426], [11.511532443478945, 51.81013666674783], [11.508369872006874, 51.806298393670104], [11.513734942431263, 51.806024194993164], [11.512693389569097, 51.80219635880746], [11.529014308497114, 51.79969212446095], [11.52833228327261, 51.79756326220441], [11.534726972481268, 51.79898483093255], [11.54911608063467, 51.79853913398485], [11.55154168659284, 51.806126865904645], [11.569774894876739, 51.80423194646389], [11.570254167931513, 51.810749028938716], [11.578650583271294, 51.81125881204188], [11.58728799320212, 51.82275961877654], [11.594051299949722, 51.82236506770733], [11.594441257537094, 51.82117737508192], [11.595177515111612, 51.82907757037652], [11.601564512445865, 51.82937393156792], [11.605296734439127, 51.81705695212709], [11.61206996668759, 51.81308459570785], [11.627901319310068, 51.810491123194076], [11.628746268165864, 51.81172078672323], [11.6442107590856, 51.8105381835473], [11.641046547449424, 51.820962542747615], [11.650935874886493, 51.820346680821096], [11.651556994444572, 51.82439282628182], [11.664142052112025, 51.82702459804526], [11.658451543916778, 51.83259953164401], [11.660239452584968, 51.83234959622687], [11.667452020717493, 51.84049822302012], [11.669367394013852, 51.85434137903678], [11.664484570192341, 51.85525575709888], [11.664872319410822, 51.85693083336961], [11.675864752624838, 51.85360154518545], [11.693394785090414, 51.85557588811343], [11.691191832389288, 51.855923985375604], [11.692547244397595, 51.85937475963249], [11.674211334373549, 51.86836713522072], [11.68736039327579, 51.8736772243285], [11.687246984072509, 51.87640613212247], [11.691756481497155, 51.86965171670175], [11.694517770389593, 51.871317963411926], [11.718047386310266, 51.871572179768066], [11.717897402734256, 51.870103166874614], [11.725537069326572, 51.868717559508255], [11.725166904508214, 51.86736086240484], [11.737271765434018, 51.86675281284189], [11.761534403426815, 51.863081483318254], [11.76474954258506, 51.86340414562827], [11.7648190801387, 51.868679230932806], [11.769944603494228, 51.87706286890226], [11.775753856498751, 51.87973589538634], [11.783274684522901, 51.88101513958978], [11.814099961398275, 51.87272282413045], [11.815806838977288, 51.87705378755061], [11.827020902928986, 51.87269681398356], [11.829775658428442, 51.8705613513814], [11.828387660235283, 51.86804356608275], [11.83038691955538, 51.867683997573664], [11.829284792332844, 51.858816212956974], [11.840225491421688, 51.8495468129959], [11.861664933215343, 51.83494613069702], [11.861324492673846, 51.83388236561403], [11.874979178157348, 51.82543170915255], [11.873478456392931, 51.82199043759216], [11.882642458004444, 51.819305851639946], [11.881022891465612, 51.810528173691004], [11.877983443657847, 51.81052533003871], [11.872643161238935, 51.803368062726776], [11.868329638163907, 51.80469143256874], [11.864061825030106, 51.79609092969444], [11.858548585061842, 51.79929342540635], [11.85561442108462, 51.79953202337766], [11.855658116905298, 51.79862671748983], [11.847481029760072, 51.79954243816115], [11.846734292103529, 51.79774397785346], [11.855804923521985, 51.796400814371815], [11.8570826285499, 51.78954752938153], [11.85649271423033, 51.78578387342771], [11.85112074373368, 51.78689995027334], [11.8489796023294, 51.779773122095456], [11.867248518758137, 51.78298578940241], [11.872031615380086, 51.77856782527274], [11.863575797376555, 51.77359665460941], [11.86664009755444, 51.7723029433856], [11.86717640349995, 51.769241298602054], [11.872327966405605, 51.76956942799434], [11.874342088392572, 51.766319659215796], [11.87773383281014, 51.766596649062464], [11.877872679859646, 51.765193358473226], [11.891013630853122, 51.76517432949647], [11.89099320615744, 51.76332186946242], [11.904424891506098, 51.76334816631282], [11.903117809566277, 51.760450025807806], [11.890368754433135, 51.76071989447484], [11.884693827052729, 51.75063675631591], [11.868523286755734, 51.75034847398334], [11.866598507789844, 51.741029548218094], [11.860295232429472, 51.74140558869884], [11.860845706826195, 51.74059387832339], [11.854988381169324, 51.73948772672383], [11.857042393100487, 51.731711564596075], [11.856302112417508, 51.718687883478204], [11.860804707605585, 51.71801188673203], [11.850114624472637, 51.71358701994304], [11.851438058664112, 51.71060939201634], [11.846714641667544, 51.71016401369316], [11.846941118518139, 51.70254362197242], [11.842615208480789, 51.68781479692664], [11.83955285198185, 51.68672401162774], [11.838666822111696, 51.68340346762511], [11.846801624171526, 51.68235225764911], [11.85185327869541, 51.67950539318461], [11.853838877400655, 51.68007448028133], [11.862060013520678, 51.67824623187294], [11.865595116832523, 51.67493528987312], [11.865194681728525, 51.67285690055762], [11.862988453473795, 51.674592000487245], [11.860886769921306, 51.671387367598385], [11.857399738296126, 51.67225401765969], [11.855946153685492, 51.668375714986404], [11.8572414093024, 51.66655902101512], [11.853164611775, 51.660147399947576], [11.85032579224098, 51.66027349438066], [11.849029522357489, 51.65425106826447], [11.854321960784754, 51.6545196225125], [11.854562504939944, 51.65009819359621], [11.837496270996555, 51.65038826078254], [11.838476915079193, 51.65190750936119], [11.836822336511835, 51.65261971239314], [11.836647601858553, 51.65510489823668], [11.823857518544703, 51.65830714047891], [11.81696542009017, 51.65065765674781], [11.819141100205009, 51.64902588330266], [11.808763974302648, 51.64883872326213], [11.809162148259723, 51.64748155563048], [11.805850422731346, 51.646994261990315], [11.7978987255717, 51.64279902702805], [11.789644567493783, 51.64551327142446], [11.785645020744099, 51.64531825646824], [11.785093976173044, 51.64760455476044], [11.76550244392341, 51.64843676083509], [11.762577436271707, 51.649438694338166], [11.763466590105832, 51.65067315598387], [11.762070981577791, 51.6512617569458], [11.760902204056721, 51.65048116084129], [11.758233771589085, 51.65126933585305], [11.744028909670485, 51.643965505999915], [11.744755816286927, 51.641892136619006], [11.752758206666302, 51.63640172946082], [11.751253919088754, 51.632455149103556], [11.748623811613317, 51.63198358647052], [11.744718089108467, 51.628816336945505], [11.724809019205209, 51.63011605316181], [11.71995496821993, 51.6293163119391], [11.718959286323516, 51.63563879139317], [11.712682554541448, 51.635852920745634], [11.710748859463123, 51.63710772520004], [11.712488346747312, 51.63971111976054], [11.708795218801868, 51.64296236042119], [11.693168481768199, 51.64903950228446], [11.661682109769998, 51.6513614767021], [11.63302659062172, 51.656422261317196], [11.633336464703277, 51.65298688727864], [11.626076171669306, 51.65271617957441], [11.625598589334619, 51.65925568087953], [11.6197056333614, 51.66157647333858], [11.604627474830094, 51.66453721633364], [11.603723884879535, 51.66811846465449], [11.604058049373792, 51.67298477772856], [11.608173451524404, 51.672849925932745], [11.60816157106498, 51.67662253181327], [11.612659818214043, 51.67687035853664], [11.612648927270314, 51.68635750235844], [11.610505144036921, 51.69120685468098], [11.618088903423294, 51.69454117764215], [11.622273156980581, 51.690583080265824], [11.625902203141322, 51.690759221950344], [11.626623856410264, 51.68986899089019], [11.629374606059692, 51.69064674331138], [11.62673205300212, 51.694737771209496], [11.635936188307491, 51.69450558077706], [11.634730158389502, 51.700560922061], [11.626185808605987, 51.70590734356455], [11.615856103659455, 51.704179555927105], [11.623602173741208, 51.714319382044955], [11.62215294291463, 51.71454268814112], [11.623688250760985, 51.73219474730542], [11.600127796923804, 51.73149808064935], [11.599784803592168, 51.73292530473433], [11.605764100091191, 51.73421727271825], [11.604488044898632, 51.736953616774414], [11.614383103995385, 51.738518460922336], [11.61639755196355, 51.745940355270875], [11.59709134882772, 51.748402430680656], [11.57892309945408, 51.748700996244274], [11.575469095444186, 51.75078165016096], [11.568382812863263, 51.7521903080632], [11.567279761120167, 51.7560483966283], [11.564964719287472, 51.755631080900514], [11.561452220627578, 51.759012225169435], [11.554401502753503, 51.75636126240817], [11.552080356855408, 51.75603836400938], [11.551303172485289, 51.757026362472025], [11.550292105054645, 51.75611262426707], [11.549758413360964, 51.75888786752128], [11.547769831453932, 51.75874605653669], [11.545620252715992, 51.761579864232885], [11.541202227146075, 51.76112672734708], [11.537149550592897, 51.768813012767836], [11.530039427018194, 51.76886681975131], [11.528382083167743, 51.77206126423953], [11.5266661910838, 51.77187473972456], [11.525731411904232, 51.776266817689105], [11.516950267765756, 51.79137436930286], [11.489539355357707, 51.792794914758694], [11.491078405941684, 51.79640595493215], [11.482368755490532, 51.796980711941366], [11.488136435533217, 51.80603340374001], [11.48955669475274, 51.8163714072888]]]}}, {"type": "Feature", "properties": {"wkr": 18, "wkr_name": "Aschersleben"}, "geometry": {"type": "Polygon", "coordinates": [[[11.205619241603282, 51.67065869763535], [11.204634736219631, 51.675524989236656], [11.208860852810359, 51.68026053698883], [11.205429079945809, 51.68721892754966], [11.215710949320636, 51.689866951141596], [11.232495601075032, 51.69020271869848], [11.24120751153331, 51.691950521623454], [11.247487262361629, 51.69132824769934], [11.248255155001475, 51.69593181878542], [11.255269964097163, 51.70184459993943], [11.262852590065792, 51.703811782562525], [11.269758292557366, 51.708440754483824], [11.269977605881557, 51.71037091746244], [11.267973369380767, 51.71041096537595], [11.268899424250167, 51.712773481664414], [11.2753504501101, 51.71872456870803], [11.274971559614963, 51.7207014589002], [11.288156852918535, 51.72106461288585], [11.28767698932493, 51.72895397622069], [11.306823791736031, 51.73217731286575], [11.30474727567356, 51.74261427204425], [11.305602918138993, 51.7413179507792], [11.308110122708383, 51.74148606941623], [11.308276814086767, 51.74007274704988], [11.311218757045438, 51.7403378565361], [11.31326430184189, 51.74456851999953], [11.31260118302898, 51.74739804581948], [11.309724761375309, 51.74977556151395], [11.306159915113003, 51.74979106320636], [11.306268894415119, 51.751257058129546], [11.304096568600002, 51.751267181870205], [11.303805905601473, 51.752421387793824], [11.301323631568525, 51.75230635517136], [11.301124447089204, 51.75424553919705], [11.298405018217629, 51.75419951772405], [11.297751330559416, 51.7580648901855], [11.301905782192314, 51.7594627799711], [11.297372550786596, 51.75935405388788], [11.298018243028856, 51.76151280848494], [11.288711637984138, 51.76670687656596], [11.283866259614632, 51.7670207858503], [11.2790253532211, 51.770563061297494], [11.277252231129442, 51.770539878185076], [11.27803390675389, 51.772516341894836], [11.271158515787722, 51.785079725912965], [11.27313512836908, 51.79439090598672], [11.253123761162243, 51.79966800784287], [11.242212408254662, 51.80777387833932], [11.256729815574221, 51.81283714811057], [11.253966328159784, 51.819649540919094], [11.261927659323206, 51.828620157962916], [11.263909762378866, 51.827467028553556], [11.266964271996075, 51.83452668177114], [11.275272431734503, 51.83238703353582], [11.27772378166906, 51.829773733834244], [11.279541584096718, 51.83276816901032], [11.291477146490635, 51.82909788828426], [11.293203444333365, 51.83125136346973], [11.296726463885216, 51.830856778123], [11.30338892903281, 51.83599054015524], [11.308634402416594, 51.835404588529826], [11.309700508181779, 51.839115892048596], [11.318717460310198, 51.8381153878973], [11.320178482119655, 51.84824041714932], [11.32311575322077, 51.849085802884964], [11.326759810013186, 51.846839316581146], [11.334163592176022, 51.84646050598929], [11.338383117576452, 51.85324616077642], [11.334314594868673, 51.8557692144368], [11.331205269545313, 51.852207898675225], [11.327134475883568, 51.85471559907666], [11.33126225622381, 51.85813515676335], [11.330057387117877, 51.85985182300253], [11.336677369594483, 51.86199466757609], [11.337990240052541, 51.864412463128225], [11.337332971190133, 51.86615191046259], [11.334417076453297, 51.865949837760525], [11.332558945476515, 51.86887486345715], [11.336550332658753, 51.87164576154197], [11.331950405091238, 51.87536374874326], [11.337239291716573, 51.87594553546531], [11.338790404134674, 51.87406175086513], [11.348313594691557, 51.87699289085168], [11.3501059806361, 51.87685040061719], [11.351345035624114, 51.86986444626265], [11.368753899097111, 51.87059263896439], [11.366580589539689, 51.866168304140544], [11.372502781987649, 51.862624338315534], [11.378502433464021, 51.86266250800805], [11.376906099233876, 51.85748565310968], [11.383701312469722, 51.850677881757704], [11.381530371068822, 51.846393122210145], [11.38804866724896, 51.845066691905274], [11.386004125789835, 51.84075221744417], [11.400629659127937, 51.83773965982783], [11.40277242248529, 51.84190770718952], [11.406599922956284, 51.84159077676024], [11.409778066385199, 51.845558956811466], [11.41894865305086, 51.84124613093955], [11.430863393173016, 51.84427604940021], [11.432792258915155, 51.84264581877716], [11.453982265591756, 51.846971395758814], [11.453596788695734, 51.848831369676574], [11.465631583211614, 51.850593858200526], [11.464815418839851, 51.847968770165956], [11.473961169180832, 51.8461629066946], [11.47604445340491, 51.8399167774458], [11.483552609514946, 51.840300514864154], [11.485321776892627, 51.83749038115991], [11.48463259210378, 51.834663731499774], [11.488150817631519, 51.83431191154471], [11.487181849408634, 51.82385169181041], [11.49031428805074, 51.82396455728586], [11.488136435533217, 51.80603340374001], [11.482368755490532, 51.796980711941366], [11.491078405941684, 51.79640595493215], [11.489539355357707, 51.792794914758694], [11.516950267765756, 51.79137436930286], [11.525731411904232, 51.776266817689105], [11.5266661910838, 51.77187473972456], [11.528382083167743, 51.77206126423953], [11.530039427018194, 51.76886681975131], [11.537149550592897, 51.768813012767836], [11.541202227146075, 51.76112672734708], [11.545620252715992, 51.761579864232885], [11.547769831453932, 51.75874605653669], [11.549758413360964, 51.75888786752128], [11.550292105054645, 51.75611262426707], [11.551303172485289, 51.757026362472025], [11.552080356855408, 51.75603836400938], [11.554401502753503, 51.75636126240817], [11.561452220627578, 51.759012225169435], [11.564964719287472, 51.755631080900514], [11.567279761120167, 51.7560483966283], [11.568382812863263, 51.7521903080632], [11.575469095444186, 51.75078165016096], [11.57892309945408, 51.748700996244274], [11.59709134882772, 51.748402430680656], [11.61639755196355, 51.745940355270875], [11.614383103995385, 51.738518460922336], [11.604488044898632, 51.736953616774414], [11.605764100091191, 51.73421727271825], [11.599784803592168, 51.73292530473433], [11.600127796923804, 51.73149808064935], [11.623688250760985, 51.73219474730542], [11.62215294291463, 51.71454268814112], [11.623602173741208, 51.714319382044955], [11.615856103659455, 51.704179555927105], [11.626185808605987, 51.70590734356455], [11.634730158389502, 51.700560922061], [11.635936188307491, 51.69450558077706], [11.62673205300212, 51.694737771209496], [11.629374606059692, 51.69064674331138], [11.626623856410264, 51.68986899089019], [11.625902203141322, 51.690759221950344], [11.622273156980581, 51.690583080265824], [11.618088903423294, 51.69454117764215], [11.610505144036921, 51.69120685468098], [11.612648927270314, 51.68635750235844], [11.612659818214043, 51.67687035853664], [11.60816157106498, 51.67662253181327], [11.608173451524404, 51.672849925932745], [11.604058049373792, 51.67298477772856], [11.603723884879535, 51.66811846465449], [11.604627474830094, 51.66453721633364], [11.608745771481503, 51.66328976917553], [11.60484807109307, 51.66100007427691], [11.598451399694113, 51.66121657815181], [11.599900365269828, 51.65966154921184], [11.596552753654981, 51.65833631274668], [11.595366490411791, 51.65518957096008], [11.579027633959866, 51.64818505583639], [11.57431073710533, 51.65328849220727], [11.563245624245, 51.64932215620565], [11.562952007696039, 51.65495531260272], [11.552769944783838, 51.65170089609282], [11.549519366220345, 51.65753636475998], [11.53524155225957, 51.65382495130249], [11.534671266998238, 51.65584895464005], [11.526452844204995, 51.65619380770984], [11.525032711713015, 51.658248165435715], [11.527035406996653, 51.65879833350732], [11.52749629654216, 51.6630796798972], [11.524669850178084, 51.66260744933412], [11.521653190359276, 51.65974367325294], [11.513279571573392, 51.663588067588464], [11.510662288567225, 51.662956875676606], [11.508308429418394, 51.66418288325099], [11.509649830255798, 51.66520955204144], [11.506073053226954, 51.66759874897215], [11.500910119143315, 51.668302717848945], [11.499288901614307, 51.67066633205117], [11.487723328861561, 51.67157794553951], [11.485902193462609, 51.67592922662694], [11.482628265413283, 51.67504489797011], [11.475586073739926, 51.680104298178094], [11.47077379548224, 51.676107803651846], [11.461368256276335, 51.67251287340672], [11.444999667181303, 51.66320257992735], [11.443613283365394, 51.660793457409845], [11.446407747478283, 51.65710078411619], [11.443015174376967, 51.65640281241653], [11.444507038271311, 51.65067179572869], [11.437808704883373, 51.64543163065195], [11.437499042552483, 51.64653317659166], [11.431435346188184, 51.644485480017075], [11.429961754125987, 51.6400723108012], [11.4264436640953, 51.639622294009484], [11.43238062270665, 51.63298143523181], [11.440463535596116, 51.63390344798761], [11.441096869116272, 51.632589825393424], [11.44629492836676, 51.63108018485154], [11.448391492120479, 51.62862498221041], [11.445635726125934, 51.627726517997694], [11.445224639516155, 51.626076000716445], [11.428135690621994, 51.624255159104735], [11.438216805825432, 51.62470689734947], [11.438801403692782, 51.621198004556256], [11.42993849120632, 51.61961689776158], [11.426746428611922, 51.6231687741781], [11.423676273583762, 51.62115316111941], [11.4195865338206, 51.6204766766575], [11.411202899861493, 51.62285313934518], [11.396440578410704, 51.62173074238545], [11.39310289946482, 51.62231587941214], [11.392104597447194, 51.62371884826792], [11.379494172733292, 51.62177076933752], [11.377077805247268, 51.622716654457], [11.379254624472289, 51.62164892861861], [11.377548292852927, 51.62070108901798], [11.346858112271176, 51.610553321381985], [11.345396038776853, 51.614729957240286], [11.34012701124855, 51.61694430852048], [11.348695716182112, 51.62549684848763], [11.346044540294722, 51.62860393033074], [11.347941324209872, 51.63124976468824], [11.344835543174321, 51.63561375439129], [11.34835715594773, 51.63862434958654], [11.351173865213728, 51.64454576860624], [11.351557155514609, 51.64852335332021], [11.349278594720891, 51.650358140609235], [11.343666774780193, 51.65013646721102], [11.337572827331059, 51.653267804448696], [11.33279076843035, 51.649143417746046], [11.325234847042731, 51.64908649695753], [11.323712743598565, 51.650505422284425], [11.318755186519954, 51.64880085010236], [11.314559320252494, 51.649484044580404], [11.308133762217526, 51.648520674382986], [11.306926668540953, 51.654722178737096], [11.309073343676397, 51.65543752621433], [11.305930741159816, 51.66175104711688], [11.29137291365375, 51.66037040565089], [11.289001654778602, 51.65969986231111], [11.294353936945038, 51.65712124534397], [11.292421235984367, 51.65572661600617], [11.294095212549033, 51.65054867707378], [11.28761351650382, 51.65068524945047], [11.286353978284055, 51.648469787626055], [11.278912689099878, 51.64998954287164], [11.281558873571015, 51.645306912359764], [11.278434621296045, 51.64437868591865], [11.275032677040567, 51.646505215894834], [11.271365302697477, 51.643598369859404], [11.269767793579414, 51.646774189723146], [11.264395915906555, 51.64564546551831], [11.257964826480483, 51.64678911689867], [11.255419168137998, 51.64319239754101], [11.251864757330095, 51.64278556080658], [11.252371855828654, 51.63948042730781], [11.250038346115478, 51.638671059056136], [11.238283196649153, 51.642933954772836], [11.234136099145486, 51.648931554922356], [11.235444500258588, 51.6529538972907], [11.228468628818414, 51.653572875074566], [11.225090882282469, 51.65946840405649], [11.2155831226733, 51.66105574916592], [11.213485477861642, 51.66475700786295], [11.208245184865445, 51.66454560813605], [11.203799927111797, 51.66710917099683], [11.205619241603282, 51.67065869763535]]]}}, {"type": "Feature", "properties": {"wkr": 11, "wkr_name": "Magdeburg II"}, "geometry": {"type": "Polygon", "coordinates": [[[11.717156414191537, 52.114040982637775], [11.71932076685315, 52.104506855537004], [11.721247706270633, 52.103895274529414], [11.719428969769613, 52.10231160777604], [11.721290559291, 52.10229534325116], [11.721651914860322, 52.09967017751977], [11.744086616349044, 52.10082835660747], [11.748263530813043, 52.09331169479773], [11.75696558472239, 52.08813538154209], [11.759675967895616, 52.084877190765226], [11.762483560948487, 52.080431004979005], [11.759611160016705, 52.07886046478632], [11.766501531373331, 52.07909898453546], [11.766935981170658, 52.077915149369396], [11.76634687695906, 52.076711925827624], [11.76372540000513, 52.07667483317695], [11.764733985643927, 52.07393443230086], [11.762453391615765, 52.07307977199075], [11.753739622906668, 52.07362944344246], [11.748833052345102, 52.07266106313443], [11.754563639401214, 52.07006199401918], [11.75657445590986, 52.06420744216189], [11.748857299396647, 52.06241108875827], [11.748754852006122, 52.056202016316924], [11.746077525883027, 52.05310461958843], [11.742385305341577, 52.05305380205139], [11.737115065867565, 52.05523912571558], [11.732993138400397, 52.05443200828378], [11.732975775041455, 52.05105206889664], [11.741558432298875, 52.04704977929585], [11.732851230361703, 52.044648874531774], [11.73349097801356, 52.04220057279995], [11.723136562728483, 52.03922745682794], [11.7133022811532, 52.044838839639226], [11.708397070232344, 52.04180449239861], [11.690522862696032, 52.051997392449515], [11.676586337318865, 52.07535920700325], [11.677535271451735, 52.09146696094266], [11.66932089744558, 52.101348200560196], [11.662495049780079, 52.104690132499684], [11.645338146564692, 52.10754278909433], [11.636377233970306, 52.1164218981525], [11.630613212407596, 52.11612542707348], [11.629916103729887, 52.11392137972312], [11.625811563962795, 52.11247949301245], [11.621131011439113, 52.118764620305114], [11.610912406790593, 52.11865054524253], [11.60563244211901, 52.119738474857726], [11.603200290902631, 52.13717447898962], [11.594589200889855, 52.1413332882226], [11.60100581717806, 52.14249648937074], [11.624590205081896, 52.141495266260115], [11.630116090107654, 52.13918500389467], [11.647259101033242, 52.13790728158602], [11.653626265370386, 52.13613765390189], [11.678694721297337, 52.15968286186565], [11.683123985237412, 52.17801055987968], [11.687383101977174, 52.18701209035496], [11.696866454943315, 52.178675501303985], [11.699078643438225, 52.17413143075438], [11.704050584054674, 52.17188160834299], [11.71013226345123, 52.17113478073649], [11.712055710404993, 52.1690777288487], [11.709893633375067, 52.16738397495772], [11.70437202174974, 52.16725643009869], [11.70742617399467, 52.16574775979862], [11.70607507043563, 52.15982717402435], [11.711860428916747, 52.15967038506241], [11.705900081261372, 52.15906025515041], [11.704263767393172, 52.15188772759812], [11.705566303200564, 52.152351116561526], [11.706050057466976, 52.14934012597224], [11.702992518126708, 52.14838646975462], [11.706235293456793, 52.149171387418484], [11.709404541421685, 52.146151599046924], [11.71719039722048, 52.146063179804834], [11.722306620164831, 52.1440499082648], [11.723997053912566, 52.142031863453326], [11.721962018709702, 52.140081893218905], [11.723339552162278, 52.137884553981635], [11.722178076557192, 52.13398166139023], [11.716011654492977, 52.12303145656306], [11.71477130230658, 52.114628014245575], [11.717156414191537, 52.114040982637775]]]}}, {"type": "Feature", "properties": {"wkr": 8, "wkr_name": "Wolmirstedt"}, "geometry": {"type": "MultiPolygon", "coordinates": [[[[11.401163816440949, 52.22846349802477], [11.419153871554244, 52.232384327875955], [11.422823899719386, 52.22984000779828], [11.430416083764422, 52.23171801233944], [11.429288904424796, 52.234345158436795], [11.442115341989743, 52.23697187189107], [11.441299527382018, 52.23834273710198], [11.446326013892442, 52.23955958313633], [11.444035031508157, 52.2452424430999], [11.447072465777826, 52.2462025134917], [11.446191373189075, 52.24933522017089], [11.452151129769533, 52.25206448971255], [11.458247319633001, 52.247999934248135], [11.463166644688574, 52.249387193573426], [11.463726441138746, 52.24509965155527], [11.469486907334494, 52.24514749698789], [11.469431122169635, 52.24221886604525], [11.467415102151502, 52.242239571757345], [11.467400836211063, 52.24109556549915], [11.463177514489876, 52.242165728885105], [11.461784334580212, 52.23454281941044], [11.45850377726875, 52.23406704140037], [11.460654360838545, 52.227360902894766], [11.457769634537467, 52.21501505853395], [11.460727792934676, 52.212218610252854], [11.463117573395415, 52.2127183126789], [11.470337570724348, 52.20993712373668], [11.47185559996709, 52.211370356231505], [11.488931600210508, 52.210855486008235], [11.492846831367117, 52.213477772531874], [11.492874375196257, 52.208665104639614], [11.494442363931414, 52.209111669016856], [11.494817897328836, 52.2074278214507], [11.50063223015755, 52.20699864669554], [11.502649230425435, 52.203074146662146], [11.497638776587925, 52.20177752266602], [11.486736208814515, 52.20185787617487], [11.48542657589714, 52.19595022869887], [11.485833900909288, 52.194660089990464], [11.489356606029405, 52.19390386182688], [11.50233805218723, 52.19300389344498], [11.50242715133478, 52.18820722202162], [11.498442592435563, 52.18789458784549], [11.49803699667806, 52.186281375103924], [11.502791856549003, 52.187007848294144], [11.503057454148097, 52.185182570067056], [11.50611071728201, 52.183418125114976], [11.51496947003934, 52.18644356204302], [11.51770637505569, 52.181225711133365], [11.515767791850786, 52.180954188086055], [11.516607895595037, 52.178362872493736], [11.533659576062718, 52.17801747111211], [11.533295577859267, 52.1746696521243], [11.536913934159339, 52.17442532226377], [11.537121910853052, 52.17336782489738], [11.53196488300345, 52.173567916351146], [11.531684372919372, 52.17204945328055], [11.534422295485076, 52.171860675926645], [11.533943195696224, 52.170277652779454], [11.538174734138977, 52.16927255499877], [11.537860423317568, 52.170589789551265], [11.54273536866466, 52.169100250850555], [11.548216161828163, 52.177173883754534], [11.548261901357062, 52.180750020562954], [11.556540254278206, 52.18146589017967], [11.556974654507805, 52.18408949003805], [11.563122301122007, 52.18780705812908], [11.562670354159263, 52.189182404184876], [11.571116966449557, 52.19060013917334], [11.571221201957954, 52.195994409827755], [11.576492586855505, 52.20279381032911], [11.536569257967228, 52.20372977427206], [11.536082201779724, 52.20648565087044], [11.548706057486575, 52.209286022609966], [11.543434630714826, 52.215983070964896], [11.54390533651174, 52.22006111070672], [11.548962112070296, 52.21997877257457], [11.550533347966475, 52.22419771169407], [11.563389859926414, 52.221386146347285], [11.574636446010361, 52.23107492805793], [11.577019633826719, 52.23671255297987], [11.582067158754258, 52.23653295077539], [11.59097956050988, 52.232686566342984], [11.591958223944937, 52.23563431376479], [11.595911847833689, 52.234362635285095], [11.599859250834157, 52.2458524431554], [11.587655483811933, 52.24920824610929], [11.589096416631842, 52.25338632160289], [11.584493502542871, 52.25446428949653], [11.588252479404163, 52.25436392419564], [11.598994512298681, 52.26720164505374], [11.601238613655273, 52.267598379903376], [11.600333408379345, 52.26975590048127], [11.603015637824189, 52.27015475664583], [11.604749944197923, 52.28647030758637], [11.601236964845622, 52.28607912350155], [11.602658004964406, 52.28460656034126], [11.597901050264099, 52.28353166554858], [11.585199744654771, 52.28369328974204], [11.584273607761302, 52.28485255828607], [11.588498151269237, 52.28541282193492], [11.588687609554421, 52.28776332257258], [11.57880333133719, 52.28790020056879], [11.577427190884949, 52.2816459668022], [11.575385677767796, 52.28141652352225], [11.568591860148834, 52.28392837799726], [11.568919165007452, 52.289983415650084], [11.556873425882209, 52.292434608855736], [11.556070808281364, 52.29399918461525], [11.552770513466273, 52.29361840609486], [11.553315567858816, 52.29257396779349], [11.550160761859305, 52.29175364616763], [11.542946051361655, 52.2921099430015], [11.517835028637911, 52.29595091458844], [11.516728470445518, 52.29140924412915], [11.511744217368074, 52.28831011257678], [11.51257421605084, 52.282890101220104], [11.51082054191319, 52.273791085159274], [11.511181837127639, 52.271640999846376], [11.515186744489517, 52.271878436478374], [11.518778340470053, 52.269872413670946], [11.515416150894865, 52.270217164291125], [11.509792294795904, 52.268214309401124], [11.503751368591733, 52.26871176939736], [11.500888928026844, 52.26737825074703], [11.490278288564383, 52.27106080182736], [11.48811195147897, 52.270821426522126], [11.486615453439132, 52.2727892368161], [11.474342661498708, 52.2773753432866], [11.473098662851479, 52.279060556035596], [11.468259923909654, 52.27877510061133], [11.465377335827396, 52.28156869398337], [11.465231924378125, 52.28028295177633], [11.457200794215165, 52.2820335357226], [11.44543095178309, 52.28706298850798], [11.451015446563265, 52.29179770408943], [11.44934087448313, 52.29818171721685], [11.446153096544725, 52.30152867250444], [11.447932233860808, 52.302339374595874], [11.445763414892657, 52.30977842863881], [11.446769225042075, 52.3191782847215], [11.45053929805796, 52.324331393810496], [11.46308101589796, 52.32556656515231], [11.526281817473496, 52.33839326082478], [11.550662796764268, 52.38636972175979], [11.477669355033452, 52.37160386211587], [11.475342603495305, 52.37582103588619], [11.472595735797075, 52.37322314742237], [11.451750810097499, 52.37362279282537], [11.423466016022395, 52.37092851459167], [11.422141745208284, 52.374237615538476], [11.428375422592696, 52.374079220817826], [11.4332792661623, 52.38009655664812], [11.414760178194623, 52.380843877421285], [11.417524746489487, 52.37563383547101], [11.410857422063412, 52.374584962692815], [11.402767434551548, 52.375315939440775], [11.406893484757566, 52.38683355794128], [11.431293895766554, 52.388717853574484], [11.44525863542087, 52.38764694432997], [11.446574037077996, 52.38671553363701], [11.562819182309088, 52.41025026431265], [11.58735669719541, 52.45837080000796], [11.642862105661182, 52.46975866196963], [11.63798564359439, 52.464788201640914], [11.648261749649416, 52.462586691695265], [11.672831790001318, 52.46393098339829], [11.692651726778479, 52.45898517088746], [11.69721218185924, 52.458199688998945], [11.69982403728854, 52.459023383831784], [11.716695360778083, 52.42773778062283], [11.726011601863565, 52.429586488981904], [11.733148025879235, 52.42437519716561], [11.729525983868431, 52.4223985245976], [11.729981511400016, 52.420498628549126], [11.726857405639066, 52.41983432941205], [11.726586341068375, 52.414937505326066], [11.72180202070446, 52.414205721865045], [11.721853190184696, 52.41200117786847], [11.71794153722133, 52.41045036810931], [11.71894861293992, 52.407981419981816], [11.722591599575397, 52.40956056670909], [11.724799550348841, 52.407845400713136], [11.730186339753823, 52.40761555903813], [11.747530872356448, 52.403111069436456], [11.767586479738679, 52.40243325279877], [11.77478790022376, 52.40015663623169], [11.779379185300078, 52.40265491605232], [11.782271460853204, 52.40034590187381], [11.785716193902482, 52.4020963179425], [11.782672820466564, 52.40450264550764], [11.783671869838738, 52.40612560685659], [11.785986937138519, 52.406681368823314], [11.789703444145195, 52.4113485676686], [11.788270556250662, 52.4135855042512], [11.782053903690906, 52.415127471703535], [11.778492442760093, 52.412944357602676], [11.776881974722832, 52.41499385500088], [11.774172816152111, 52.41501319362027], [11.773281986780615, 52.418207289893395], [11.781806858224066, 52.42109971332598], [11.786227364190387, 52.41939200394065], [11.781897847961307, 52.41719256832887], [11.783243417739714, 52.41666267074467], [11.794426445196256, 52.42197621722181], [11.789753330148976, 52.41516099321281], [11.801886851240548, 52.410668499295326], [11.809376805181367, 52.413563318205156], [11.81458292804195, 52.413292010059365], [11.816869660040673, 52.41505082839606], [11.840496936393691, 52.401230802715226], [11.83508389523101, 52.38936894485592], [11.836148191517763, 52.38583266261392], [11.834372022068191, 52.38145913959232], [11.827006958583347, 52.37844619345983], [11.8179737899931, 52.37243626666719], [11.827964410596618, 52.37217111114106], [11.83095035436226, 52.36298239413839], [11.843183605097753, 52.35473380728369], [11.854525556538904, 52.35602921269083], [11.857209517309654, 52.347332589610986], [11.844992927352864, 52.345826155796196], [11.847370200793426, 52.33741247594265], [11.85166770278935, 52.33165270351125], [11.844773454780693, 52.330048994838464], [11.836962034593322, 52.329968792600475], [11.81608162208452, 52.33432964635511], [11.804565406176065, 52.334487771124934], [11.797818139326994, 52.33245420691369], [11.793827409330412, 52.32908875683978], [11.796212372364256, 52.32798294073998], [11.796705768189277, 52.3234594611211], [11.791289975451596, 52.32027182582661], [11.786632956147676, 52.32245382436614], [11.767312476698395, 52.31097667017255], [11.764401927497738, 52.30618501236245], [11.76486310294183, 52.29470283041826], [11.753323290593032, 52.27653877892833], [11.743226556970189, 52.26924802073032], [11.733516549214905, 52.25665526235583], [11.727044483585239, 52.25166453162237], [11.721085545869581, 52.24905191151137], [11.707181428271854, 52.24615618894331], [11.70130756543489, 52.24223483119266], [11.700902710210327, 52.22505556061586], [11.703391772404244, 52.21886838574437], [11.705382665315868, 52.21926854810987], [11.71452437488047, 52.20931951600197], [11.71284379360424, 52.203344253875024], [11.709482228810492, 52.2014141861879], [11.705149990675086, 52.199480172143005], [11.689568505557515, 52.19896492858684], [11.687350745559222, 52.208668970984995], [11.67542517747349, 52.221982888050356], [11.673507644304273, 52.22715962396485], [11.635947663261005, 52.22833924128122], [11.6462786746184, 52.199913335652624], [11.625188591831112, 52.188296728557546], [11.624990230652918, 52.187058964707255], [11.62256220306507, 52.18729669624773], [11.570132949225364, 52.17384327250202], [11.569594283494782, 52.166990333440246], [11.56106228855282, 52.16837718415104], [11.560640287418822, 52.15813175231613], [11.55415893379383, 52.15870732679634], [11.551764905107191, 52.154604325093004], [11.55224302620454, 52.15305454598565], [11.5577286481692, 52.15443508516304], [11.558164894722037, 52.1499773251524], [11.560109352054035, 52.150200481665614], [11.56090494725703, 52.14206724062151], [11.546633779377748, 52.14234335886286], [11.538308771173881, 52.11962615792598], [11.540353153737149, 52.11564568599114], [11.536089996555408, 52.115219309872515], [11.513412822294352, 52.11756400226772], [11.511252665044577, 52.120448473942005], [11.50436691592568, 52.119693785525136], [11.502703402331491, 52.11826700871608], [11.491561383468559, 52.11759782448208], [11.473270978156325, 52.11244714045304], [11.46349473835626, 52.13182994489912], [11.448148407371054, 52.127768309133465], [11.437212040510374, 52.12961025377693], [11.436886798498945, 52.128840194989735], [11.429377147690827, 52.12899871788736], [11.426939196385678, 52.12791023617163], [11.42750141605128, 52.12658646064972], [11.423229309370576, 52.12629983878304], [11.419188956556699, 52.124484593619066], [11.417599850786019, 52.12686919452083], [11.405965646559423, 52.12700355671163], [11.405851271954221, 52.127958493811036], [11.408751186823629, 52.12821819467996], [11.40827614700072, 52.13267654323813], [11.412075155922345, 52.135131332064375], [11.413362619092897, 52.141362926287634], [11.410173139109807, 52.140750252049735], [11.409437970953078, 52.144125251958855], [11.393685600657523, 52.1417782615293], [11.382285387360207, 52.141790538746726], [11.383047752522428, 52.1410085951998], [11.378772244892515, 52.14000616834347], [11.367100450838612, 52.13893700931006], [11.366654049640387, 52.149558601862275], [11.368424964829194, 52.14969434660486], [11.364388281715465, 52.16006742536172], [11.364308091268533, 52.16375026418853], [11.365551487791215, 52.16325256857426], [11.364125065483979, 52.16767396659466], [11.330580645396463, 52.16566072281113], [11.330591396715743, 52.171922447937675], [11.323583144203031, 52.17173963346483], [11.322491965751874, 52.184722088448005], [11.320463444255346, 52.18468001099847], [11.319526668482624, 52.189762383038286], [11.323008796456747, 52.19012491309741], [11.321134748985065, 52.19433614184283], [11.319836425964327, 52.19508889695609], [11.308096568507047, 52.19395827259347], [11.30565702465504, 52.19881632272733], [11.29642959251966, 52.208518408599865], [11.297442458912029, 52.209292691900494], [11.29196356577173, 52.21221295980616], [11.29254919488489, 52.2145358501346], [11.289604549334394, 52.21522421178434], [11.289222330397882, 52.219146069416475], [11.303065319211205, 52.21988631634047], [11.300906850567458, 52.229611165752644], [11.29797341913994, 52.229803508070376], [11.297898320960487, 52.23365672207614], [11.303062324266318, 52.23271967065441], [11.302864293033968, 52.23594191255606], [11.301588559087243, 52.23616982383358], [11.302267453787115, 52.23434213882112], [11.300630299034644, 52.2345126867472], [11.299222844821937, 52.23724438679414], [11.304731670470808, 52.23713944029622], [11.305202060457521, 52.2387930515192], [11.300240897320268, 52.259347080388814], [11.290532387687342, 52.27165112113932], [11.2925882861293, 52.27377900966192], [11.291264220364317, 52.277680137002], [11.296628742835635, 52.278795574141036], [11.295774255238271, 52.28046918194138], [11.297629048111594, 52.28089342529892], [11.304504121408419, 52.26844210513564], [11.31582428758746, 52.27076979505623], [11.323989629729995, 52.270667707628775], [11.321222865825803, 52.27569094793983], [11.323590488923914, 52.280209487516586], [11.328839763105321, 52.28104549249063], [11.33696070121565, 52.28019519756103], [11.34076622887604, 52.281356192359766], [11.345564137349038, 52.27840642612693], [11.34489255446278, 52.27621199604996], [11.3543360195232, 52.27197678440383], [11.35573695773558, 52.26486700273545], [11.365167142773883, 52.257538999200754], [11.364607901361259, 52.255470147131966], [11.37022265590591, 52.251591081440765], [11.368690756240632, 52.24901934103018], [11.370999597724616, 52.246267501514545], [11.369021247840228, 52.24386463089078], [11.371176528598783, 52.23983321272569], [11.371446127832865, 52.23371472272868], [11.36900370840843, 52.230480376809304], [11.369651752545948, 52.22679716212951], [11.374356980598483, 52.22794142979018], [11.388474409741184, 52.227492846441194], [11.401163816440949, 52.22846349802477]]], [[[11.40050979790102, 52.22836249646418], [11.400570043484871, 52.22836684649243], [11.400509797900833, 52.22836249646416], [11.40050979790102, 52.22836249646418]]]]}}, {"type": "Feature", "properties": {"wkr": 7, "wkr_name": "Haldensleben"}, "geometry": {"type": "Polygon", "coordinates": [[[10.964708739855244, 52.05620013248636], [10.967696558220307, 52.0648649253515], [10.97315094254843, 52.0734690264717], [10.970691598709436, 52.086092517830984], [10.96725186353382, 52.088275098322974], [10.958789427380884, 52.08787042178177], [10.94218836616387, 52.09389041142878], [10.9400186725126, 52.09528062389213], [10.943913633592791, 52.09936538664467], [10.942119860797762, 52.10299700138749], [10.964952762666883, 52.107128260446125], [10.977546484520426, 52.10581996693975], [10.985924524451464, 52.11083310946479], [11.011879646151376, 52.121115793473656], [11.011692728533745, 52.12257678796645], [11.017405672538327, 52.128231511990585], [11.022887006556994, 52.12933227538845], [11.026497143790124, 52.12871581532093], [11.02771982728424, 52.13075048418942], [11.038150188220161, 52.134169363500874], [11.04413684832837, 52.13368228445304], [11.046445744837303, 52.13870265463235], [11.0445941240794, 52.1436310971939], [11.058015224969754, 52.15190875557121], [11.057804117027645, 52.15290984989588], [11.060570903714456, 52.15344898753988], [11.054887254021255, 52.16042509944534], [11.060939165034322, 52.1647200555967], [11.060439545423248, 52.17240429412849], [11.036068128848669, 52.171631637391954], [11.019045754274439, 52.178277018585206], [11.014225436551591, 52.181759428666595], [11.011930180046907, 52.18756331690022], [11.014162729869833, 52.195469861790876], [11.013469555447521, 52.19949618895992], [11.017769634258556, 52.19829250325836], [11.024625364825935, 52.2010851272278], [11.022139009581144, 52.202313915203895], [11.021220917395558, 52.2050084667788], [11.028351596698629, 52.2085042017626], [11.02622701991424, 52.210150196522086], [11.031660809137662, 52.21222400388784], [11.03732579315228, 52.211367380165825], [11.044627193139604, 52.21451057302161], [11.045165735885279, 52.216399460504434], [11.060341312271802, 52.21896593421168], [11.07520319693853, 52.21986597359802], [11.077053216096054, 52.22341730493516], [11.086220578221784, 52.22861817608091], [11.079622919666846, 52.23487785712908], [11.078699245203019, 52.23940429469799], [11.073338647464823, 52.24322346632405], [11.069670026204, 52.24161372695897], [11.058713532885818, 52.24053418101943], [11.05970643245478, 52.242588619798525], [11.052215670478335, 52.253564042745786], [11.056236096011268, 52.25876086419702], [11.059739062193023, 52.26191297233239], [11.064614425572941, 52.25702199377817], [11.076133188604743, 52.26016282395616], [11.079452514089386, 52.25955536894822], [11.079696388422981, 52.251479986336136], [11.087332678283826, 52.251744293012536], [11.096546565829708, 52.25457507838318], [11.098762777147599, 52.25275629114269], [11.102265234026753, 52.254008568361854], [11.099944046217898, 52.260030983277574], [11.101508672419813, 52.26179851217972], [11.104822999553162, 52.26181854525087], [11.1043526631704, 52.26518155070632], [11.107667014246028, 52.26670937349086], [11.107425285395873, 52.27049945918024], [11.116623363854888, 52.27351456966878], [11.117349290858547, 52.27508143448407], [11.1214213987413, 52.27335336692629], [11.13441125424812, 52.27120418433695], [11.146486274551851, 52.27406369917783], [11.145715582803659, 52.27085669833338], [11.157384290941321, 52.26846567049222], [11.16406092942979, 52.26865846701468], [11.166521798402844, 52.27066560563672], [11.169652254414617, 52.27115712188342], [11.173652613166718, 52.27137072268748], [11.173966074851371, 52.27012932174841], [11.184055201299726, 52.27064881666349], [11.181962520396526, 52.27242121177978], [11.183120038095224, 52.27586707856449], [11.180902298236473, 52.28213189500112], [11.169572009203682, 52.29755849442156], [11.154793569856027, 52.302436912869965], [11.15473819206356, 52.303744579082256], [11.147303217271674, 52.30433056195509], [11.142754720769029, 52.30263090088896], [11.138519003346744, 52.302753529234344], [11.13601417336484, 52.30824094808137], [11.132299587490548, 52.30826612179218], [11.135921998086186, 52.308924459996675], [11.134522121016325, 52.31250112403551], [11.132368117033995, 52.312975846497544], [11.131018746602507, 52.31515331443103], [11.134340270526753, 52.315925984785515], [11.1343366417852, 52.32733769605396], [11.137828712474498, 52.3273430823863], [11.138120521497537, 52.32900360374542], [11.133782399039179, 52.33591881384691], [11.127683733002753, 52.33440073998656], [11.127281221009484, 52.335818829302916], [11.126928489945389, 52.33834856080345], [11.135550625704845, 52.338627961190284], [11.137892345296903, 52.341988558699136], [11.136032080588143, 52.34470871290215], [11.138837630074606, 52.34547933238016], [11.134101607796643, 52.353370704825544], [11.126108246182532, 52.35573500102062], [11.123972766973191, 52.35882330141132], [11.128878489368251, 52.36307285219912], [11.134129733546647, 52.359102835933285], [11.138987556484878, 52.35805628290901], [11.139984895045934, 52.35951419369266], [11.160096544880897, 52.36868817849771], [11.168354675292914, 52.37033321895545], [11.167789021531016, 52.3681228517018], [11.171641211937558, 52.36848105698718], [11.171513490881757, 52.37106228425904], [11.176131116523603, 52.370943859382145], [11.182318602508804, 52.37774229049026], [11.178981693748355, 52.383254382826706], [11.175919058364547, 52.38404661590284], [11.175316339336744, 52.38579690064643], [11.187271509907868, 52.385673046954196], [11.185068647396273, 52.391379574416156], [11.190481412082498, 52.39075982784042], [11.190951743722765, 52.392475123073545], [11.19575846196929, 52.39286334618004], [11.195657840066668, 52.39496722227757], [11.190462334417447, 52.39491683993558], [11.191715017720371, 52.399254785752234], [11.196951950313258, 52.400082087147005], [11.195960034467198, 52.402662519154234], [11.199295082877002, 52.40315648122192], [11.19901898688777, 52.40484697359941], [11.20269922970262, 52.404606851778794], [11.203036313477194, 52.40719613358965], [11.197000709221461, 52.40786927809222], [11.196016609122891, 52.41592201401768], [11.189328438578542, 52.415090982064605], [11.18702633726736, 52.419632112408394], [11.183019331401065, 52.41920752570937], [11.179805080344975, 52.422383865777704], [11.174997853886634, 52.42041564177106], [11.172063975217034, 52.42484825544152], [11.167736362659973, 52.42502521308983], [11.166960490935718, 52.432869554255106], [11.156839717530863, 52.43238829611285], [11.15643893071636, 52.43397284773523], [11.209848439221334, 52.438235794660535], [11.23231292727593, 52.43484886029833], [11.232532338215682, 52.43638080861558], [11.24367867334079, 52.43739833821942], [11.261452573676117, 52.432907635412526], [11.262743938974996, 52.43089241709395], [11.264564096731544, 52.432332141228976], [11.269403973502621, 52.430783285315535], [11.274194310736465, 52.43301973549059], [11.275947210267466, 52.43014620098362], [11.284535154631314, 52.43017760327504], [11.285751640381937, 52.433577817862215], [11.294746045363363, 52.43826637201578], [11.30742926360833, 52.43914659529506], [11.30638545501817, 52.43994841926994], [11.309989318809864, 52.44034628937103], [11.321569990051728, 52.4307398145412], [11.321553445956772, 52.42455711187753], [11.336814442816026, 52.42450305919855], [11.33936205357364, 52.42787672919901], [11.345115403508904, 52.42595127706485], [11.34427868830065, 52.423792645186154], [11.348542820257697, 52.42257266425119], [11.349229428077804, 52.426569949919454], [11.351175084459905, 52.427516661922176], [11.35483612442118, 52.42480779367039], [11.373731998352975, 52.429804607447295], [11.382082959658733, 52.430635176154496], [11.388898740400741, 52.42193445158234], [11.405347394747501, 52.425372605952205], [11.451350864124603, 52.40791452214501], [11.454920030097469, 52.40077476183637], [11.44344548640841, 52.39995858463879], [11.446554952627935, 52.39155925049085], [11.445307525435924, 52.38760214870306], [11.424581000667192, 52.38864461422476], [11.406893484757566, 52.38683355794128], [11.402767434551548, 52.375315939440775], [11.410857422063412, 52.374584962692815], [11.417524746489487, 52.37563383547101], [11.414760178194623, 52.380843877421285], [11.4332792661623, 52.38009655664812], [11.428375422592696, 52.374079220817826], [11.422141745208284, 52.374237615538476], [11.423466016022395, 52.37092851459167], [11.451750810097499, 52.37362279282537], [11.472595735797075, 52.37322314742237], [11.475342603495305, 52.37582103588619], [11.477669355033452, 52.37160386211587], [11.550662796764268, 52.38636972175979], [11.526281817473496, 52.33839326082478], [11.46308101589796, 52.32556656515231], [11.45053929805796, 52.324331393810496], [11.446769225042075, 52.3191782847215], [11.445763414892657, 52.30977842863881], [11.447932233860808, 52.302339374595874], [11.446153096544725, 52.30152867250444], [11.44934087448313, 52.29818171721685], [11.451015446563265, 52.29179770408943], [11.44543095178309, 52.28706298850798], [11.457200794215165, 52.2820335357226], [11.465231924378125, 52.28028295177633], [11.465377335827396, 52.28156869398337], [11.468259923909654, 52.27877510061133], [11.473098662851479, 52.279060556035596], [11.474342661498708, 52.2773753432866], [11.486615453439132, 52.2727892368161], [11.48811195147897, 52.270821426522126], [11.492098493964079, 52.270532525227864], [11.498148249811672, 52.267700052378146], [11.518778340470053, 52.269872413670946], [11.515186744489517, 52.271878436478374], [11.511181837127639, 52.271640999846376], [11.51082054191319, 52.273791085159274], [11.51257421605084, 52.282890101220104], [11.511744217368074, 52.28831011257678], [11.516728470445518, 52.29140924412915], [11.517835028637911, 52.29595091458844], [11.542946051361655, 52.2921099430015], [11.550160761859305, 52.29175364616763], [11.553315567858816, 52.29257396779349], [11.552770513466273, 52.29361840609486], [11.556070808281364, 52.29399918461525], [11.556873425882209, 52.292434608855736], [11.568919165007452, 52.289983415650084], [11.568591860148834, 52.28392837799726], [11.575385677767796, 52.28141652352225], [11.577427190884949, 52.2816459668022], [11.57880333133719, 52.28790020056879], [11.588687609554421, 52.28776332257258], [11.588498151269237, 52.28541282193492], [11.584273607761302, 52.28485255828607], [11.585199744654771, 52.28369328974204], [11.597901050264099, 52.28353166554858], [11.602658004964406, 52.28460656034126], [11.601236964845622, 52.28607912350155], [11.604749944197923, 52.28647030758637], [11.603015637824189, 52.27015475664583], [11.600333408379345, 52.26975590048127], [11.601238613655273, 52.267598379903376], [11.598994512298681, 52.26720164505374], [11.588252479404163, 52.25436392419564], [11.584493502542871, 52.25446428949653], [11.589096416631842, 52.25338632160289], [11.587655483811933, 52.24920824610929], [11.599859250834157, 52.2458524431554], [11.595911847833689, 52.234362635285095], [11.591958223944937, 52.23563431376479], [11.59097956050988, 52.232686566342984], [11.582067158754258, 52.23653295077539], [11.577019633826719, 52.23671255297987], [11.574636446010361, 52.23107492805793], [11.563389859926414, 52.221386146347285], [11.550533347966475, 52.22419771169407], [11.548962112070296, 52.21997877257457], [11.54390533651174, 52.22006111070672], [11.543434630714826, 52.215983070964896], [11.548706057486575, 52.209286022609966], [11.536082201779724, 52.20648565087044], [11.536569257967228, 52.20372977427206], [11.576492586855505, 52.20279381032911], [11.571221201957954, 52.195994409827755], [11.571116966449557, 52.19060013917334], [11.562670354159263, 52.189182404184876], [11.563122301122007, 52.18780705812908], [11.556974654507805, 52.18408949003805], [11.556540254278206, 52.18146589017967], [11.548261901357062, 52.180750020562954], [11.548216161828163, 52.177173883754534], [11.54273536866466, 52.169100250850555], [11.537860423317568, 52.170589789551265], [11.538174734138977, 52.16927255499877], [11.533943195696224, 52.170277652779454], [11.534422295485076, 52.171860675926645], [11.531684372919372, 52.17204945328055], [11.53196488300345, 52.173567916351146], [11.537121910853052, 52.17336782489738], [11.536913934159339, 52.17442532226377], [11.533295577859267, 52.1746696521243], [11.533659576062718, 52.17801747111211], [11.516607895595037, 52.178362872493736], [11.515767791850786, 52.180954188086055], [11.51770637505569, 52.181225711133365], [11.51496947003934, 52.18644356204302], [11.50611071728201, 52.183418125114976], [11.503057454148097, 52.185182570067056], [11.502791856549003, 52.187007848294144], [11.49803699667806, 52.186281375103924], [11.498442592435563, 52.18789458784549], [11.50242715133478, 52.18820722202162], [11.50233805218723, 52.19300389344498], [11.485833900909288, 52.194660089990464], [11.486736208814515, 52.20185787617487], [11.497638776587925, 52.20177752266602], [11.502649230425435, 52.203074146662146], [11.50063223015755, 52.20699864669554], [11.494817897328836, 52.2074278214507], [11.494442363931414, 52.209111669016856], [11.492874375196257, 52.208665104639614], [11.492846831367117, 52.213477772531874], [11.488931600210508, 52.210855486008235], [11.47185559996709, 52.211370356231505], [11.470337570724348, 52.20993712373668], [11.463117573395415, 52.2127183126789], [11.460727792934676, 52.212218610252854], [11.457769634537467, 52.21501505853395], [11.460654360838545, 52.227360902894766], [11.45850377726875, 52.23406704140037], [11.461784334580212, 52.23454281941044], [11.463177514489876, 52.242165728885105], [11.467400836211063, 52.24109556549915], [11.467415102151502, 52.242239571757345], [11.469431122169635, 52.24221886604525], [11.469486907334494, 52.24514749698789], [11.463726441138746, 52.24509965155527], [11.463166644688574, 52.249387193573426], [11.458247319633001, 52.247999934248135], [11.452151129769533, 52.25206448971255], [11.446191373189075, 52.24933522017089], [11.447072465777826, 52.2462025134917], [11.444035031508157, 52.2452424430999], [11.446326013892442, 52.23955958313633], [11.441299527382018, 52.23834273710198], [11.442115341989743, 52.23697187189107], [11.429288904424796, 52.234345158436795], [11.430416083764422, 52.23171801233944], [11.422823899719386, 52.22984000779828], [11.419153871554244, 52.232384327875955], [11.400509797900833, 52.22836249646416], [11.374356980598483, 52.22794142979018], [11.369651752545948, 52.22679716212951], [11.36900370840843, 52.230480376809304], [11.371446127832865, 52.23371472272868], [11.371176528598783, 52.23983321272569], [11.369021247840228, 52.24386463089078], [11.370999597724616, 52.246267501514545], [11.368690756240632, 52.24901934103018], [11.37022265590591, 52.251591081440765], [11.364607901361259, 52.255470147131966], [11.365167142773883, 52.257538999200754], [11.35573695773558, 52.26486700273545], [11.3543360195232, 52.27197678440383], [11.34489255446278, 52.27621199604996], [11.345564137349038, 52.27840642612693], [11.34076622887604, 52.281356192359766], [11.33696070121565, 52.28019519756103], [11.328839763105321, 52.28104549249063], [11.323590488923914, 52.280209487516586], [11.321518427205568, 52.27844049859687], [11.323989629729995, 52.270667707628775], [11.31582428758746, 52.27076979505623], [11.304504121408419, 52.26844210513564], [11.296778760695723, 52.280863965456035], [11.296628742835635, 52.278795574141036], [11.29079974771167, 52.27718539663725], [11.2925882861293, 52.27377900966192], [11.290532387687342, 52.27165112113932], [11.300240897320268, 52.259347080388814], [11.305202060457521, 52.2387930515192], [11.304731670470808, 52.23713944029622], [11.299222844821937, 52.23724438679414], [11.300630299034644, 52.2345126867472], [11.302267453787115, 52.23434213882112], [11.301588559087243, 52.23616982383358], [11.302864293033968, 52.23594191255606], [11.303062324266318, 52.23271967065441], [11.297898320960487, 52.23365672207614], [11.29797341913994, 52.229803508070376], [11.300906850567458, 52.229611165752644], [11.303065319211205, 52.21988631634047], [11.289222330397882, 52.219146069416475], [11.289604549334394, 52.21522421178434], [11.29254919488489, 52.2145358501346], [11.29196356577173, 52.21221295980616], [11.297442458912029, 52.209292691900494], [11.29642959251966, 52.208518408599865], [11.30565702465504, 52.19881632272733], [11.308096568507047, 52.19395827259347], [11.319836425964327, 52.19508889695609], [11.321134748985065, 52.19433614184283], [11.323008796456747, 52.19012491309741], [11.319526668482624, 52.189762383038286], [11.320463444255346, 52.18468001099847], [11.322491965751874, 52.184722088448005], [11.323583144203031, 52.17173963346483], [11.330591396715743, 52.171922447937675], [11.330580645396463, 52.16566072281113], [11.364125065483979, 52.16767396659466], [11.365551487791215, 52.16325256857426], [11.364308091268533, 52.16375026418853], [11.364388281715465, 52.16006742536172], [11.368424964829194, 52.14969434660486], [11.366654049640387, 52.149558601862275], [11.367103811675479, 52.13883381154914], [11.361050472250426, 52.138005061862685], [11.36140293271151, 52.136554314447444], [11.357942783347275, 52.1361109197681], [11.340126786108677, 52.14421006033736], [11.329405829214208, 52.14677811907072], [11.3279555846232, 52.14772688906903], [11.329220031402677, 52.1499652578603], [11.325220377433892, 52.151002588547016], [11.324573051571253, 52.148759471559984], [11.320734695633435, 52.14832451080519], [11.321248887594306, 52.146875177455605], [11.319002761708742, 52.14666378400601], [11.309217318825466, 52.14746170373932], [11.303849373893625, 52.15024173298082], [11.297052401020695, 52.15077168212125], [11.297698983093538, 52.144834330652756], [11.295630031751529, 52.146071806403945], [11.289979304661607, 52.14644033085543], [11.290099150471422, 52.14869119197236], [11.28163079649694, 52.14802299991458], [11.27853007948286, 52.14404040429426], [11.285446966444745, 52.137595167067545], [11.292557476519827, 52.1340441291853], [11.292149923347157, 52.12855826625894], [11.295810751363645, 52.128311632778065], [11.29633691378192, 52.124762000984326], [11.294455333494792, 52.12367840474741], [11.27759169304623, 52.12023349750796], [11.275975570903313, 52.12228862488005], [11.275393772470242, 52.118764122832324], [11.271441934875794, 52.11786742018639], [11.270743433882673, 52.11453122643956], [11.266460430326983, 52.11450964007466], [11.264660212211432, 52.11171285211562], [11.256780963103079, 52.113654755448806], [11.256394080255632, 52.117905350122044], [11.249457400652481, 52.11756241381074], [11.246494078126265, 52.12103287769117], [11.249611710785357, 52.12447331174987], [11.239753711658663, 52.121762435212055], [11.234115198062609, 52.125824589083905], [11.230378690935309, 52.12452144111778], [11.226740190816356, 52.120497937589626], [11.223900084119023, 52.12123479010986], [11.229076076168978, 52.11856421263072], [11.226363721976474, 52.11600014840579], [11.223179323886288, 52.115967853386415], [11.213952968479033, 52.1065237646988], [11.202844087741195, 52.106281569092495], [11.204116352959131, 52.104395043476984], [11.194470163458137, 52.10601488240493], [11.190626509266089, 52.10908925462415], [11.184157704003715, 52.106788473862586], [11.181271310156292, 52.10757991010267], [11.178184117075116, 52.110826152254845], [11.174441899672589, 52.11174831064519], [11.174395302547499, 52.113724165228874], [11.168291315842074, 52.11514011497616], [11.165556755769273, 52.12035661057391], [11.165996730515175, 52.123067848562535], [11.161098607490782, 52.12281062291837], [11.160876800940958, 52.12363482133546], [11.147168805829303, 52.125082964973956], [11.131481329716078, 52.12404161878683], [11.12197845810968, 52.12142853633229], [11.123354647747362, 52.119350269011946], [11.119166402213343, 52.1186829381687], [11.120038051617087, 52.11601513917142], [11.118898226556238, 52.114871664536786], [11.114300324593865, 52.1144100915606], [11.114711719884346, 52.11297366783926], [11.100281096386352, 52.11191480976596], [11.077974880414253, 52.112375189197415], [11.076845446094454, 52.10407817710205], [11.068842060167903, 52.106398673263364], [11.067960818254429, 52.10129489478521], [11.069959589150573, 52.10128434541779], [11.069976001163345, 52.09785224008597], [11.076420298938118, 52.0986200628846], [11.07744690525272, 52.1005507587336], [11.07557023175944, 52.091300840369556], [11.059301314452295, 52.09216363907677], [11.058991198283431, 52.08759021859871], [11.055179942397073, 52.08875633367693], [11.05437508657626, 52.084094043721045], [11.057592281009764, 52.08323412318626], [11.055647301518617, 52.08328082152832], [11.053752402596649, 52.07757154362163], [11.058144192847728, 52.076210296408505], [11.05022817760329, 52.06686552721715], [11.045359199911378, 52.06594758495127], [11.038436596897924, 52.066852879517654], [11.021862301856185, 52.063077693628394], [11.017081132439767, 52.048151851728136], [11.014647720851036, 52.04660108657516], [10.987088232788587, 52.05174020895898], [10.97031613576166, 52.05279784897445], [10.964708739855244, 52.05620013248636]]]}}, {"type": "Feature", "properties": {"wkr": 5, "wkr_name": "Genthin"}, "geometry": {"type": "Polygon", "coordinates": [[[12.171370401430398, 52.5060940197392], [12.181056165668917, 52.49993092447537], [12.184581551824554, 52.49570826354256], [12.18947720022075, 52.49883460246387], [12.1966055352335, 52.49907872904803], [12.200837595907583, 52.497209348536146], [12.20522163668344, 52.498131416304474], [12.21154722366693, 52.50314054092034], [12.217266456902893, 52.49964177066072], [12.221699233294546, 52.50033297648279], [12.227802404747003, 52.50602277279782], [12.223638622172146, 52.509357052900604], [12.223526140698823, 52.51133222256724], [12.231307558088927, 52.51578466312072], [12.23280233055108, 52.51935951949736], [12.231075462870963, 52.521922354237894], [12.23592515780875, 52.523976462441894], [12.24544574848829, 52.52134289434012], [12.246916404254714, 52.51872613109701], [12.253789316135586, 52.51944032857225], [12.257899149919725, 52.51824971581744], [12.258836921510136, 52.51520490275475], [12.257326204334214, 52.51171212343078], [12.259465557738453, 52.50433812871466], [12.267101987001652, 52.50103013568234], [12.270057255902756, 52.50095901606226], [12.262079122503296, 52.49521778560043], [12.269901923079475, 52.49363525659204], [12.271737559939371, 52.48750458331677], [12.279710215957605, 52.48768270701557], [12.285496536382878, 52.49258458137984], [12.294103098277667, 52.492316113470835], [12.297363485049829, 52.496110365111385], [12.310165450651532, 52.49072838185879], [12.32062314497901, 52.495549236226275], [12.330513821325818, 52.49626924628269], [12.327413057289956, 52.4913658888134], [12.324603451629397, 52.49236502225762], [12.319095615608362, 52.49065512241117], [12.316385339205482, 52.49116773751334], [12.309436706417168, 52.48636092450485], [12.308981511917636, 52.47882531497489], [12.312613682351031, 52.47816800552008], [12.316377233928002, 52.475096940981715], [12.323704836735311, 52.47649874713941], [12.327779243101789, 52.47954205542837], [12.330661707426456, 52.47848730209729], [12.324871275746585, 52.4718752562003], [12.324877024802703, 52.46407956402058], [12.316877537052711, 52.46199835555912], [12.31385776295002, 52.460035534166444], [12.317306117545218, 52.45633921272064], [12.316663231168333, 52.45260546333258], [12.30432434462066, 52.450862649363614], [12.304881360869757, 52.44772912483784], [12.302622528867744, 52.44567669247639], [12.307691532014463, 52.44448831159999], [12.302386102076015, 52.43889069184319], [12.302601163182471, 52.434408169621186], [12.289210226316174, 52.43072044184915], [12.297540163131648, 52.424004716678326], [12.292496882723626, 52.42318782171471], [12.274640131148796, 52.41572237433738], [12.27577475936363, 52.41193104299631], [12.29198415050712, 52.40761837673912], [12.299265332473825, 52.40914296693334], [12.30249833127467, 52.40484178050628], [12.301592525543583, 52.40113401895785], [12.30346875478959, 52.3974313145097], [12.302107789233922, 52.39546227594987], [12.29612745146039, 52.392892967982995], [12.291777079784046, 52.38598117249611], [12.294598592343796, 52.38112220375819], [12.306652210189752, 52.37769259042022], [12.300685371787049, 52.37102302075149], [12.285994892689873, 52.36877536206022], [12.283740312659166, 52.36421804713829], [12.298255215437578, 52.35325136354171], [12.2977549806216, 52.35091973316361], [12.306894395391959, 52.346492663671185], [12.308212402114094, 52.34467916395054], [12.302216570043184, 52.33933540131238], [12.290054014659527, 52.32317075677458], [12.28442239254875, 52.321485559111025], [12.281201488635372, 52.31818742211672], [12.273363029229888, 52.30467893878746], [12.262905151091928, 52.29513354681289], [12.2632577790064, 52.2935184679412], [12.251946258174623, 52.275395286031866], [12.251017951165627, 52.264222177109716], [12.25466189672415, 52.26188336322132], [12.247732278654988, 52.255390733922034], [12.245271362571117, 52.24987894087033], [12.256209800279803, 52.24898273208186], [12.254282807427495, 52.24781501129972], [12.262196773480273, 52.24674493618573], [12.257880274454832, 52.243276203680026], [12.253918103712282, 52.24430628351128], [12.251477474653862, 52.24313899092724], [12.246115468550556, 52.236956323442215], [12.246793070505664, 52.23516020094598], [12.243305790966003, 52.235057934842814], [12.244348186423549, 52.23244967559525], [12.2364793296207, 52.23291881855953], [12.235334291335786, 52.232228444705974], [12.238150094865542, 52.2301668635725], [12.23235706403727, 52.23021879884471], [12.23090318455613, 52.231367050905796], [12.227994143153191, 52.229435383614046], [12.225397091830853, 52.226722799373746], [12.227666174543954, 52.225098315221835], [12.226246312920559, 52.223121211936615], [12.227576407637757, 52.22140885353062], [12.217284938628568, 52.22409203887232], [12.21980760365129, 52.2271882537748], [12.218657827278612, 52.22800635369205], [12.202552815171586, 52.23046209756442], [12.201891297856958, 52.236929256505974], [12.199673569346778, 52.23702241312673], [12.199968205217221, 52.23838047361849], [12.203620926844993, 52.239023248398276], [12.218521995089374, 52.237673837018], [12.222394217848347, 52.244958435589865], [12.211558765098601, 52.24393507544208], [12.212800771097722, 52.2415341789624], [12.202097293707594, 52.24165484929758], [12.196065482861243, 52.244504118032005], [12.186939082650385, 52.25634228829368], [12.176766618298482, 52.25562388020021], [12.177279781538154, 52.26051181064385], [12.18189792124737, 52.26268282905583], [12.175371793308338, 52.26847232465074], [12.1719906368508, 52.265378862466655], [12.172524341922456, 52.26311026258394], [12.168411174663515, 52.26027606521652], [12.164169547550623, 52.25446143152727], [12.161634762929284, 52.25501739177591], [12.156608400968194, 52.25390275139128], [12.15542635663696, 52.25313746733161], [12.156589618752385, 52.25063230513038], [12.153647808933759, 52.250254082497904], [12.155081613139142, 52.24888217582989], [12.150484155886069, 52.247447366652395], [12.144708096933787, 52.24596178670479], [12.138582233939486, 52.24716734070334], [12.133109788240011, 52.245954029851916], [12.129643426944007, 52.24385943690061], [12.124279864660803, 52.243384405632526], [12.122581594816332, 52.240772336765076], [12.107292249137672, 52.24446018311159], [12.09061581811812, 52.24461194480752], [12.090798432345025, 52.249854189884495], [12.088506460300252, 52.250626255266845], [12.088302279313204, 52.253763358835215], [12.091707093514888, 52.253618553067305], [12.105743394948039, 52.26341826434833], [12.110483892569675, 52.27008199236392], [12.113900406970815, 52.27160735478972], [12.114985673610844, 52.27528850443043], [12.120510891180682, 52.27461200504963], [12.121977750119344, 52.277118678458685], [12.119441269884275, 52.279104651390654], [12.104412737925674, 52.27901990043573], [12.101399708468504, 52.28090035514898], [12.097709371305832, 52.2813138349332], [12.098113992770113, 52.2805793339756], [12.0922178590197, 52.278897976440476], [12.0869949963026, 52.278349741417486], [12.083379436700374, 52.27952284719813], [12.084257022899966, 52.28036490647754], [12.081437004319023, 52.28121158997976], [12.08115549604973, 52.285403651964415], [12.079069278965017, 52.28560933046579], [12.081296223447781, 52.287914857068294], [12.077737226903674, 52.288355112618554], [12.079864971942945, 52.291502440032495], [12.074986979362574, 52.294710355622335], [12.07834621485526, 52.29678412106775], [12.077061726286576, 52.30464201157028], [12.068704879541102, 52.3065585920545], [12.063523726584387, 52.29974550653117], [12.056720631168082, 52.30048498577934], [12.055100698968243, 52.30229200247973], [12.048491340411875, 52.30423403080843], [12.035144212895235, 52.3030686371848], [12.027255998929432, 52.304768823267985], [12.023390007834033, 52.30401305973688], [12.020102023597966, 52.295461812210874], [11.993041897605478, 52.295251783652404], [11.98392365221111, 52.29229381495705], [11.976041578392252, 52.29407381301022], [11.976224146102448, 52.30928205506355], [11.97342827811943, 52.311577552559584], [11.973832947462217, 52.31372767952289], [11.96840151234496, 52.31310713329402], [11.963617450387636, 52.3143495984447], [11.956108214279967, 52.314202433439284], [11.94410460908588, 52.31827915808303], [11.948568748515374, 52.32756134259793], [11.967956679093337, 52.331904896055846], [11.964529266788176, 52.33407735848407], [11.95794230206285, 52.33260439256952], [11.946931404003298, 52.33349226266055], [11.948630225693474, 52.337226452900744], [11.941131090400132, 52.341056472600364], [11.938507816654853, 52.34648366016774], [11.92498492503576, 52.35793161009251], [11.927136720066311, 52.35902730190337], [11.922587253421126, 52.36370099561358], [11.919268584880907, 52.36490230924724], [11.915845552733499, 52.37217512009681], [11.909207131651403, 52.36866030821957], [11.905495734736691, 52.358464114993], [11.90108233494138, 52.35438694501299], [11.875652823706053, 52.34368558927608], [11.862340205750161, 52.33589349676978], [11.85166770278935, 52.33165270351125], [11.847370200793426, 52.33741247594265], [11.844992927352864, 52.345826155796196], [11.857209517309654, 52.347332589610986], [11.854525556538904, 52.35602921269083], [11.843183605097753, 52.35473380728369], [11.83095035436226, 52.36298239413839], [11.827964410596618, 52.37217111114106], [11.8179737899931, 52.37243626666719], [11.827006958583347, 52.37844619345983], [11.834372022068191, 52.38145913959232], [11.836148191517763, 52.38583266261392], [11.83508389523101, 52.38936894485592], [11.840496936393691, 52.401230802715226], [11.816869660040673, 52.41505082839606], [11.81458292804195, 52.413292010059365], [11.809376805181367, 52.413563318205156], [11.801886851240548, 52.410668499295326], [11.789753330148976, 52.41516099321281], [11.794426445196256, 52.42197621722181], [11.783243417739714, 52.41666267074467], [11.781897847961307, 52.41719256832887], [11.786227364190387, 52.41939200394065], [11.781806858224066, 52.42109971332598], [11.773281986780615, 52.418207289893395], [11.774172816152111, 52.41501319362027], [11.776881974722832, 52.41499385500088], [11.778492442760093, 52.412944357602676], [11.782053903690906, 52.415127471703535], [11.788270556250662, 52.4135855042512], [11.789703444145195, 52.4113485676686], [11.785986937138519, 52.406681368823314], [11.783671869838738, 52.40612560685659], [11.782672820466564, 52.40450264550764], [11.785716193902482, 52.4020963179425], [11.782271460853204, 52.40034590187381], [11.779379185300078, 52.40265491605232], [11.77478790022376, 52.40015663623169], [11.767586479738679, 52.40243325279877], [11.747530872356448, 52.403111069436456], [11.730186339753823, 52.40761555903813], [11.724799550348841, 52.407845400713136], [11.722591599575397, 52.40956056670909], [11.71894861293992, 52.407981419981816], [11.71794153722133, 52.41045036810931], [11.721853190184696, 52.41200117786847], [11.72180202070446, 52.414205721865045], [11.726586341068375, 52.414937505326066], [11.726857405639066, 52.41983432941205], [11.729981511400016, 52.420498628549126], [11.729525983868431, 52.4223985245976], [11.733148025879235, 52.42437519716561], [11.726011601863565, 52.429586488981904], [11.716695360778083, 52.42773778062283], [11.69982403728854, 52.459023383831784], [11.69721218185924, 52.458199688998945], [11.692651726778479, 52.45898517088746], [11.672831790001318, 52.46393098339829], [11.648261749649416, 52.462586691695265], [11.63798564359439, 52.464788201640914], [11.642862105661182, 52.46975866196963], [11.58735669719541, 52.45837080000796], [11.60532215924223, 52.49373197964691], [11.615815613789312, 52.484783498545454], [11.641652014155685, 52.49810020553626], [11.65930637356574, 52.5135608341059], [11.661998681852017, 52.52015323198321], [11.671326430101175, 52.5240019199219], [11.67813848908386, 52.529174519634516], [11.698590914100008, 52.524773139306774], [11.699334239751774, 52.52564908760535], [11.694722695642904, 52.52655524231126], [11.695693250672452, 52.52857425752252], [11.697796608882165, 52.52792777145749], [11.713683074187953, 52.53932567080763], [11.716790479606129, 52.543371261787215], [11.741544239715818, 52.53942776462878], [11.743491815014039, 52.53889349241803], [11.74295511072328, 52.53750684171067], [11.757773929596539, 52.53554940733891], [11.76119414451398, 52.536133828732694], [11.759916672882394, 52.53062220452355], [11.764447285462904, 52.52995253617378], [11.763554971821765, 52.52763164114473], [11.777008464852685, 52.52258005291728], [11.793323237710435, 52.51911286629571], [11.8082107082048, 52.52468903496675], [11.807251125387902, 52.52770951711237], [11.814736341564165, 52.52831123496278], [11.818662205564847, 52.53090166343617], [11.818952583275339, 52.5299989541358], [11.823492852783401, 52.53067830677055], [11.825489606264822, 52.53197176601228], [11.835722215656466, 52.533754240192934], [11.835983319543912, 52.53261061160198], [11.841549975945417, 52.53320538818744], [11.841403071889221, 52.52559428106728], [11.843945347129598, 52.52596048968956], [11.843172141153694, 52.528297777261635], [11.859578452415926, 52.52934692369], [11.863646795074112, 52.530586946191214], [11.889544817730455, 52.530079626428424], [11.889221699004343, 52.53393497518454], [11.902254780283766, 52.53541976930813], [11.909328915818145, 52.5342857653664], [11.921496425869393, 52.53771866067921], [11.917102301677826, 52.55508805902664], [11.907762176616233, 52.558697737969425], [11.893238429994064, 52.561564790787905], [11.913769341433094, 52.58027603019989], [11.923368374425603, 52.577499485642015], [11.937545118852766, 52.60447693070746], [11.948068619951014, 52.596559117549376], [11.961642074491298, 52.59039346575758], [11.968939825377142, 52.594935777465025], [11.97587244360924, 52.605118950085036], [11.973751988258051, 52.61022993651681], [11.974201374747805, 52.61471358096569], [11.977686791768198, 52.61366066251361], [11.97920423725337, 52.61860247155766], [11.976382822072056, 52.61964631237819], [11.974787401861057, 52.61793586868974], [11.97128187199953, 52.619113715075905], [11.974489983301016, 52.619456595492245], [11.974435026333836, 52.62146173787799], [11.976266177007933, 52.621667214149184], [11.972012043614452, 52.62320917269306], [11.974093710372255, 52.63077633673717], [11.976157887916907, 52.6305836073408], [11.982681011096206, 52.64454522136105], [12.014956396810879, 52.64365721660615], [12.013362618988019, 52.63735944470765], [12.01539575044275, 52.62356901560309], [12.01073251016682, 52.617196805551146], [12.007324190716872, 52.61596468482674], [12.003893383780193, 52.60859601005272], [12.00368064249696, 52.60042246694619], [12.000462719081824, 52.59166465459082], [11.98785549255708, 52.57483336917607], [11.998924932866878, 52.57096656433852], [11.995869537706561, 52.569134189617756], [11.994569780844557, 52.564290280125164], [11.998047274151292, 52.55986511644789], [11.996348120541692, 52.55372195912298], [11.999402631149485, 52.54594370082577], [11.992159040382793, 52.54300872097801], [11.991228516506176, 52.5397252728807], [11.992822771313064, 52.53643443739663], [11.987715315469213, 52.535566220936786], [11.98717272128448, 52.53197478142375], [11.993587995402358, 52.52535836753542], [11.991219650588567, 52.519066272849], [11.993593767417353, 52.51825704465825], [12.008979729806223, 52.52020641691955], [12.012188187999467, 52.52298381607904], [12.020426342869573, 52.52473699869919], [12.0373172709091, 52.523157555651906], [12.047954240651832, 52.527136973856415], [12.05043094817777, 52.52466997407304], [12.060291315196276, 52.53101971830312], [12.062936007888375, 52.535060791851215], [12.077364586942958, 52.539985703902886], [12.081067565945688, 52.534827711412035], [12.088484588383121, 52.53373836475422], [12.091009204714926, 52.53098706488052], [12.09637785127479, 52.529381905531984], [12.103311194143386, 52.5249210985803], [12.101832422366188, 52.523332335645314], [12.104367220102954, 52.51549135271955], [12.103115433322829, 52.51156814101861], [12.109535240306997, 52.50730608708637], [12.112775460018405, 52.506395563498785], [12.137146921752521, 52.50800571496654], [12.14152119148051, 52.513745288944186], [12.145176856820614, 52.50731842303558], [12.150635329251633, 52.50570005149446], [12.152474448728773, 52.50341298239887], [12.154429785484883, 52.50379804545241], [12.162425026705032, 52.50074723340885], [12.171370401430398, 52.5060940197392]]]}}, {"type": "Feature", "properties": {"wkr": 6, "wkr_name": "Burg"}, "geometry": {"type": "Polygon", "coordinates": [[[12.253918103712282, 52.24430628351128], [12.270807463105319, 52.24191172245389], [12.267833791458084, 52.24073987035178], [12.275047593074024, 52.237372254543864], [12.274409013499323, 52.236376793301964], [12.269794561182259, 52.235981677447306], [12.262811328264629, 52.236934176785034], [12.262864957346721, 52.234323544722265], [12.272166067761535, 52.235432200698725], [12.28293615428429, 52.234475695767976], [12.28905228263894, 52.229103006171165], [12.289893447670115, 52.22994061838747], [12.297017439455663, 52.22877418617609], [12.28214394633561, 52.2183591988414], [12.28304320938435, 52.21824987573414], [12.282057343008898, 52.21675453478709], [12.281733462441965, 52.218142439933196], [12.281147132039136, 52.21686394850817], [12.267766714414773, 52.214481899838376], [12.260214576770112, 52.21646990989126], [12.24879014994032, 52.21178640069271], [12.245104445131215, 52.207353935957656], [12.253665673747403, 52.205660824580825], [12.250857965001192, 52.20117910766372], [12.242193423074136, 52.19580279077571], [12.241707863781546, 52.1941321810829], [12.245351616495237, 52.18620887408711], [12.248071409935946, 52.184163476188075], [12.24100557026716, 52.182082776973004], [12.231506025965569, 52.18421632401059], [12.228411434313193, 52.186041201151724], [12.219071792535415, 52.1749258928592], [12.220327004742142, 52.174501334719196], [12.21924368230255, 52.173050348661995], [12.217894637049282, 52.17322086195661], [12.218471819703735, 52.17100414671961], [12.215897690257746, 52.17111874766683], [12.221880992106565, 52.16599881237219], [12.234015702601019, 52.16282174949594], [12.231478711146577, 52.15498747639704], [12.238986675317957, 52.14746675646823], [12.24243988898065, 52.14103501434434], [12.247630194689838, 52.1373799646234], [12.262528945868382, 52.13272328972509], [12.26478570044265, 52.130728550705854], [12.26523068553013, 52.12777820267295], [12.268673164179988, 52.123981310952836], [12.271330170322521, 52.11138680064144], [12.276480438470609, 52.103909692154204], [12.27259305723889, 52.101242205965406], [12.267786856876667, 52.100214033398416], [12.244738923712282, 52.101298937646824], [12.234381066545888, 52.10305622719589], [12.212472166971873, 52.10221042031697], [12.205552913733305, 52.097717876081056], [12.204426288486895, 52.08871953004364], [12.19520365401459, 52.08701187938718], [12.184621836550257, 52.07870428652342], [12.17822119551496, 52.076463563662905], [12.156160536424796, 52.07461113294494], [12.133749159524383, 52.0691465713571], [12.127402453147393, 52.069369647506655], [12.118288347057298, 52.07198626632035], [12.10796179590452, 52.07209826600995], [12.106657154551415, 52.07350185277205], [12.098629697443803, 52.075220565919444], [12.074530403804953, 52.0757834557915], [12.075413780380362, 52.07335544130058], [12.069463429072211, 52.06527564592639], [12.060937618991906, 52.058360538079675], [12.055415074616086, 52.05726508954785], [12.038811272303265, 52.06328701412179], [12.032278460818157, 52.06813663480462], [12.006540777193734, 52.06657183911318], [12.000107457994618, 52.069430853686015], [11.994117450912068, 52.0687870090272], [11.989922592232467, 52.071671268982186], [11.986912610231224, 52.079096348831584], [11.993155238110445, 52.07712367329775], [11.99510316790854, 52.07770140374183], [11.999125984449655, 52.087869594353116], [11.981830692220527, 52.09164114451481], [11.96308747811268, 52.09338435407042], [11.960691696786764, 52.09622268971649], [11.953811932966012, 52.0987870839316], [11.933452544369496, 52.10063092277546], [11.920638819731344, 52.10457281740847], [11.913963986304958, 52.102673887493005], [11.89160323388906, 52.10570971599721], [11.892849654227216, 52.110836513898555], [11.896817690753542, 52.11618350083121], [11.888339348089355, 52.12412607649427], [11.860812733995948, 52.12421168227883], [11.860626729693994, 52.13156663196421], [11.851434991766107, 52.13841285932902], [11.85189917287002, 52.14200379148914], [11.837280228503232, 52.14223516659807], [11.835327826093454, 52.1381561574614], [11.8172250529099, 52.14101116976764], [11.810890194521892, 52.140762865099944], [11.812253433361517, 52.136621103342954], [11.800702375814673, 52.13400135262923], [11.801044855805415, 52.13203855949222], [11.795418517073127, 52.13264233336212], [11.795468658136455, 52.13123438079302], [11.791527437631752, 52.12999542621217], [11.77057083329811, 52.12491818453451], [11.76602155063528, 52.12865008954843], [11.75960474041189, 52.12911922849456], [11.75634472509353, 52.12357768420937], [11.745438957196109, 52.11466739042465], [11.74071338729356, 52.10572636959664], [11.734072511775775, 52.10220584358423], [11.729732911374406, 52.10431966682663], [11.725680110996011, 52.101932462252854], [11.731222386263239, 52.09963131270459], [11.726242269020318, 52.09928717729386], [11.725749285203614, 52.100411271959295], [11.721651914860322, 52.09967017751977], [11.721290559291, 52.10229534325116], [11.719428969769613, 52.10231160777604], [11.721247706270633, 52.103895274529414], [11.71932076685315, 52.104506855537004], [11.717156414191537, 52.114040982637775], [11.71477130230658, 52.114628014245575], [11.716011654492977, 52.12303145656306], [11.722178076557192, 52.13398166139023], [11.723339552162278, 52.137884553981635], [11.721962018709702, 52.140081893218905], [11.723997053912566, 52.142031863453326], [11.722306620164831, 52.1440499082648], [11.71719039722048, 52.146063179804834], [11.709404541421685, 52.146151599046924], [11.706235293456793, 52.149171387418484], [11.702992518126708, 52.14838646975462], [11.706050057466976, 52.14934012597224], [11.705566303200564, 52.152351116561526], [11.704263767393172, 52.15188772759812], [11.705900081261372, 52.15906025515041], [11.711860428916747, 52.15967038506241], [11.70607507043563, 52.15982717402435], [11.70742617399467, 52.16574775979862], [11.70437202174974, 52.16725643009869], [11.709893633375067, 52.16738397495772], [11.712055710404993, 52.1690777288487], [11.71013226345123, 52.17113478073649], [11.704050584054674, 52.17188160834299], [11.699078643438225, 52.17413143075438], [11.696866454943315, 52.178675501303985], [11.687383101977174, 52.18701209035496], [11.693979711332501, 52.19336249445974], [11.711476440333877, 52.20248439160527], [11.714486272614762, 52.20610716520851], [11.713664755542446, 52.21132757845845], [11.707907037486796, 52.21546086102551], [11.705382665315868, 52.21926854810987], [11.703391772404244, 52.21886838574437], [11.700902710210327, 52.22505556061586], [11.70130756543489, 52.24223483119266], [11.707181428271854, 52.24615618894331], [11.724934170026394, 52.250498142376294], [11.733516549214905, 52.25665526235583], [11.743226556970189, 52.26924802073032], [11.753323290593032, 52.27653877892833], [11.763266450620629, 52.291999308136596], [11.76527783359986, 52.29631243213312], [11.764401927497738, 52.30618501236245], [11.76627260067419, 52.30990457875252], [11.786632956147676, 52.32245382436614], [11.791289975451596, 52.32027182582661], [11.796705768189277, 52.3234594611211], [11.796212372364256, 52.32798294073998], [11.793827409330412, 52.32908875683978], [11.797818139326994, 52.33245420691369], [11.804565406176065, 52.334487771124934], [11.81090574396166, 52.3347781515578], [11.836962034593322, 52.329968792600475], [11.844773454780693, 52.330048994838464], [11.851387408170854, 52.33153261124632], [11.862340205750161, 52.33589349676978], [11.875652823706053, 52.34368558927608], [11.90108233494138, 52.35438694501299], [11.905495734736691, 52.358464114993], [11.909207131651403, 52.36866030821957], [11.915845552733499, 52.37217512009681], [11.919268584880907, 52.36490230924724], [11.922587253421126, 52.36370099561358], [11.927136720066311, 52.35902730190337], [11.92498492503576, 52.35793161009251], [11.938507816654853, 52.34648366016774], [11.941131090400132, 52.341056472600364], [11.948630225693474, 52.337226452900744], [11.946931404003298, 52.33349226266055], [11.95794230206285, 52.33260439256952], [11.964529266788176, 52.33407735848407], [11.967956679093337, 52.331904896055846], [11.948568748515374, 52.32756134259793], [11.94410460908588, 52.31827915808303], [11.956108214279967, 52.314202433439284], [11.963617450387636, 52.3143495984447], [11.96840151234496, 52.31310713329402], [11.973832947462217, 52.31372767952289], [11.97342827811943, 52.311577552559584], [11.976224146102448, 52.30928205506355], [11.976041578392252, 52.29407381301022], [11.98392365221111, 52.29229381495705], [11.993041897605478, 52.295251783652404], [12.020102023597966, 52.295461812210874], [12.023390007834033, 52.30401305973688], [12.027255998929432, 52.304768823267985], [12.035144212895235, 52.3030686371848], [12.048491340411875, 52.30423403080843], [12.055100698968243, 52.30229200247973], [12.056720631168082, 52.30048498577934], [12.063523726584387, 52.29974550653117], [12.068704879541102, 52.3065585920545], [12.077061726286576, 52.30464201157028], [12.07834621485526, 52.29678412106775], [12.074986979362574, 52.294710355622335], [12.079864971942945, 52.291502440032495], [12.077737226903674, 52.288355112618554], [12.081296223447781, 52.287914857068294], [12.079069278965017, 52.28560933046579], [12.08115549604973, 52.285403651964415], [12.081437004319023, 52.28121158997976], [12.084257022899966, 52.28036490647754], [12.083379436700374, 52.27952284719813], [12.0869949963026, 52.278349741417486], [12.0922178590197, 52.278897976440476], [12.098113992770113, 52.2805793339756], [12.097709371305832, 52.2813138349332], [12.101399708468504, 52.28090035514898], [12.104412737925674, 52.27901990043573], [12.119441269884275, 52.279104651390654], [12.121977750119344, 52.277118678458685], [12.120510891180682, 52.27461200504963], [12.114985673610844, 52.27528850443043], [12.113900406970815, 52.27160735478972], [12.110483892569675, 52.27008199236392], [12.105743394948039, 52.26341826434833], [12.091707093514888, 52.253618553067305], [12.088302279313204, 52.253763358835215], [12.088506460300252, 52.250626255266845], [12.090798432345025, 52.249854189884495], [12.09061581811812, 52.24461194480752], [12.107292249137672, 52.24446018311159], [12.122581594816332, 52.240772336765076], [12.124279864660803, 52.243384405632526], [12.129643426944007, 52.24385943690061], [12.133109788240011, 52.245954029851916], [12.138582233939486, 52.24716734070334], [12.144708096933787, 52.24596178670479], [12.150484155886069, 52.247447366652395], [12.155081613139142, 52.24888217582989], [12.153647808933759, 52.250254082497904], [12.156589618752385, 52.25063230513038], [12.15542635663696, 52.25313746733161], [12.156608400968194, 52.25390275139128], [12.161634762929284, 52.25501739177591], [12.164169547550623, 52.25446143152727], [12.168411174663515, 52.26027606521652], [12.172524341922456, 52.26311026258394], [12.1719906368508, 52.265378862466655], [12.175371793308338, 52.26847232465074], [12.18189792124737, 52.26268282905583], [12.177279781538154, 52.26051181064385], [12.176766618298482, 52.25562388020021], [12.186939082650385, 52.25634228829368], [12.196065482861243, 52.244504118032005], [12.202097293707594, 52.24165484929758], [12.212800771097722, 52.2415341789624], [12.211558765098601, 52.24393507544208], [12.222394217848347, 52.244958435589865], [12.218521995089374, 52.237673837018], [12.203620926844993, 52.239023248398276], [12.199968205217221, 52.23838047361849], [12.199673569346778, 52.23702241312673], [12.201891297856958, 52.236929256505974], [12.202552815171586, 52.23046209756442], [12.218657827278612, 52.22800635369205], [12.21980760365129, 52.2271882537748], [12.217284938628568, 52.22409203887232], [12.227576407637757, 52.22140885353062], [12.226246312920559, 52.223121211936615], [12.227666174543954, 52.225098315221835], [12.225397091830853, 52.226722799373746], [12.227994143153191, 52.229435383614046], [12.23090318455613, 52.231367050905796], [12.23235706403727, 52.23021879884471], [12.238150094865542, 52.2301668635725], [12.235334291335786, 52.232228444705974], [12.2364793296207, 52.23291881855953], [12.244348186423549, 52.23244967559525], [12.243305790966003, 52.235057934842814], [12.246793070505664, 52.23516020094598], [12.246115468550556, 52.236956323442215], [12.251477474653862, 52.24313899092724], [12.253918103712282, 52.24430628351128]]]}}, {"type": "Feature", "properties": {"wkr": 23, "wkr_name": "Zerbst"}, "geometry": {"type": "Polygon", "coordinates": [[[11.857836254476357, 51.83761562099684], [11.865908160755119, 51.852921333000175], [11.869183491675141, 51.85053912334473], [11.873266630765343, 51.854290471408156], [11.878863860635004, 51.856726848116395], [11.880977609392389, 51.8548187217933], [11.889733349212408, 51.859170990537514], [11.907573396652717, 51.86418551179935], [11.906219791945958, 51.865117741496846], [11.911850868868989, 51.866355073006545], [11.909961967846643, 51.87184381147097], [11.91561247761231, 51.87099834526632], [11.917979650186176, 51.87325406888508], [11.92014334293644, 51.87271879538836], [11.927308183116383, 51.874701578853795], [11.92191369973297, 51.87937203075959], [11.92504298533911, 51.881115508896734], [11.93716343662349, 51.88155013729086], [11.93843739412259, 51.87759169153601], [11.94915129345545, 51.87602652709387], [11.958933474578533, 51.86904329326363], [11.966774904890356, 51.86701505543355], [11.977140208549365, 51.86908248543857], [11.973285628046085, 51.87276187998678], [11.978312673107657, 51.873145124659324], [11.981492230522958, 51.87588655894865], [11.988687158082202, 51.873599789333156], [11.987560778345307, 51.872261112139505], [11.995769243964927, 51.87188912286451], [12.001660628730276, 51.87877209521475], [12.004154778802764, 51.879480840956894], [12.01003895920953, 51.8779505782159], [12.016866722709578, 51.873302096337696], [12.019281190219036, 51.87352012135535], [12.019596853518355, 51.880899473060126], [12.013475179487981, 51.88837783654612], [11.969553027905624, 51.91253271217306], [11.967394370767357, 51.91650659747023], [11.967289942210423, 51.923460588378155], [11.96542261568158, 51.925460001204385], [11.947681576839683, 51.93282362957819], [11.934100396597705, 51.94560374769353], [11.927109717982667, 51.95035367359238], [11.913408646493734, 51.955780973621955], [11.90198355538133, 51.9660241674276], [11.885954269269808, 51.97638754411443], [11.883624815084179, 51.98045667066034], [11.883577109259383, 51.98775041730674], [11.891251665773474, 52.00258129902309], [11.887760673215935, 52.013184438429], [11.875656130398385, 52.02553892311166], [11.869817397552488, 52.02688048495813], [11.861875659971163, 52.02583856420816], [11.857818836887816, 52.02776134047115], [11.850231709333572, 52.02906988232622], [11.848461572425622, 52.03430905948437], [11.842218047761165, 52.03503760684936], [11.836943693456783, 52.03720521080283], [11.838659514337639, 52.04183709875006], [11.836425887370568, 52.04417599169014], [11.842216107440795, 52.04279725928494], [11.847850768348247, 52.04311060197232], [11.848859906637683, 52.04940591383563], [11.854056977269884, 52.05186253831365], [11.848391166249531, 52.05610443621792], [11.849554129146187, 52.056784147506946], [11.83377660843064, 52.06329071411891], [11.81493230189961, 52.06257884360218], [11.811231686300465, 52.06522318335541], [11.802336081801768, 52.06844636729182], [11.783487685674325, 52.06836266912993], [11.780456558554869, 52.06736135014186], [11.77600672002772, 52.06997424723874], [11.773290683931918, 52.06715051735607], [11.770455351297507, 52.06708876153872], [11.765732176726393, 52.06880907108561], [11.762060615789228, 52.07272369676992], [11.764733985643927, 52.07393443230086], [11.76372540000513, 52.07667483317695], [11.76634687695906, 52.076711925827624], [11.766796422603152, 52.078984711102905], [11.759611160016705, 52.07886046478632], [11.762483560948487, 52.080431004979005], [11.759675967895616, 52.084877190765226], [11.75696558472239, 52.08813538154209], [11.748263530813043, 52.09331169479773], [11.744086616349044, 52.10082835660747], [11.731222386263239, 52.09963131270459], [11.726275205129841, 52.101251662198145], [11.729732911374406, 52.10431966682663], [11.734072511775775, 52.10220584358423], [11.74071338729356, 52.10572636959664], [11.745438957196109, 52.11466739042465], [11.75634472509353, 52.12357768420937], [11.75960474041189, 52.12911922849456], [11.76602155063528, 52.12865008954843], [11.77057083329811, 52.12491818453451], [11.791527437631752, 52.12999542621217], [11.795468658136455, 52.13123438079302], [11.795418517073127, 52.13264233336212], [11.801044855805415, 52.13203855949222], [11.800702375814673, 52.13400135262923], [11.812253433361517, 52.136621103342954], [11.810890194521892, 52.140762865099944], [11.8172250529099, 52.14101116976764], [11.835327826093454, 52.1381561574614], [11.837280228503232, 52.14223516659807], [11.85189917287002, 52.14200379148914], [11.851434991766107, 52.13841285932902], [11.860626729693994, 52.13156663196421], [11.860812733995948, 52.12421168227883], [11.888339348089355, 52.12412607649427], [11.896817690753542, 52.11618350083121], [11.892849654227216, 52.110836513898555], [11.89160323388906, 52.10570971599721], [11.913963986304958, 52.102673887493005], [11.920638819731344, 52.10457281740847], [11.933452544369496, 52.10063092277546], [11.953811932966012, 52.0987870839316], [11.960691696786764, 52.09622268971649], [11.96308747811268, 52.09338435407042], [11.981830692220527, 52.09164114451481], [11.999125984449655, 52.087869594353116], [11.99510316790854, 52.07770140374183], [11.993155238110445, 52.07712367329775], [11.986912610231224, 52.079096348831584], [11.988726162772972, 52.073448154884645], [11.992874228088645, 52.069125650477325], [12.000107457994618, 52.069430853686015], [12.006540777193734, 52.06657183911318], [12.032278460818157, 52.06813663480462], [12.038811272303265, 52.06328701412179], [12.055415074616086, 52.05726508954785], [12.060937618991906, 52.058360538079675], [12.069463429072211, 52.06527564592639], [12.075413780380362, 52.07335544130058], [12.074530403804953, 52.0757834557915], [12.098629697443803, 52.075220565919444], [12.106657154551415, 52.07350185277205], [12.10796179590452, 52.07209826600995], [12.118288347057298, 52.07198626632035], [12.127402453147393, 52.069369647506655], [12.133749159524383, 52.0691465713571], [12.156160536424796, 52.07461113294494], [12.17822119551496, 52.076463563662905], [12.184621836550257, 52.07870428652342], [12.19520365401459, 52.08701187938718], [12.204426288486895, 52.08871953004364], [12.205552913733305, 52.097717876081056], [12.212472166971873, 52.10221042031697], [12.234381066545888, 52.10305622719589], [12.244738923712282, 52.101298937646824], [12.267786856876667, 52.100214033398416], [12.27259305723889, 52.101242205965406], [12.276480438470609, 52.103909692154204], [12.283247737925308, 52.10405037063932], [12.292098567688894, 52.10120261730147], [12.300432195859004, 52.09621087114839], [12.314280550770587, 52.09313693762494], [12.318033454994284, 52.09081674652557], [12.321078446451924, 52.08227500652759], [12.330515569425936, 52.06827544752929], [12.348082546732629, 52.05926988542542], [12.359403902829893, 52.046785381600884], [12.377593903874828, 52.04488510309149], [12.375141078939608, 52.031775595461994], [12.377234617845472, 52.02260835362963], [12.36926731320932, 52.02262573254917], [12.365323171606292, 52.02780098222047], [12.349489739072157, 52.02552888733696], [12.339186110975328, 52.01930317377995], [12.332239600855816, 52.01205989888001], [12.329709625557484, 52.0063825629923], [12.32592060661621, 52.00616471333386], [12.326665333428908, 52.00365345628402], [12.319822667775545, 51.99940381230399], [12.30857743435278, 51.99605394762906], [12.294259089931161, 51.997059884995096], [12.278359401029597, 51.99466471745064], [12.27916103353042, 51.992708395268885], [12.273831875943465, 51.991869948990036], [12.266971235137518, 51.98880577054668], [12.25557518022584, 51.98755038258065], [12.259333571081749, 51.98235243436642], [12.254450712663587, 51.98161284809741], [12.254661279882695, 51.978257032382636], [12.252375165894337, 51.978248419038515], [12.252228969225985, 51.97722898070534], [12.257288784770603, 51.97732432719726], [12.26264888365083, 51.979036244728924], [12.26288433451114, 51.98058980579426], [12.275751605169356, 51.97901910800446], [12.280145398858487, 51.97973967958966], [12.281295244140498, 51.970089843145686], [12.265021851340876, 51.97036844678245], [12.249761449595235, 51.96607067800043], [12.241895908744324, 51.96833021465435], [12.22997852527003, 51.96882889826066], [12.229647473008674, 51.96165071915368], [12.20769044794681, 51.9614185058918], [12.206486480743939, 51.95640872480592], [12.207908108581393, 51.95709028064608], [12.211788832815804, 51.955791344580035], [12.211814612487133, 51.952492806417816], [12.21046687436103, 51.95230864574986], [12.21185104691718, 51.949591383136], [12.205256400960366, 51.94874597224734], [12.207560845360907, 51.944927784251526], [12.21015886260826, 51.944555347094365], [12.210016827391447, 51.94153920823831], [12.198245341753054, 51.935707138659296], [12.198293581802172, 51.93694967693209], [12.188670194694048, 51.93402777567522], [12.188446704822475, 51.92829342513605], [12.178244888234614, 51.927040830600326], [12.174777956468155, 51.93049104756718], [12.170664925906626, 51.931370994161306], [12.16866666223195, 51.92959461492545], [12.164943046675868, 51.929964799582855], [12.154660970519425, 51.92665299707163], [12.157893841235266, 51.92132544556262], [12.168488077482117, 51.920297789191], [12.169188470943562, 51.91359512205552], [12.17445360473524, 51.912550300288444], [12.17271102976957, 51.9096066286051], [12.184557389354081, 51.90620271813549], [12.184317382694605, 51.90160419645675], [12.177282472473268, 51.90179124043333], [12.177381285301097, 51.90349911623011], [12.166046982631794, 51.903792406190995], [12.165469855922192, 51.902104375072035], [12.138316778543969, 51.90360733975117], [12.135931073850545, 51.89638869457188], [12.12177277725181, 51.89795853836389], [12.114719856696228, 51.879750712678906], [12.113754217740482, 51.87162804026616], [12.13146088220407, 51.87159289515786], [12.134766388255738, 51.86895443695662], [12.138906930943739, 51.86825857905502], [12.141837037430554, 51.86938892107931], [12.143865576312232, 51.865771226904386], [12.142922323759118, 51.84974798308258], [12.135130628581182, 51.839130386481266], [12.133127487709974, 51.822205538168085], [12.137764958843345, 51.82185864952914], [12.138995536695306, 51.814909096396626], [12.133401372458705, 51.81197104001842], [12.13282184245846, 51.81006900984911], [12.127642006642606, 51.81035529544695], [12.118059077443572, 51.80677511845453], [12.12199247807863, 51.79988080706364], [12.117924250287508, 51.799245740263125], [12.119991702171287, 51.79645872435055], [12.109794555454014, 51.79278846177612], [12.117987231526197, 51.791399160995546], [12.115822281844359, 51.7892307177619], [12.119345283970242, 51.788553497727726], [12.12125864195614, 51.79080923551899], [12.12241024405928, 51.790484351314205], [12.119566770731193, 51.78756115385416], [12.119764743926623, 51.782138169614576], [12.13154574810178, 51.780513321091426], [12.132047332459452, 51.781402985752074], [12.138002574123274, 51.780597268438946], [12.139182028364084, 51.782270457825916], [12.143161413379453, 51.78085808608311], [12.14126261200262, 51.77844877838917], [12.146832324830587, 51.77734270839972], [12.145407193368634, 51.77557665381264], [12.128258911918929, 51.77505288130473], [12.115947831888644, 51.767902543006365], [12.118030412417472, 51.76182662387515], [12.12354431036938, 51.755114091728004], [12.118267643135974, 51.75442726172826], [12.11430902895385, 51.75536050618579], [12.109534903189493, 51.76423771476404], [12.099271671333605, 51.770206252732194], [12.095136075488817, 51.77542715680568], [12.097610672715202, 51.77657135009345], [12.090415317469597, 51.78326256313728], [12.083654835610592, 51.78411703707233], [12.078836248374666, 51.782078680011104], [12.075457857171397, 51.78705030183209], [12.073010537898679, 51.78704796491138], [12.072749468596243, 51.791245686076394], [12.07053375282102, 51.78981935132596], [12.071088246367129, 51.78834289637073], [12.077597811612463, 51.78138457026708], [12.057305388641657, 51.77390523233159], [12.03796781477495, 51.77032282495675], [12.03659482639542, 51.770387235299935], [12.036511985990789, 51.776173068231216], [12.034017228305315, 51.776266579121916], [12.034074036734, 51.773150604096855], [12.032628724445964, 51.7731985319946], [12.02851230145313, 51.775798834281154], [12.019086266164354, 51.776757211539426], [12.013553985226084, 51.77799856548577], [12.013656297906449, 51.77911967384858], [12.011195149881486, 51.7785180669042], [12.00359062772201, 51.780514731547385], [12.006988658824799, 51.78461154232419], [11.997081445701218, 51.78622542173767], [11.99457876446878, 51.78813704054018], [11.989359616082439, 51.78939152969228], [11.988320940019516, 51.79096125743146], [11.975642566954322, 51.7917213078572], [11.97482153053993, 51.78864016426346], [11.972753321464225, 51.78874291797487], [11.963776928482275, 51.79247164283413], [11.96132462890437, 51.79017779393905], [11.95314443000997, 51.7915870482125], [11.952066532503421, 51.78368519367049], [11.954948133797995, 51.78328929360171], [11.94592120510872, 51.76315432473342], [11.937946972363113, 51.75143966586845], [11.93484812577352, 51.7412935423849], [11.917751198061264, 51.74343859265971], [11.917816136607238, 51.74094495245574], [11.908736462528458, 51.740336681157785], [11.896588841804498, 51.74281837799031], [11.891275485673459, 51.74931031182574], [11.884693827052729, 51.75063675631591], [11.890368754433135, 51.76071989447484], [11.903117809566277, 51.760450025807806], [11.904424891506098, 51.76334816631282], [11.89099320615744, 51.76332186946242], [11.891013630853122, 51.76517432949647], [11.877872679859646, 51.765193358473226], [11.87773383281014, 51.766596649062464], [11.874342088392572, 51.766319659215796], [11.872327966405605, 51.76956942799434], [11.86717640349995, 51.769241298602054], [11.86664009755444, 51.7723029433856], [11.863575797376555, 51.77359665460941], [11.872031615380086, 51.77856782527274], [11.867248518758137, 51.78298578940241], [11.8489796023294, 51.779773122095456], [11.85112074373368, 51.78689995027334], [11.85649271423033, 51.78578387342771], [11.8570826285499, 51.78954752938153], [11.855804923521985, 51.796400814371815], [11.846734292103529, 51.79774397785346], [11.847481029760072, 51.79954243816115], [11.855658116905298, 51.79862671748983], [11.85561442108462, 51.79953202337766], [11.858548585061842, 51.79929342540635], [11.864061825030106, 51.79609092969444], [11.868329638163907, 51.80469143256874], [11.872643161238935, 51.803368062726776], [11.877983443657847, 51.81052533003871], [11.881022891465612, 51.810528173691004], [11.882642458004444, 51.819305851639946], [11.873478456392931, 51.82199043759216], [11.874979178157348, 51.82543170915255], [11.861324492673846, 51.83388236561403], [11.857836254476357, 51.83761562099684]]]}}, {"type": "Feature", "properties": {"wkr": 27, "wkr_name": "Dessau-Roßlau-Wittenberg"}, "geometry": {"type": "Polygon", "coordinates": [[[12.523285346768061, 51.82712453035436], [12.528937630517207, 51.82301890614344], [12.532850514124524, 51.82245008249351], [12.531841449049633, 51.81950396754487], [12.527512122717361, 51.81998755524544], [12.52169667640644, 51.817695448256345], [12.520660208429899, 51.81895470423849], [12.51252372875181, 51.820473744261925], [12.51178265296151, 51.81369931845492], [12.514119541195573, 51.81059092627468], [12.516450654166881, 51.809960992203514], [12.515868579864634, 51.80901024066178], [12.509036085595769, 51.80966975650377], [12.496428361744476, 51.80751368378426], [12.477543967567664, 51.80933000158473], [12.4748430798474, 51.79671712917025], [12.448995345534767, 51.79894563774029], [12.4462224583138, 51.79724077747278], [12.446431320188866, 51.788649680619706], [12.443377694122589, 51.78898395746327], [12.435602784566186, 51.778596054351006], [12.429692606712019, 51.77813656720833], [12.424598327826496, 51.774631695309296], [12.421552596692425, 51.77689642496343], [12.415367297872955, 51.77703814063448], [12.414583293549516, 51.778571757294195], [12.40170653332505, 51.78096898553277], [12.400633139621139, 51.77907675529652], [12.393708902038975, 51.77924121065963], [12.393755038087596, 51.78162637366626], [12.381688093434654, 51.80049865863744], [12.362943144893874, 51.79905549195902], [12.341734440253102, 51.79138383022712], [12.341361215182676, 51.789056487326896], [12.319544705684184, 51.7934586793113], [12.31973223690998, 51.79578374452988], [12.298908993822563, 51.806711592917935], [12.291730544027299, 51.80837491643921], [12.280283294309095, 51.80516154037399], [12.278879536777811, 51.8001713351789], [12.273898553366081, 51.798730902519594], [12.268212766850779, 51.79972218409831], [12.263208544701856, 51.80508971394436], [12.265186707896856, 51.81360946916117], [12.253496012382602, 51.81655163668324], [12.25065265456932, 51.81972413412806], [12.257882512732605, 51.82678239161215], [12.257461910188086, 51.82893590940056], [12.264612706334576, 51.831469503016685], [12.26252327001442, 51.83270247199798], [12.25085167949385, 51.833678749303765], [12.248219662704326, 51.83169536213024], [12.244434942772084, 51.840595781031], [12.238070931048824, 51.839286307762066], [12.236349164384135, 51.8409900984291], [12.238336117030217, 51.85015955852303], [12.235302437674159, 51.86010431401396], [12.230612143563167, 51.862232377830054], [12.22702969728301, 51.85890386189011], [12.22118412987657, 51.85777912155932], [12.215210376572154, 51.85808548486495], [12.21041945291393, 51.86042966971406], [12.208376562587684, 51.86412655296372], [12.208194039947513, 51.87346053630339], [12.207331223295192, 51.87559734387278], [12.203505097986797, 51.87765681958618], [12.192570668883103, 51.877926792550774], [12.16681209052656, 51.873661725932095], [12.150264252490269, 51.873930546998814], [12.12355632450182, 51.870926330153104], [12.113754217740482, 51.87162804026616], [12.120037295481586, 51.89579576031899], [12.122329838658697, 51.898022760719385], [12.135931073850545, 51.89638869457188], [12.138316778543969, 51.90360733975117], [12.165469855922192, 51.902104375072035], [12.166046982631794, 51.903792406190995], [12.177381285301097, 51.90349911623011], [12.177282472473268, 51.90179124043333], [12.184317382694605, 51.90160419645675], [12.184557389354081, 51.90620271813549], [12.17271102976957, 51.9096066286051], [12.17445360473524, 51.912550300288444], [12.169188470943562, 51.91359512205552], [12.168488077482117, 51.920297789191], [12.157893841235266, 51.92132544556262], [12.154660970519425, 51.92665299707163], [12.164943046675868, 51.929964799582855], [12.16866666223195, 51.92959461492545], [12.170664925906626, 51.931370994161306], [12.174777956468155, 51.93049104756718], [12.178244888234614, 51.927040830600326], [12.188446704822475, 51.92829342513605], [12.188670194694048, 51.93402777567522], [12.198293581802172, 51.93694967693209], [12.198245341753054, 51.935707138659296], [12.210016827391447, 51.94153920823831], [12.21015886260826, 51.944555347094365], [12.207560845360907, 51.944927784251526], [12.205256400960366, 51.94874597224734], [12.21185104691718, 51.949591383136], [12.21046687436103, 51.95230864574986], [12.211814612487133, 51.952492806417816], [12.211788832815804, 51.955791344580035], [12.207908108581393, 51.95709028064608], [12.206486480743939, 51.95640872480592], [12.20769044794681, 51.9614185058918], [12.229647473008674, 51.96165071915368], [12.22997852527003, 51.96882889826066], [12.241895908744324, 51.96833021465435], [12.249761449595235, 51.96607067800043], [12.265021851340876, 51.97036844678245], [12.281295244140498, 51.970089843145686], [12.280145398858487, 51.97973967958966], [12.275751605169356, 51.97901910800446], [12.26288433451114, 51.98058980579426], [12.26264888365083, 51.979036244728924], [12.257288784770603, 51.97732432719726], [12.252228969225985, 51.97722898070534], [12.252375165894337, 51.978248419038515], [12.254661279882695, 51.978257032382636], [12.254450712663587, 51.98161284809741], [12.259333571081749, 51.98235243436642], [12.25557518022584, 51.98755038258065], [12.266971235137518, 51.98880577054668], [12.273831875943465, 51.991869948990036], [12.27916103353042, 51.992708395268885], [12.278359401029597, 51.99466471745064], [12.294259089931161, 51.997059884995096], [12.30857743435278, 51.99605394762906], [12.319822667775545, 51.99940381230399], [12.326665333428908, 52.00365345628402], [12.32592060661621, 52.00616471333386], [12.329709625557484, 52.0063825629923], [12.332239600855816, 52.01205989888001], [12.339186110975328, 52.01930317377995], [12.349489739072157, 52.02552888733696], [12.365323171606292, 52.02780098222047], [12.36926731320932, 52.02262573254917], [12.377234617845472, 52.02260835362963], [12.375141078939608, 52.031775595461994], [12.377440961447402, 52.04488169320708], [12.38966444742911, 52.0436064501116], [12.397722584944427, 52.035947256293184], [12.409754626022787, 52.028725754852346], [12.420673255242482, 52.026343940680206], [12.426952765180218, 52.019493673167155], [12.435592289907287, 52.016957256068444], [12.449802286225454, 52.01620920869746], [12.452189809179242, 52.02439963630977], [12.460874530237263, 52.03469093200761], [12.476351454206801, 52.03399843001721], [12.480728077266214, 52.033179346612265], [12.480748432194305, 52.02853938626043], [12.48507923777458, 52.017161366478874], [12.49889652552063, 52.009076093210446], [12.504999963713159, 52.00712155316363], [12.535841794310427, 52.00293622822553], [12.534903112105212, 52.00130404784952], [12.539927801861404, 51.99156276300269], [12.539507877767981, 51.98501942008306], [12.603160814990567, 51.98138663040137], [12.604174882487184, 51.97034296508632], [12.585599362128798, 51.95178727759693], [12.584398979473583, 51.94775287729238], [12.585682882478043, 51.94148930306767], [12.581437329478335, 51.92731314032988], [12.56103344020157, 51.91343879415094], [12.554551833723224, 51.902461844528986], [12.548920616764416, 51.897165996759504], [12.529304018585227, 51.899155356968016], [12.523173969300494, 51.896526673117066], [12.50388436944773, 51.9019266491449], [12.50201005746199, 51.89867371442956], [12.485176910744979, 51.899393234662305], [12.485175698270785, 51.87990593929728], [12.488036932240759, 51.878783707805496], [12.491258464839667, 51.88036634234778], [12.498024196726778, 51.88043353710931], [12.503201850228622, 51.87812131032088], [12.505238478883623, 51.87408031189218], [12.50188879778913, 51.86388302323039], [12.503863878574391, 51.86113532053252], [12.508585100787368, 51.85894994272817], [12.503455373480802, 51.85520568568569], [12.500311584369216, 51.854714469935246], [12.498791069980289, 51.85629779979474], [12.495503856287128, 51.8535861747405], [12.497353008388812, 51.85138050344629], [12.4964978463747, 51.84626520472337], [12.499426815405068, 51.84462546022907], [12.49554665493053, 51.84058005406158], [12.505347370154261, 51.840956792888946], [12.508158631396496, 51.83975523866532], [12.514311903066556, 51.842940973735075], [12.516425511329375, 51.84226036310331], [12.518642214531901, 51.84011347422283], [12.51449397896853, 51.835653084875005], [12.520733903522853, 51.83281762939278], [12.523285346768061, 51.82712453035436]]]}}, {"type": "Feature", "properties": {"wkr": 26, "wkr_name": "Dessau-Roßlau"}, "geometry": {"type": "Polygon", "coordinates": [[[12.336053119723868, 51.7339016899761], [12.322146871550794, 51.73339993099295], [12.322741669256454, 51.736406769417336], [12.319640941851198, 51.73831134440217], [12.319042733706725, 51.74073666812548], [12.31416263552499, 51.74072452378983], [12.311563842174078, 51.742628071861645], [12.306701240099468, 51.74312333274128], [12.310791887013906, 51.746609183865345], [12.305114583509518, 51.75141530951433], [12.30697551290887, 51.7573845021425], [12.300039426645416, 51.76014935468753], [12.301352877978157, 51.76755119754285], [12.297669311019616, 51.76866791267064], [12.297342498615023, 51.7727737068437], [12.291412026837689, 51.7750410612679], [12.289953582052407, 51.777139498371525], [12.292387332756372, 51.785041062175274], [12.295484336715399, 51.78584573204316], [12.295943525659823, 51.78794837445537], [12.29365480199351, 51.78942342611614], [12.28525761515074, 51.789144028630965], [12.282828874450574, 51.79008459536375], [12.286584762547168, 51.79621760177626], [12.282634657073471, 51.79981956247816], [12.281365899692137, 51.800082276762154], [12.273873391392923, 51.791117665304114], [12.27334574649062, 51.78920683131639], [12.277704362052445, 51.78973044746299], [12.279526003178846, 51.787933137688164], [12.275658084971242, 51.783259363298555], [12.273430352803684, 51.78380693566479], [12.26880644303044, 51.782672471139094], [12.267827310222687, 51.781274642723346], [12.266121512112592, 51.783537118090734], [12.267794618228004, 51.78466123501696], [12.247303332821263, 51.78404694467469], [12.245863462587954, 51.785084102792986], [12.242675522932677, 51.784878924321255], [12.242892975608074, 51.783726158021054], [12.239874641682631, 51.785194809602956], [12.228156166733058, 51.76578844814746], [12.228578865142822, 51.756997103862126], [12.158075011324579, 51.776052821921354], [12.151663520499637, 51.774305592639784], [12.145874949278383, 51.77529565676677], [12.146832324830587, 51.77734270839972], [12.14126261200262, 51.77844877838917], [12.143161413379453, 51.78085808608311], [12.139182028364084, 51.782270457825916], [12.138002574123274, 51.780597268438946], [12.132047332459452, 51.781402985752074], [12.13154574810178, 51.780513321091426], [12.119764743926623, 51.782138169614576], [12.119566770731193, 51.78756115385416], [12.12241024405928, 51.790484351314205], [12.12125864195614, 51.79080923551899], [12.119345283970242, 51.788553497727726], [12.115822281844359, 51.7892307177619], [12.117987231526197, 51.791399160995546], [12.109794555454014, 51.79278846177612], [12.119991702171287, 51.79645872435055], [12.117924250287508, 51.799245740263125], [12.12199247807863, 51.79988080706364], [12.118059077443572, 51.80677511845453], [12.127642006642606, 51.81035529544695], [12.13282184245846, 51.81006900984911], [12.133401372458705, 51.81197104001842], [12.138995536695306, 51.814909096396626], [12.137764958843345, 51.82185864952914], [12.133127487709974, 51.822205538168085], [12.135130628581182, 51.839130386481266], [12.142922323759118, 51.84974798308258], [12.143865576312232, 51.865771226904386], [12.141837037430554, 51.86938892107931], [12.138906930943739, 51.86825857905502], [12.134766388255738, 51.86895443695662], [12.13146088220407, 51.87159289515786], [12.150264252490269, 51.873930546998814], [12.16681209052656, 51.873661725932095], [12.192570668883103, 51.877926792550774], [12.205306297042242, 51.87696622558325], [12.208585465268845, 51.87247889385035], [12.208376562587684, 51.86412655296372], [12.21041945291393, 51.86042966971406], [12.215210376572154, 51.85808548486495], [12.22118412987657, 51.85777912155932], [12.22702969728301, 51.85890386189011], [12.230612143563167, 51.862232377830054], [12.235302437674159, 51.86010431401396], [12.238336117030217, 51.85015955852303], [12.236349164384135, 51.8409900984291], [12.238070931048824, 51.839286307762066], [12.244434942772084, 51.840595781031], [12.248219662704326, 51.83169536213024], [12.25085167949385, 51.833678749303765], [12.26252327001442, 51.83270247199798], [12.264612706334576, 51.831469503016685], [12.257461910188086, 51.82893590940056], [12.257882512732605, 51.82678239161215], [12.25065265456932, 51.81972413412806], [12.253496012382602, 51.81655163668324], [12.265186707896856, 51.81360946916117], [12.263208544701856, 51.80508971394436], [12.268212766850779, 51.79972218409831], [12.273898553366081, 51.798730902519594], [12.278879536777811, 51.8001713351789], [12.280283294309095, 51.80516154037399], [12.291730544027299, 51.80837491643921], [12.298908993822563, 51.806711592917935], [12.31973223690998, 51.79578374452988], [12.319544705684184, 51.7934586793113], [12.341361215182676, 51.789056487326896], [12.34252526269304, 51.78526408991838], [12.338565504103025, 51.78007462651388], [12.340985709593522, 51.77530891918375], [12.343243122568, 51.77483099836239], [12.347562622807365, 51.77074289731235], [12.343140964580495, 51.76254212818703], [12.34246601476349, 51.75750358631913], [12.342814726902207, 51.752699691485745], [12.348323514230032, 51.75194521589166], [12.348579021048991, 51.75065437517206], [12.343597123633975, 51.74965399754366], [12.343859405598938, 51.74682354993748], [12.34798075363141, 51.73891183832096], [12.351802688082733, 51.736946072001224], [12.350939415644504, 51.735296523649815], [12.347996299076, 51.735249173114624], [12.348403581035157, 51.73396843789257], [12.341032432260862, 51.73387680205769], [12.340995149837198, 51.73534621049792], [12.337160258610153, 51.736133019448644], [12.33572147667557, 51.736114412128416], [12.336053119723868, 51.7339016899761]]]}}, {"type": "Feature", "properties": {"wkr": 24, "wkr_name": "Wittenberg"}, "geometry": {"type": "MultiPolygon", "coordinates": [[[[12.85251233452695, 51.93523941422569], [12.85260432244247, 51.93509225761935], [12.852604322411533, 51.93509225728121], [12.85251233452695, 51.93523941422569]]], [[[12.852512334511472, 51.93523941386299], [12.851454685356279, 51.92631318250591], [12.858066739087619, 51.92336195282749], [12.87863000942892, 51.92112261025018], [12.884309233803407, 51.909021913523496], [12.893674877334373, 51.90800941822765], [12.902381619122801, 51.90854842946733], [12.908526781698614, 51.89573088823997], [12.910561241685295, 51.89478352968931], [12.90823571345682, 51.8889194884312], [12.904140209081643, 51.88693489646645], [12.901024494402737, 51.88755472869681], [12.886225738688827, 51.879377682044016], [12.890740883507881, 51.877559697814355], [12.890943450076639, 51.874361433171956], [12.884528884477088, 51.876161267721315], [12.881402034824431, 51.87609144946502], [12.880485012099063, 51.87482058919667], [12.867598599850641, 51.87767372551256], [12.869997182773501, 51.88605239623483], [12.85536658922744, 51.88258785493808], [12.856639786324632, 51.877946465240385], [12.85849149781649, 51.87684943875278], [12.853365364557831, 51.87431287148176], [12.855202863594288, 51.87324633645985], [12.863857200716305, 51.87356584562108], [12.864518144600819, 51.86091364284177], [12.884567545675242, 51.85611484039158], [12.887107147356092, 51.85203824128767], [12.880695919647865, 51.8443398969497], [12.870587548464105, 51.83774045622738], [12.872079113714626, 51.836017399701724], [12.876003121800672, 51.83768276480283], [12.880426290688051, 51.83321917668554], [12.890187096203565, 51.827478231372936], [12.883642295700792, 51.82113729256251], [12.87910539585078, 51.81090742949592], [12.859498414202251, 51.81468580766429], [12.854072146367786, 51.81680619632248], [12.853961510313844, 51.81527661473496], [12.851394918722711, 51.81446457890673], [12.851942657090762, 51.81270607057171], [12.84998707891866, 51.812638064218724], [12.850440670137372, 51.81119373805921], [12.84702537618911, 51.813065900032505], [12.837736916235926, 51.8095641721564], [12.833739503954355, 51.810942131280605], [12.830254036644435, 51.816543024250976], [12.819407010942035, 51.81586870441702], [12.815595325884505, 51.81444963028473], [12.812435053759728, 51.818557327183754], [12.804960068642464, 51.81533983052463], [12.803094261662984, 51.81771488745891], [12.80427244957092, 51.823929284620114], [12.802642943817558, 51.828011273758555], [12.783941249551871, 51.832704276246], [12.776237371936366, 51.832507365181314], [12.77253197684552, 51.830843463769725], [12.764012100742853, 51.82126255084954], [12.75818106141656, 51.818918644472156], [12.754530165758812, 51.81915309555312], [12.750609009105517, 51.82031100667289], [12.747455819194913, 51.82297367301945], [12.748291921208084, 51.827142065969085], [12.754889770037805, 51.835065399228064], [12.750486879986655, 51.84072567282865], [12.746696579052244, 51.84178744764139], [12.731269870240082, 51.84226320904165], [12.709634550701244, 51.852496967294236], [12.6976145002498, 51.85505783546459], [12.693203133190302, 51.85535360706727], [12.689773975438351, 51.849197690962335], [12.684091479838939, 51.84990885297963], [12.681097182718624, 51.84832545676619], [12.67265534599978, 51.85062019140962], [12.66998416042769, 51.85038582014903], [12.665263922289439, 51.847523985193234], [12.665935792615908, 51.842566103987444], [12.673977494007495, 51.83855283150121], [12.687473377048441, 51.83764948171524], [12.687834911089569, 51.83410661223359], [12.683070081779139, 51.8327685897834], [12.680347250495537, 51.83045576058388], [12.680666411275968, 51.82750249862188], [12.684575807577037, 51.82628489807182], [12.683456758413065, 51.823280183366066], [12.680450380129725, 51.821201056965734], [12.673974911633087, 51.82452382811465], [12.669256769075863, 51.823812681924856], [12.666767708252879, 51.826270159919076], [12.66382457794234, 51.8267134562417], [12.66403853363032, 51.82508845425553], [12.65943785625794, 51.82856867179632], [12.6524810376743, 51.82941014715685], [12.653015076593768, 51.831117796191855], [12.641811684902239, 51.83096740082482], [12.639695333234327, 51.82987571659395], [12.628787911416362, 51.83037710883049], [12.623372816075124, 51.82754365747291], [12.618296570363785, 51.82794662531893], [12.615281151447139, 51.83052226083229], [12.61041167939406, 51.832165563111644], [12.610549762299017, 51.837332055829144], [12.608888240277933, 51.837491985258694], [12.592154515781504, 51.833765872403774], [12.590929216946007, 51.83226985172631], [12.596626682484423, 51.82171302204985], [12.590627359184476, 51.821836704235544], [12.591334702821813, 51.825809073097325], [12.587234549416099, 51.82590822293024], [12.58678099478106, 51.82232428982788], [12.588117403624363, 51.821865658903945], [12.575404137408077, 51.82142343951474], [12.574607363042283, 51.81939883079858], [12.572127954033665, 51.82147082625479], [12.568591955404331, 51.821883550411485], [12.566985512815993, 51.819016207225886], [12.56399648481287, 51.81868751058207], [12.560932277114073, 51.82028538365319], [12.560398436159963, 51.824783551672155], [12.556929406782046, 51.825337861806084], [12.556744778026925, 51.824254102962215], [12.550487147460457, 51.823404384942314], [12.549126723382114, 51.82215201963173], [12.54683974318541, 51.824024006821375], [12.539972691085932, 51.825086514205594], [12.538045459656706, 51.828959929203435], [12.534467978308426, 51.82796191105623], [12.52325931919006, 51.82796526298334], [12.523038164273158, 51.827181865451024], [12.520733903522853, 51.83281762939278], [12.51449397896853, 51.835653084875005], [12.518642214531901, 51.84011347422283], [12.515319774634904, 51.84276473651117], [12.508158631396496, 51.83975523866532], [12.505347370154261, 51.840956792888946], [12.49554665493053, 51.84058005406158], [12.499426815405068, 51.84462546022907], [12.4964978463747, 51.84626520472337], [12.497353008388812, 51.85138050344629], [12.495503856287128, 51.8535861747405], [12.498791069980289, 51.85629779979474], [12.500311584369216, 51.854714469935246], [12.503455373480802, 51.85520568568569], [12.508585100787368, 51.85894994272817], [12.503863878574391, 51.86113532053252], [12.50188879778913, 51.86388302323039], [12.505238478883623, 51.87408031189218], [12.503201850228622, 51.87812131032088], [12.498024196726778, 51.88043353710931], [12.491258464839667, 51.88036634234778], [12.488036932240759, 51.878783707805496], [12.485175698270785, 51.87990593929728], [12.485176910744979, 51.899393234662305], [12.50201005746199, 51.89867371442956], [12.50388436944773, 51.9019266491449], [12.523173969300494, 51.896526673117066], [12.529304018585227, 51.899155356968016], [12.548920616764416, 51.897165996759504], [12.554551833723224, 51.902461844528986], [12.56103344020157, 51.91343879415094], [12.581437329478335, 51.92731314032988], [12.585682882478043, 51.94148930306767], [12.584398979473583, 51.94775287729238], [12.585599362128798, 51.95178727759693], [12.604174882487184, 51.97034296508632], [12.603160814990567, 51.98138663040137], [12.615231149156267, 51.982193834618165], [12.614335956973756, 51.99174150529446], [12.644673121702386, 51.994290083157026], [12.648355819872641, 52.007702847585314], [12.655721148679064, 52.01280473736491], [12.667540493326355, 52.013183162775306], [12.672180463087615, 52.0120186092768], [12.675814636558524, 52.00664008514749], [12.683089270516634, 52.00317252456122], [12.700215003153964, 52.002607847548084], [12.711909524644494, 51.999759298062756], [12.712072599417644, 51.99693057222421], [12.73134206792723, 51.98837805940699], [12.743198306387805, 51.98914109693451], [12.755903831328228, 51.98636244879729], [12.75895311464296, 51.98231988868312], [12.76551707657189, 51.97969741736723], [12.77305025086932, 51.978700440842786], [12.776606519989624, 51.9760833638352], [12.776154994485585, 51.9649261304597], [12.794078802961014, 51.962311945090235], [12.813110062785087, 51.962514385818146], [12.822868707158078, 51.96349366029652], [12.834401275814363, 51.96687385492533], [12.844305614378765, 51.96762200410372], [12.845322200905995, 51.96286153916245], [12.850096983071145, 51.9591032755336], [12.852194586377358, 51.949591850023886], [12.852191253789274, 51.93703637592871], [12.852512334511472, 51.93523941386299]]]]}}, {"type": "Feature", "properties": {"wkr": 25, "wkr_name": "Jessen"}, "geometry": {"type": "Polygon", "coordinates": [[[12.85260432244247, 51.93509225761935], [12.87417849906881, 51.93392197263747], [12.888417173128675, 51.934748630043075], [12.89028127074355, 51.92829738256389], [12.896144905133069, 51.92750464363209], [12.91502726322278, 51.931238359911546], [12.917269631335111, 51.9393033177544], [12.922530257753987, 51.939197651654936], [12.935790290102855, 51.936184347848695], [12.936326718276218, 51.93719138014377], [12.947445643696843, 51.93532404898989], [12.9606339653979, 51.934986628412304], [12.956282200728532, 51.92267521918928], [12.97646832519259, 51.91991496175217], [12.9732749007164, 51.90088802654076], [12.98657778330182, 51.904050765150714], [13.009705370894267, 51.902797146740006], [13.016878657023229, 51.90067017609186], [13.021435599648333, 51.89687118495199], [13.022742236648126, 51.90327774599359], [13.033059287902537, 51.90121607228732], [13.045439678901262, 51.900572630956475], [13.048492649483034, 51.89176134300854], [13.037577452569284, 51.89085588116118], [13.039079932471601, 51.88179862680822], [13.037484835162953, 51.88013990907816], [13.026896232392874, 51.880969914968794], [13.027265470094802, 51.8785931206015], [13.03046550374032, 51.87784642030895], [13.040151097863196, 51.8707018723476], [13.061373970003768, 51.86885945060652], [13.07571036965213, 51.868879053396576], [13.080447267564915, 51.86748170763785], [13.084808363910863, 51.87372604421605], [13.09733414049034, 51.8729671434422], [13.108546918903684, 51.875445519141756], [13.113629401184513, 51.87480775290945], [13.113591773708466, 51.87657413631424], [13.119176494936653, 51.876609612818434], [13.118932676082473, 51.88297225765073], [13.132486300255376, 51.882351926250614], [13.13222081300875, 51.879555612222106], [13.138909708610935, 51.87951325090079], [13.13999531343896, 51.87618080332258], [13.143297641266036, 51.87598569206478], [13.143634911694134, 51.87273580995627], [13.149537247188775, 51.87236571296153], [13.150794224438728, 51.859697381697124], [13.135266717089111, 51.85764925952338], [13.1235199668204, 51.85786708270201], [13.123593056621011, 51.85436574032094], [13.135640468172952, 51.83271049753712], [13.138847861694368, 51.8313090427681], [13.139358801014634, 51.82859694809315], [13.14233231017408, 51.828284267648684], [13.142384619768706, 51.82613142610642], [13.140204172389286, 51.824545780810816], [13.14202475487853, 51.82209268016674], [13.145188979757867, 51.81968772633464], [13.149110013657316, 51.81996083825824], [13.147520144277605, 51.817863069361316], [13.153667915525183, 51.81486191490944], [13.162088731519624, 51.80428848132636], [13.162895842494647, 51.80200804808586], [13.16003418454075, 51.799530862155606], [13.161255046914144, 51.79786389127489], [13.160783215467385, 51.797074174480116], [13.158442998335818, 51.79755909950318], [13.163503877902372, 51.79240022735244], [13.160007371450215, 51.78798873785783], [13.170551910238226, 51.787015798576924], [13.169443945217468, 51.78286656187034], [13.160463126962606, 51.784093190646736], [13.160093473902903, 51.77509502238731], [13.147524033377728, 51.76646269233748], [13.156070372586893, 51.76417364823839], [13.153732065756156, 51.7638536749122], [13.149689517713359, 51.759316360437204], [13.160668856288193, 51.754794688340695], [13.163575006474966, 51.754858130112986], [13.16277522172997, 51.750556246884095], [13.158583675678976, 51.75084582955128], [13.155976058328243, 51.747639601969354], [13.158019037305504, 51.74505035246173], [13.156166926195946, 51.746154356990736], [13.154672973608875, 51.7444223395179], [13.152346773914905, 51.744363300319996], [13.16168979787004, 51.74080496609204], [13.165159229983292, 51.7416938775908], [13.168402852434847, 51.73858913364906], [13.167139196971744, 51.73532342744042], [13.175130906161339, 51.733767147301634], [13.17801986013998, 51.73209290190315], [13.1832725966357, 51.723224076521795], [13.18630037362092, 51.72222073048176], [13.18447512419477, 51.72013335431823], [13.186987454680457, 51.715863969926474], [13.179255832357, 51.7162108302895], [13.175227382228918, 51.71818070536978], [13.171860852892731, 51.71699782430533], [13.167421604977207, 51.71830423248134], [13.171265772606237, 51.71236041399622], [13.16987046680347, 51.70804307881077], [13.161942352223141, 51.71307619384835], [13.154294576443666, 51.71060924173654], [13.16121296731028, 51.69554742398979], [13.156352413045292, 51.694621432400965], [13.162411397269578, 51.69186127319834], [13.161896069359091, 51.6906527126216], [13.15547954938403, 51.689131295265184], [13.154506128117449, 51.686652052285304], [13.023740757038555, 51.63742039114576], [13.021443223971188, 51.641452431032924], [13.016192007877178, 51.644909735744456], [13.020644638292142, 51.65339517048845], [13.017937133563255, 51.659209052666085], [13.011646445259435, 51.66461540729052], [13.005232194960419, 51.66184799429172], [13.001148827054179, 51.667670046400104], [12.998172712812831, 51.667559367025824], [12.99608258132689, 51.669292220746335], [12.977985811367372, 51.668236560603695], [12.977171901425823, 51.666308521304465], [12.982047708271912, 51.66417984685037], [12.978994799056299, 51.66309109712893], [12.973132451758097, 51.66520639863215], [12.966876505125322, 51.665454347614826], [12.972348243051972, 51.65122851979111], [12.96578653574069, 51.6524332565807], [12.963149824178833, 51.64947459292008], [12.958097531230706, 51.6512772900865], [12.949541973480345, 51.6493969596606], [12.9521269546892, 51.64359018480269], [12.950963095128195, 51.64283380926305], [12.950285194451844, 51.643766494828576], [12.942444030129215, 51.63822884514031], [12.936505091571226, 51.645520760307676], [12.928222373524918, 51.64951410676972], [12.915016622877483, 51.648763479253915], [12.915518174603589, 51.64576868435861], [12.913203389382023, 51.64410658888954], [12.908351659215931, 51.64656109089312], [12.902996528433901, 51.64615826239756], [12.898343338725855, 51.6474917828091], [12.89135548377053, 51.653999002467714], [12.895206619400039, 51.65871797096213], [12.895177196090327, 51.663720085278264], [12.88867669600378, 51.66718082078513], [12.880294068071885, 51.65908051934473], [12.872614732755379, 51.65830320088434], [12.866091676767429, 51.65503882537743], [12.86501790316072, 51.65561329027275], [12.867729042510797, 51.65648613143973], [12.864917051689888, 51.65806616338062], [12.863806025044603, 51.6610141501535], [12.866518623195567, 51.66396405377924], [12.860500935385264, 51.66477946610991], [12.862256406645162, 51.6736941864853], [12.860378027076598, 51.67468407955826], [12.858921107351854, 51.67211936168994], [12.856988049472227, 51.672518097737274], [12.859309568788147, 51.67597478272289], [12.855916065624358, 51.6791946466276], [12.854286689163885, 51.67850866920378], [12.850233853407515, 51.68125759276765], [12.84860177351855, 51.68103749951649], [12.846436937767393, 51.684176092106235], [12.84421789862392, 51.68487107981002], [12.841073695154922, 51.68204295313172], [12.836700762380177, 51.68252758556249], [12.832164677686283, 51.68099858636831], [12.82829966467604, 51.68223590818728], [12.828087317095822, 51.68056990688204], [12.832021566979975, 51.67623670262818], [12.826176307888263, 51.67529795310567], [12.81903440101499, 51.67233083653338], [12.818032615211727, 51.67057765712], [12.807171204118141, 51.66707073892403], [12.79249391300608, 51.6654258699019], [12.78946618216604, 51.66374620061674], [12.782029269776888, 51.65365308005131], [12.772691123161085, 51.647403169918846], [12.764393852142467, 51.64656511467579], [12.764917976296507, 51.64819644990693], [12.760588787738085, 51.64962846762686], [12.749556248663495, 51.650254008104696], [12.740383246456167, 51.65567221682794], [12.729060903522615, 51.65710468078672], [12.716907427624063, 51.66149329197044], [12.705724428856744, 51.662581974024555], [12.698727856125329, 51.66033991509791], [12.692463800270879, 51.66284871213274], [12.687328597456538, 51.66129013914907], [12.679594518739421, 51.65575986403159], [12.676719800616528, 51.64855629960778], [12.672788273929308, 51.64586121423489], [12.671498698190888, 51.64754758053398], [12.66927060218138, 51.64649639519342], [12.671907114773092, 51.645217092937784], [12.666834047254962, 51.641574377512065], [12.665864765494632, 51.631474956606354], [12.663882465345173, 51.631690115190594], [12.663364378286422, 51.63012469616973], [12.657134662687131, 51.63029466034215], [12.65330965592946, 51.62620689255722], [12.6490765987922, 51.62500529793621], [12.64922033590906, 51.62087558541516], [12.639434730952885, 51.61976147428161], [12.636884660416722, 51.61706999339353], [12.622584020923426, 51.61552737382531], [12.608091126101707, 51.61099995423001], [12.612160805681048, 51.614369367931495], [12.62252992284163, 51.616476513651016], [12.622966883613003, 51.6202442057647], [12.628647182586093, 51.624106009860675], [12.62805903188644, 51.62600772189278], [12.624229018211057, 51.62795310320081], [12.606747206387318, 51.626934640498796], [12.599385341280403, 51.62343335424416], [12.595631077524141, 51.61821940176864], [12.589212284731849, 51.618124764860916], [12.590291462748324, 51.62008229821667], [12.587157105917978, 51.62408387901043], [12.588433882123438, 51.625520738220075], [12.586972426981413, 51.62596823629641], [12.585169426771026, 51.62455921717814], [12.57498912739209, 51.62718224779903], [12.575903295421753, 51.630403977665324], [12.561359531754926, 51.63552952818799], [12.559651548181765, 51.63746040613576], [12.570539743965218, 51.6371680631908], [12.569442605553675, 51.641633838426905], [12.566294632947573, 51.64240107628399], [12.569427007950402, 51.6427042906936], [12.572068094776597, 51.648060115113495], [12.570946678057558, 51.65172896376404], [12.573976155911808, 51.66737462777129], [12.54976491478741, 51.668458379010325], [12.549180047379219, 51.664016220025424], [12.529008622328234, 51.66438086435597], [12.516897821139665, 51.66054021811253], [12.508858117698992, 51.66716413124131], [12.502093403865686, 51.67010421845181], [12.497498973540115, 51.67071181191739], [12.49522424176296, 51.68242485746912], [12.477296139065206, 51.681883412920875], [12.474082566854285, 51.6824300181184], [12.473734016627839, 51.69014089188967], [12.471871071966735, 51.68997602071636], [12.471436537364314, 51.693196047444076], [12.475229183912809, 51.7013943200568], [12.473081554542532, 51.703054513246194], [12.459085498804274, 51.705577880778925], [12.443573306732276, 51.70329178267933], [12.433923284585587, 51.70365589431617], [12.429949844550988, 51.70298921592819], [12.423744584302346, 51.699576361671426], [12.419268961433502, 51.69895027540833], [12.41425044722732, 51.69548690251044], [12.404005684692281, 51.69404356118115], [12.397674704824492, 51.694236668533414], [12.391528194868279, 51.6971039669581], [12.384548467168289, 51.698425492661755], [12.370854301104591, 51.69464057293593], [12.36956078692346, 51.69150800518017], [12.360586273970217, 51.68558080924587], [12.350598607109335, 51.68448948859553], [12.348565300126745, 51.696142199154984], [12.344859290077789, 51.70362979129531], [12.356112681630773, 51.704431006741416], [12.363975846402594, 51.70692278481273], [12.36044998629895, 51.70967564430046], [12.354951033508678, 51.71149296532239], [12.354864354652682, 51.71431729099933], [12.353482413157257, 51.71379017915497], [12.34841454346834, 51.719818747478335], [12.336018123578876, 51.717713387603105], [12.327135867310513, 51.717512339058864], [12.32446623582618, 51.72649564999849], [12.327927046928785, 51.72680330221271], [12.328075074400395, 51.72959000362321], [12.33618224892638, 51.7294965804261], [12.33572147667557, 51.736114412128416], [12.33946410859744, 51.73604172113446], [12.341032432260862, 51.73387680205769], [12.348403581035157, 51.73396843789257], [12.348517645581778, 51.73565138844246], [12.351493344113653, 51.73581454942607], [12.350899212663972, 51.73818691713563], [12.34798075363141, 51.73891183832096], [12.343859405598938, 51.74682354993748], [12.343597123633975, 51.74965399754366], [12.34867927876288, 51.751468680074474], [12.342814726902207, 51.752699691485745], [12.343140964580495, 51.76254212818703], [12.347471527269027, 51.77128441916721], [12.340985709593522, 51.77530891918375], [12.338565504103025, 51.78007462651388], [12.342835450605024, 51.78640880153899], [12.340573905674132, 51.79079075794667], [12.362943144893874, 51.79905549195902], [12.381688093434654, 51.80049865863744], [12.393755038087596, 51.78162637366626], [12.393708902038975, 51.77924121065963], [12.400633139621139, 51.77907675529652], [12.40170653332505, 51.78096898553277], [12.414583293549516, 51.778571757294195], [12.415367297872955, 51.77703814063448], [12.421552596692425, 51.77689642496343], [12.424598327826496, 51.774631695309296], [12.429692606712019, 51.77813656720833], [12.435602784566186, 51.778596054351006], [12.443377694122589, 51.78898395746327], [12.446431320188866, 51.788649680619706], [12.4462224583138, 51.79724077747278], [12.448995345534767, 51.79894563774029], [12.4748430798474, 51.79671712917025], [12.477543967567664, 51.80933000158473], [12.496428361744476, 51.80751368378426], [12.509036085595769, 51.80966975650377], [12.515868579864634, 51.80901024066178], [12.516450654166881, 51.809960992203514], [12.514119541195573, 51.81059092627468], [12.51178265296151, 51.81369931845492], [12.51252372875181, 51.820473744261925], [12.520660208429899, 51.81895470423849], [12.52169667640644, 51.817695448256345], [12.527512122717361, 51.81998755524544], [12.531841449049633, 51.81950396754487], [12.532850514124524, 51.82245008249351], [12.526512880056522, 51.82434226483842], [12.52325931919006, 51.82796526298334], [12.534467978308426, 51.82796191105623], [12.538045459656706, 51.828959929203435], [12.539972691085932, 51.825086514205594], [12.54683974318541, 51.824024006821375], [12.549126723382114, 51.82215201963173], [12.550487147460457, 51.823404384942314], [12.556744778026925, 51.824254102962215], [12.556929406782046, 51.825337861806084], [12.560398436159963, 51.824783551672155], [12.560932277114073, 51.82028538365319], [12.56399648481287, 51.81868751058207], [12.566985512815993, 51.819016207225886], [12.568591955404331, 51.821883550411485], [12.572127954033665, 51.82147082625479], [12.574607363042283, 51.81939883079858], [12.575404137408077, 51.82142343951474], [12.588117403624363, 51.821865658903945], [12.58678099478106, 51.82232428982788], [12.587234549416099, 51.82590822293024], [12.591334702821813, 51.825809073097325], [12.590627359184476, 51.821836704235544], [12.596626682484423, 51.82171302204985], [12.590727636568534, 51.831039561069765], [12.592154515781504, 51.833765872403774], [12.610482370178325, 51.83746496472523], [12.61041167939406, 51.832165563111644], [12.615281151447139, 51.83052226083229], [12.618296570363785, 51.82794662531893], [12.623372816075124, 51.82754365747291], [12.628787911416362, 51.83037710883049], [12.639695333234327, 51.82987571659395], [12.641811684902239, 51.83096740082482], [12.653015076593768, 51.831117796191855], [12.6524810376743, 51.82941014715685], [12.65943785625794, 51.82856867179632], [12.66403853363032, 51.82508845425553], [12.66382457794234, 51.8267134562417], [12.666767708252879, 51.826270159919076], [12.669256769075863, 51.823812681924856], [12.673974911633087, 51.82452382811465], [12.680450380129725, 51.821201056965734], [12.683456758413065, 51.823280183366066], [12.684575807577037, 51.82628489807182], [12.680666411275968, 51.82750249862188], [12.680347250495537, 51.83045576058388], [12.683070081779139, 51.8327685897834], [12.687834911089569, 51.83410661223359], [12.687473377048441, 51.83764948171524], [12.673977494007495, 51.83855283150121], [12.665935792615908, 51.842566103987444], [12.66501774088185, 51.84693076080508], [12.66998416042769, 51.85038582014903], [12.673590416113512, 51.850594510618635], [12.681097182718624, 51.84832545676619], [12.684091479838939, 51.84990885297963], [12.689773975438351, 51.849197690962335], [12.693203133190302, 51.85535360706727], [12.709634550701244, 51.852496967294236], [12.731269870240082, 51.84226320904165], [12.746696579052244, 51.84178744764139], [12.750486879986655, 51.84072567282865], [12.754889770037805, 51.835065399228064], [12.748291921208084, 51.827142065969085], [12.747455819194913, 51.82297367301945], [12.750609009105517, 51.82031100667289], [12.754530165758812, 51.81915309555312], [12.75818106141656, 51.818918644472156], [12.764012100742853, 51.82126255084954], [12.77253197684552, 51.830843463769725], [12.776237371936366, 51.832507365181314], [12.783941249551871, 51.832704276246], [12.802642943817558, 51.828011273758555], [12.80427244957092, 51.823929284620114], [12.803094261662984, 51.81771488745891], [12.804960068642464, 51.81533983052463], [12.812435053759728, 51.818557327183754], [12.815595325884505, 51.81444963028473], [12.819407010942035, 51.81586870441702], [12.830254036644435, 51.816543024250976], [12.833739503954355, 51.810942131280605], [12.837736916235926, 51.8095641721564], [12.84702537618911, 51.813065900032505], [12.850440670137372, 51.81119373805921], [12.84998707891866, 51.812638064218724], [12.851942657090762, 51.81270607057171], [12.851394918722711, 51.81446457890673], [12.853961510313844, 51.81527661473496], [12.854072146367786, 51.81680619632248], [12.859498414202251, 51.81468580766429], [12.87910539585078, 51.81090742949592], [12.883642295700792, 51.82113729256251], [12.890187096203565, 51.827478231372936], [12.880426290688051, 51.83321917668554], [12.876003121800672, 51.83768276480283], [12.872079113714626, 51.836017399701724], [12.870587548464105, 51.83774045622738], [12.880695919647865, 51.8443398969497], [12.887107147356092, 51.85203824128767], [12.884567545675242, 51.85611484039158], [12.864518144600819, 51.86091364284177], [12.863857200716305, 51.87356584562108], [12.855202863594288, 51.87324633645985], [12.853365364557831, 51.87431287148176], [12.85849149781649, 51.87684943875278], [12.856639786324632, 51.877946465240385], [12.85536658922744, 51.88258785493808], [12.869997182773501, 51.88605239623483], [12.867598599850641, 51.87767372551256], [12.880485012099063, 51.87482058919667], [12.881402034824431, 51.87609144946502], [12.884528884477088, 51.876161267721315], [12.890943450076639, 51.874361433171956], [12.890740883507881, 51.877559697814355], [12.886225738688827, 51.879377682044016], [12.901024494402737, 51.88755472869681], [12.904140209081643, 51.88693489646645], [12.90823571345682, 51.8889194884312], [12.910561241685295, 51.89478352968931], [12.908526781698614, 51.89573088823997], [12.902381619122801, 51.90854842946733], [12.893674877334373, 51.90800941822765], [12.884309233803407, 51.909021913523496], [12.87863000942892, 51.92112261025018], [12.858066739087619, 51.92336195282749], [12.851454685356279, 51.92631318250591], [12.85260432244247, 51.93509225761935]]]}}, {"type": "Feature", "properties": {"wkr": 22, "wkr_name": "Köthen"}, "geometry": {"type": "Polygon", "coordinates": [[[11.873532540468364, 51.667376597434796], [11.862060013520678, 51.67824623187294], [11.853838877400655, 51.68007448028133], [11.85185327869541, 51.67950539318461], [11.846801624171526, 51.68235225764911], [11.838666822111696, 51.68340346762511], [11.83955285198185, 51.68672401162774], [11.842615208480789, 51.68781479692664], [11.846941118518139, 51.70254362197242], [11.846714641667544, 51.71016401369316], [11.851438058664112, 51.71060939201634], [11.850114624472637, 51.71358701994304], [11.860804707605585, 51.71801188673203], [11.856302112417508, 51.718687883478204], [11.857042393100487, 51.731711564596075], [11.854988381169324, 51.73948772672383], [11.860845706826195, 51.74059387832339], [11.860295232429472, 51.74140558869884], [11.866598507789844, 51.741029548218094], [11.868523286755734, 51.75034847398334], [11.882890873871665, 51.750713212616205], [11.891275485673459, 51.74931031182574], [11.896588841804498, 51.74281837799031], [11.90383373043941, 51.74121231948517], [11.908736462528458, 51.740336681157785], [11.917816136607238, 51.74094495245574], [11.917751198061264, 51.74343859265971], [11.93484812577352, 51.7412935423849], [11.937946972363113, 51.75143966586845], [11.94592120510872, 51.76315432473342], [11.954948133797995, 51.78328929360171], [11.952066532503421, 51.78368519367049], [11.95314443000997, 51.7915870482125], [11.96132462890437, 51.79017779393905], [11.963776928482275, 51.79247164283413], [11.97102404395326, 51.78985630709813], [11.970778854618683, 51.78893483372822], [11.97482153053993, 51.78864016426346], [11.975642566954322, 51.7917213078572], [11.988320940019516, 51.79096125743146], [11.989359616082439, 51.78939152969228], [11.99457876446878, 51.78813704054018], [11.997081445701218, 51.78622542173767], [12.006988658824799, 51.78461154232419], [12.00359062772201, 51.780514731547385], [12.011195149881486, 51.7785180669042], [12.013656297906449, 51.77911967384858], [12.013553985226084, 51.77799856548577], [12.019086266164354, 51.776757211539426], [12.02851230145313, 51.775798834281154], [12.032628724445964, 51.7731985319946], [12.034074036734, 51.773150604096855], [12.034017228305315, 51.776266579121916], [12.036511985990789, 51.776173068231216], [12.03659482639542, 51.770387235299935], [12.03796781477495, 51.77032282495675], [12.057305388641657, 51.77390523233159], [12.077597811612463, 51.78138457026708], [12.071088246367129, 51.78834289637073], [12.07053375282102, 51.78981935132596], [12.072749468596243, 51.791245686076394], [12.073010537898679, 51.78704796491138], [12.075457857171397, 51.78705030183209], [12.078836248374666, 51.782078680011104], [12.083654835610592, 51.78411703707233], [12.090415317469597, 51.78326256313728], [12.097610672715202, 51.77657135009345], [12.095136075488817, 51.77542715680568], [12.099271671333605, 51.770206252732194], [12.109534903189493, 51.76423771476404], [12.11430902895385, 51.75536050618579], [12.118267643135974, 51.75442726172826], [12.12354431036938, 51.755114091728004], [12.118030412417472, 51.76182662387515], [12.115947831888644, 51.767902543006365], [12.128258911918929, 51.77505288130473], [12.145407193368634, 51.77557665381264], [12.151663520499637, 51.774305592639784], [12.158075011324579, 51.776052821921354], [12.228578865142822, 51.756997103862126], [12.228156166733058, 51.76578844814746], [12.239874641682631, 51.785194809602956], [12.242892975608074, 51.783726158021054], [12.242675522932677, 51.784878924321255], [12.245863462587954, 51.785084102792986], [12.247303332821263, 51.78404694467469], [12.267794618228004, 51.78466123501696], [12.266121512112592, 51.783537118090734], [12.267827310222687, 51.781274642723346], [12.26880644303044, 51.782672471139094], [12.273430352803684, 51.78380693566479], [12.275658084971242, 51.783259363298555], [12.279526003178846, 51.787933137688164], [12.277704362052445, 51.78973044746299], [12.27334574649062, 51.78920683131639], [12.273873391392923, 51.791117665304114], [12.281365899692137, 51.800082276762154], [12.286482200929072, 51.79684956674186], [12.28279866275391, 51.79170056859085], [12.283229963867901, 51.789743895992146], [12.29365480199351, 51.78942342611614], [12.295943525659823, 51.78794837445537], [12.295484336715399, 51.78584573204316], [12.292387332756372, 51.785041062175274], [12.289953582052407, 51.777139498371525], [12.291412026837689, 51.7750410612679], [12.297342498615023, 51.7727737068437], [12.297669311019616, 51.76866791267064], [12.301352877978157, 51.76755119754285], [12.300039426645416, 51.76014935468753], [12.30697551290887, 51.7573845021425], [12.305114583509518, 51.75141530951433], [12.310791887013906, 51.746609183865345], [12.306701240099468, 51.74312333274128], [12.311563842174078, 51.742628071861645], [12.31416263552499, 51.74072452378983], [12.319042733706725, 51.74073666812548], [12.319640941851198, 51.73831134440217], [12.322741669256454, 51.736406769417336], [12.322146871550794, 51.73339993099295], [12.336053119723868, 51.7339016899761], [12.33618224892638, 51.7294965804261], [12.328075074400395, 51.72959000362321], [12.327927046928785, 51.72680330221271], [12.32446623582618, 51.72649564999849], [12.327135867310513, 51.717512339058864], [12.336018123578876, 51.717713387603105], [12.34841454346834, 51.719818747478335], [12.353482413157257, 51.71379017915497], [12.354864354652682, 51.71431729099933], [12.354951033508678, 51.71149296532239], [12.36044998629895, 51.70967564430046], [12.363975846402594, 51.70692278481273], [12.356112681630773, 51.704431006741416], [12.344859290077789, 51.70362979129531], [12.348565300126745, 51.696142199154984], [12.350598607109335, 51.68448948859553], [12.360586273970217, 51.68558080924587], [12.36956078692346, 51.69150800518017], [12.370854301104591, 51.69464057293593], [12.384548467168289, 51.698425492661755], [12.391528194868279, 51.6971039669581], [12.397674704824492, 51.694236668533414], [12.404005684692281, 51.69404356118115], [12.41425044722732, 51.69548690251044], [12.419268961433502, 51.69895027540833], [12.423744584302346, 51.699576361671426], [12.429949844550988, 51.70298921592819], [12.433923284585587, 51.70365589431617], [12.443573306732276, 51.70329178267933], [12.459085498804274, 51.705577880778925], [12.473081554542532, 51.703054513246194], [12.475229183912809, 51.7013943200568], [12.471436537364314, 51.693196047444076], [12.471871071966735, 51.68997602071636], [12.473734016627839, 51.69014089188967], [12.474082566854285, 51.6824300181184], [12.49522424176296, 51.68242485746912], [12.497498973540115, 51.67071181191739], [12.502093403865686, 51.67010421845181], [12.508858117698992, 51.66716413124131], [12.516897821139665, 51.66054021811253], [12.529008622328234, 51.66438086435597], [12.549180047379219, 51.664016220025424], [12.54976491478741, 51.668458379010325], [12.573976155911808, 51.66737462777129], [12.570946678057558, 51.65172896376404], [12.572068094776597, 51.648060115113495], [12.569427007950402, 51.6427042906936], [12.566294632947573, 51.64240107628399], [12.569442605553675, 51.641633838426905], [12.570539743965218, 51.6371680631908], [12.559318277479951, 51.638025602737066], [12.561359531754926, 51.63552952818799], [12.575903295421753, 51.630403977665324], [12.57498912739209, 51.62718224779903], [12.580413556056936, 51.626044446068164], [12.574689580473834, 51.615404661010764], [12.570303317375215, 51.616859526509245], [12.562382751880056, 51.61357102513701], [12.560067793219227, 51.609032230667914], [12.561536398591489, 51.608187433594935], [12.55060956278449, 51.60924112835794], [12.541535899635365, 51.607458350513646], [12.54455229524056, 51.6039718078109], [12.540676777853392, 51.602360842347196], [12.536650396033645, 51.60238142357777], [12.535719663385388, 51.60536416791173], [12.533758796155237, 51.60616520106114], [12.52736796686622, 51.604987992952445], [12.523512103174298, 51.60688604363947], [12.516296089396082, 51.6056276726589], [12.506866135273059, 51.60849615865053], [12.503366642786053, 51.60457234501518], [12.496334923113682, 51.60518821077476], [12.49460256164766, 51.60397541693853], [12.4976404561501, 51.60301094303923], [12.497702022443017, 51.596710580655866], [12.490181864339442, 51.59824099920983], [12.482390006807567, 51.592595799082076], [12.47747355243834, 51.59609660795455], [12.487550734425145, 51.60103464540832], [12.485262066634448, 51.60441736573305], [12.470649023465484, 51.605219606366596], [12.460394224847743, 51.60330378300711], [12.451044593266335, 51.6063606568805], [12.449167556152823, 51.60968265781338], [12.444678831987133, 51.610334601298824], [12.438926584564, 51.60514325454429], [12.432531306760536, 51.606484277949775], [12.433339935404275, 51.60392566063202], [12.438250499379178, 51.60244003304031], [12.436829947182023, 51.599561445742125], [12.434032283611723, 51.59938364004705], [12.433492887592624, 51.59760441346555], [12.427348288492247, 51.59925308939173], [12.423864984166782, 51.58798692231265], [12.425652966189542, 51.587756822273285], [12.425374964760913, 51.58205053573232], [12.416626967893375, 51.583012718302825], [12.41622640959901, 51.58205551331267], [12.411601093029383, 51.581810447045214], [12.39721228620176, 51.58490992605696], [12.39600138106099, 51.587006192528285], [12.385648079025774, 51.58982554193377], [12.386214286658062, 51.592509470399456], [12.390813395794966, 51.595093095914606], [12.39032287830925, 51.59760839656789], [12.39211100007826, 51.59908071677615], [12.383362120473008, 51.602579269783234], [12.381969158727888, 51.60742850317293], [12.382559428344457, 51.6117733640379], [12.392228429446016, 51.61256060141454], [12.394283243803583, 51.61478580475097], [12.389437938421423, 51.61423638418383], [12.38731290170004, 51.61540753334297], [12.38938121668871, 51.618508923497025], [12.388124018231336, 51.61984120811973], [12.389995986541853, 51.621358052122496], [12.388481172226339, 51.62252761549472], [12.38927009235467, 51.62439981703307], [12.378356572405552, 51.61506304020892], [12.367753175019768, 51.62425859217855], [12.362640618004827, 51.624836112524704], [12.355108358439027, 51.623701697225535], [12.351178719107347, 51.625272338264445], [12.350202954813271, 51.627731580812444], [12.351700888190031, 51.62914970445815], [12.36002473848699, 51.63179822747273], [12.359866384055781, 51.63325906117577], [12.356926560543407, 51.63282001307884], [12.354771627700712, 51.63522962038436], [12.35277671036723, 51.63386917429526], [12.3509700045606, 51.636311825363926], [12.352124631429309, 51.63818328219699], [12.357558602026142, 51.64007123594797], [12.358145948700521, 51.6426665190845], [12.350944705939376, 51.64947742100398], [12.346856105283845, 51.6452139657118], [12.342978866944218, 51.645037381678854], [12.342258922312814, 51.6473115769382], [12.348342220956981, 51.650289100868264], [12.348780595927302, 51.65185110726755], [12.345656906536597, 51.65290284839396], [12.337954509443277, 51.65226659036846], [12.336193393941222, 51.65615861501495], [12.333494973811169, 51.654568058089545], [12.33174919032197, 51.65485938380568], [12.325288480028641, 51.66253306438134], [12.323381875419942, 51.66279843896637], [12.311874756378641, 51.657035334826624], [12.31002436126767, 51.65893989149301], [12.307242500245275, 51.65882962302497], [12.30515744513406, 51.66378656313247], [12.300460409114285, 51.66273368403395], [12.300420977344343, 51.66102837409525], [12.299313654142994, 51.66327643252786], [12.29603894529293, 51.66337284006107], [12.296135698376357, 51.665597234148976], [12.289694040490685, 51.66496921294555], [12.286972100201892, 51.66855519939168], [12.281639129764427, 51.66853058402035], [12.280249138813948, 51.66522429579817], [12.279545193010133, 51.67133983035715], [12.277618505320197, 51.67057780959388], [12.277029434924863, 51.68729693242725], [12.288626271615701, 51.688011727523346], [12.289735062455726, 51.688747625363696], [12.28931299132011, 51.690560645460124], [12.289860361018945, 51.69088886098727], [12.296366690655367, 51.68942115703852], [12.298021298675206, 51.69193150064594], [12.292759831497985, 51.69173172053322], [12.29187644393203, 51.69390718000963], [12.286517858192926, 51.696967229283466], [12.287324062071539, 51.69954236037355], [12.28540543116895, 51.70041042294575], [12.28164344260474, 51.69835855477123], [12.278902537998336, 51.700642808410635], [12.275779791605457, 51.70013076738195], [12.275088659341433, 51.70391528754158], [12.269463508519664, 51.70263253621952], [12.26919498497924, 51.70546533965822], [12.255168498416534, 51.70427602878064], [12.254945955624414, 51.70515275817387], [12.236463279385312, 51.70053231560287], [12.234012135900153, 51.70406960397534], [12.225148988419807, 51.70172354168568], [12.220507816892368, 51.70670150044197], [12.198083186613825, 51.71589481012466], [12.184356345462195, 51.7114139862437], [12.168325354155092, 51.711881127595646], [12.16878068362255, 51.71078358006093], [12.166143804605733, 51.71029359599108], [12.153117836709733, 51.70918336728037], [12.16781955731519, 51.6940328528298], [12.165424751292079, 51.69355612212615], [12.166662339177453, 51.69173183649816], [12.177781937294142, 51.69226261150368], [12.176440494940357, 51.68856106808428], [12.161045195814323, 51.68515921942245], [12.142464984570273, 51.67681503703305], [12.120521567215238, 51.65829465212625], [12.10985081733135, 51.65374530857327], [12.11141260492743, 51.651775461417195], [12.084844890972802, 51.64741234166732], [12.08327197906394, 51.64983537034149], [12.08849083107265, 51.65144533025775], [12.087049996098408, 51.652449316915], [12.086885665063498, 51.66541699506903], [12.069772250864776, 51.66610738735442], [12.067917091488187, 51.66381673858149], [12.06544894833957, 51.66421485277335], [12.065900761149262, 51.66535885371077], [12.062940670941916, 51.665491046529844], [12.06108577988105, 51.664662085305935], [12.061038257644874, 51.661104731760474], [12.03357372270665, 51.66286670014783], [12.025356177647751, 51.67092175602335], [12.01383814205506, 51.668807666385916], [12.006590124287415, 51.6460548987662], [11.974871384053433, 51.646521244570515], [11.973335847018234, 51.64636637850205], [11.973658105998833, 51.64488868513803], [11.968155263568079, 51.643493909182524], [11.95677866883156, 51.6423179360324], [11.947790744049154, 51.64321942734948], [11.943998828604453, 51.64580038819451], [11.931043257983335, 51.6465800176579], [11.924862980907008, 51.645388743517834], [11.917366199046038, 51.64786203981612], [11.91270151472186, 51.648009312067614], [11.90743897140238, 51.652436133594136], [11.894157666851951, 51.65743395417419], [11.892419669253547, 51.659923849440524], [11.88656079308076, 51.662100468571495], [11.886012947856937, 51.66545220305367], [11.883017857024553, 51.66465923775461], [11.873532540468364, 51.667376597434796]]]}}, {"type": "Feature", "properties": {"wkr": 14, "wkr_name": "Halberstadt"}, "geometry": {"type": "Polygon", "coordinates": [[[10.896617310758, 51.95005970535295], [10.896354357995255, 51.95424553931859], [10.891236457449766, 51.955027074669765], [10.892549544698953, 51.95871981460516], [10.890675204970698, 51.96086685824016], [10.886373842229508, 51.9618793744039], [10.88836611318839, 51.9666853546356], [10.884374605355303, 51.96824549220506], [10.883377053032042, 51.96738516550583], [10.878720229333586, 51.96777787204155], [10.874509007226951, 51.97100249326677], [10.868490011802358, 51.97049955339698], [10.863718130958958, 51.97840302494479], [10.85698625041847, 51.98182357664305], [10.855053465897486, 51.98428503721138], [10.849243895057505, 51.98658698707404], [10.852543334899693, 51.99309874351533], [10.855549829786005, 51.99371946576453], [10.853455819200635, 51.998007376045834], [10.849914119246119, 52.04329878547448], [10.843201859623155, 52.04301246575657], [10.84091746790567, 52.04184068308583], [10.841413694246114, 52.0496406784861], [10.853378781163688, 52.05023526745338], [10.872822537261923, 52.0575927709731], [10.880916438339204, 52.058802747354136], [10.916630295605676, 52.05803779630541], [10.93556957816836, 52.05910108247999], [10.962883399510563, 52.05735269011945], [10.97031613576166, 52.05279784897445], [10.987088232788587, 52.05174020895898], [11.014647720851036, 52.04660108657516], [11.025447684449022, 52.04023752571141], [11.057584443673841, 52.03693623305605], [11.061931157246994, 52.03707000625688], [11.062031993556333, 52.0397316973858], [11.070151887256785, 52.037846979594335], [11.067120382114606, 52.02868473718878], [11.069324580895131, 52.02375037463892], [11.074338042862234, 52.0234340531894], [11.078578331035889, 52.02581609962973], [11.083768239831246, 52.026864510238134], [11.084659321975115, 52.01147031670926], [11.094180499116977, 52.01172558660829], [11.093327253360812, 52.006489173748335], [11.098095586543616, 52.005255284616105], [11.098129106128376, 52.00333545396331], [11.10769393353785, 52.002702294906314], [11.109781796620911, 52.000152068573264], [11.152851194650436, 52.00036266356043], [11.153977991788896, 51.997990617475004], [11.151279801760403, 51.984829212399255], [11.162135837305485, 51.98130592898661], [11.16226840725828, 51.979969853421856], [11.158160589417339, 51.97433042505485], [11.150403483872113, 51.97130602031434], [11.14996853732798, 51.96908777010181], [11.152838452591142, 51.96905950484069], [11.155108141216406, 51.965743129516135], [11.170462376484902, 51.96720912001098], [11.175309716728508, 51.9656273236268], [11.176259536903519, 51.961733967887035], [11.180324312581073, 51.96040478393918], [11.179700206669713, 51.959453353024806], [11.17518018986955, 51.96086849279076], [11.174012668236218, 51.95794157724108], [11.180374453941596, 51.95576799135261], [11.177317836591147, 51.95319060102928], [11.177435811482672, 51.95031119277721], [11.17396300652977, 51.949821488487814], [11.174738570295798, 51.948971717290256], [11.171536526208774, 51.94568917599268], [11.165599318050626, 51.94424551360879], [11.160555941509601, 51.93822146974909], [11.16593662047347, 51.92608170282023], [11.175008747725656, 51.917008322742], [11.173664056520627, 51.913975077095685], [11.168651282364273, 51.91033947102818], [11.165926385128339, 51.91149609352622], [11.154839178193281, 51.91042755224063], [11.14399484576744, 51.90466850434587], [11.142284080153749, 51.900560281822564], [11.139781296674993, 51.899360742652476], [11.133677596669678, 51.90200319729037], [11.126715487357144, 51.90280098441989], [11.122431468364976, 51.89512448840684], [11.111070155946814, 51.895808901293066], [11.109219399872238, 51.890386603381494], [11.09882270581171, 51.89039176854276], [11.08638999200102, 51.892381079078106], [11.086104525995678, 51.885940188658545], [11.077548469941021, 51.87866693819139], [11.077291716757216, 51.8759803098018], [11.08484122045168, 51.87223113238942], [11.077990364985444, 51.87234322869402], [11.074846264075038, 51.87100072441364], [11.072588907104745, 51.85899827139121], [11.058369848439655, 51.841367676799095], [11.056574297500298, 51.83096913943736], [11.04453767693733, 51.83318250550344], [11.042682168406584, 51.83139637709593], [11.026269054564652, 51.837732649538324], [11.024584069641781, 51.8376238753615], [11.022653668763736, 51.83376034064628], [11.01218997793523, 51.836362938820194], [11.009365551588818, 51.83171299563044], [11.007308070744324, 51.83316630041475], [10.999085433797672, 51.83281048556738], [10.996610274113987, 51.83674858013627], [10.99250516648367, 51.8389823111591], [10.983639323751534, 51.836425217694696], [10.981782271897714, 51.83474448040134], [10.976000954000881, 51.838603695181185], [10.974391633927988, 51.8375943987002], [10.970353382268794, 51.839666951096625], [10.972730370413458, 51.84149012277046], [10.967012690003559, 51.840616246065466], [10.962997118968072, 51.8383147741654], [10.957711271096539, 51.83985973167183], [10.959692271750857, 51.842517079289756], [10.957449416582962, 51.84737340983031], [10.955087753053018, 51.84867116863293], [10.952835518962031, 51.8630905074586], [10.960573348924907, 51.86724703288223], [10.969621534221094, 51.866383419068136], [10.970530367835389, 51.86033856055278], [10.970770113101118, 51.866298678123215], [10.973884487191999, 51.8661802784519], [10.972521676710425, 51.87256656878836], [10.974828052474441, 51.8726396796441], [10.974344403783798, 51.87575482206445], [10.982889258714767, 51.87973952387496], [10.982257455297676, 51.8816500773612], [10.965868347715144, 51.87843644885917], [10.963174351141264, 51.884988848792844], [10.95370491289028, 51.88367501720261], [10.946776044648027, 51.88411996453055], [10.94633495623859, 51.88583566116524], [10.953385837806666, 51.886472405542555], [10.952568513499525, 51.891716458004545], [10.95653081190071, 51.89207979545282], [10.954627427367758, 51.89647945974705], [10.945498498186861, 51.89574117306785], [10.945202415257105, 51.89687327802445], [10.924014460740743, 51.89961673854391], [10.923340385105321, 51.90130196855527], [10.913098195650987, 51.90279382584332], [10.911889315479673, 51.904716291532395], [10.914022617250412, 51.90767064255264], [10.913299548805744, 51.916082340424886], [10.907790632878644, 51.91755767186194], [10.907882296194582, 51.92048094100296], [10.916882806793561, 51.92321395741408], [10.916842647158637, 51.927528527561094], [10.912061202467516, 51.9276078538793], [10.909275044078399, 51.92879825558905], [10.909272780399256, 51.93171541686887], [10.905055726594158, 51.93116727012401], [10.888948505114353, 51.93795080509882], [10.881703627707639, 51.93790027214095], [10.881389702165325, 51.95110659825364], [10.888719532876248, 51.947888966984536], [10.888873320052067, 51.950141870573866], [10.896617310758, 51.95005970535295]]]}}, {"type": "Feature", "properties": {"wkr": 15, "wkr_name": "Blankenburg"}, "geometry": {"type": "Polygon", "coordinates": [[[10.896354357995255, 51.95424553931859], [10.896617310758, 51.95005970535295], [10.888873320052067, 51.950141870573866], [10.888719532876248, 51.947888966984536], [10.881389702165325, 51.95110659825364], [10.881703627707639, 51.93790027214095], [10.888948505114353, 51.93795080509882], [10.905055726594158, 51.93116727012401], [10.909272780399256, 51.93171541686887], [10.909275044078399, 51.92879825558905], [10.912061202467516, 51.9276078538793], [10.916842647158637, 51.927528527561094], [10.916882806793561, 51.92321395741408], [10.907882296194582, 51.92048094100296], [10.907790632878644, 51.91755767186194], [10.913299548805744, 51.916082340424886], [10.914022617250412, 51.90767064255264], [10.911889315479673, 51.904716291532395], [10.913098195650987, 51.90279382584332], [10.923340385105321, 51.90130196855527], [10.924014460740743, 51.89961673854391], [10.945202415257105, 51.89687327802445], [10.945498498186861, 51.89574117306785], [10.954627427367758, 51.89647945974705], [10.95653081190071, 51.89207979545282], [10.952568513499525, 51.891716458004545], [10.953385837806666, 51.886472405542555], [10.94633495623859, 51.88583566116524], [10.946776044648027, 51.88411996453055], [10.95370491289028, 51.88367501720261], [10.963174351141264, 51.884988848792844], [10.965868347715144, 51.87843644885917], [10.982257455297676, 51.8816500773612], [10.982889258714767, 51.87973952387496], [10.974344403783798, 51.87575482206445], [10.974828052474441, 51.8726396796441], [10.972521676710425, 51.87256656878836], [10.973884487191999, 51.8661802784519], [10.970770113101118, 51.866298678123215], [10.970530367835389, 51.86033856055278], [10.969621534221094, 51.866383419068136], [10.960573348924907, 51.86724703288223], [10.952835518962031, 51.8630905074586], [10.955087753053018, 51.84867116863293], [10.957449416582962, 51.84737340983031], [10.959692271750857, 51.842517079289756], [10.957711271096539, 51.83985973167183], [10.962997118968072, 51.8383147741654], [10.967012690003559, 51.840616246065466], [10.972730370413458, 51.84149012277046], [10.970353382268794, 51.839666951096625], [10.974391633927988, 51.8375943987002], [10.976000954000881, 51.838603695181185], [10.981782271897714, 51.83474448040134], [10.983639323751534, 51.836425217694696], [10.99250516648367, 51.8389823111591], [10.996610274113987, 51.83674858013627], [10.999085433797672, 51.83281048556738], [11.007308070744324, 51.83316630041475], [11.009365551588818, 51.83171299563044], [11.01218997793523, 51.836362938820194], [11.022653668763736, 51.83376034064628], [11.024584069641781, 51.8376238753615], [11.026269054564652, 51.837732649538324], [11.042682168406584, 51.83139637709593], [11.04453767693733, 51.83318250550344], [11.056474802038979, 51.830987719239424], [11.0545594743742, 51.824956383367606], [11.049079011600634, 51.82523503666482], [11.04033644439874, 51.814377502244916], [11.03321789264292, 51.81503476025509], [11.031204201696012, 51.8083112092279], [11.02607672311121, 51.80910318406543], [11.018876592464935, 51.808282505765995], [11.018642236480856, 51.806532221314], [11.010793994000611, 51.805080622801775], [11.011822802274164, 51.80058774004587], [11.015358334729534, 51.796837866835205], [11.017759377110828, 51.79935998130027], [11.024232195410088, 51.79689198669011], [11.019819905248912, 51.793562720336666], [11.02244630162223, 51.79246796844349], [11.018842324420953, 51.78975667702049], [11.01966147345502, 51.78787746963185], [11.01710288943115, 51.78496618619876], [11.014019823263714, 51.78591453146549], [11.011854402777242, 51.78380320838168], [11.016180355748466, 51.78222087380386], [11.018618283748184, 51.78447058608845], [11.022593879659459, 51.78278778742082], [11.02283676330933, 51.78762494431846], [11.032880803431189, 51.78608144421792], [11.033548987506824, 51.7872039864707], [11.037679327084076, 51.78792675449601], [11.038118918798125, 51.785646956871275], [11.03644775792419, 51.78133195899806], [11.031062963476296, 51.77859627974241], [11.031481340521772, 51.775570444678685], [11.033914295564733, 51.775437343977764], [11.032722731125222, 51.764751228743194], [11.030133636062464, 51.76536793439802], [11.028947136042632, 51.76340913895481], [11.030134894692653, 51.762102085456746], [11.02802373970008, 51.76093936959468], [11.009836344778304, 51.763461671704356], [11.012982978441558, 51.76250761812827], [11.013825071975672, 51.758327908767164], [11.0093540834601, 51.7561725338184], [11.012519146019367, 51.75482214244967], [11.012795074930745, 51.753144440850974], [11.016508730520908, 51.75342740763909], [11.012957776543123, 51.751046506167214], [11.015149394437165, 51.74796845048711], [11.00722184500232, 51.74497808936496], [11.002105120186927, 51.74029023169734], [11.000230678491745, 51.74146543929892], [10.998630603385239, 51.74665959515615], [10.99435093353882, 51.74762177660151], [10.992883005837209, 51.749209875095], [10.989631683491284, 51.74652771692115], [10.987281999873593, 51.74618871617435], [10.98590187763401, 51.74727647463909], [10.982553505320304, 51.7454222826918], [10.981847943775868, 51.74082260328195], [10.973888348816743, 51.737997839734206], [10.965797307112004, 51.73718170828472], [10.96189934473024, 51.74044553520758], [10.945784698335258, 51.73802391150381], [10.943176144026108, 51.74262644284367], [10.940941770907296, 51.742998928207676], [10.93443562953329, 51.74841723010923], [10.937383950579685, 51.7498223494316], [10.934164506017549, 51.75297876370249], [10.924622071895003, 51.75044743311989], [10.918321396739675, 51.753740330293795], [10.916343274357617, 51.75170056799226], [10.912421161578868, 51.75189763484302], [10.911895754781888, 51.74895310669082], [10.90459146312183, 51.74712141714748], [10.902298350998946, 51.75096971516175], [10.905230691910504, 51.752258352875046], [10.89951461566863, 51.75245642293395], [10.900493087122872, 51.754659272277884], [10.894178365891703, 51.75749683451887], [10.887810416183092, 51.75688121717831], [10.882432850217562, 51.76271742018354], [10.874930446177165, 51.761973146825454], [10.867735563514952, 51.758929246268266], [10.867142927453134, 51.760902506165216], [10.870109815730137, 51.76154332307965], [10.867958358013759, 51.76245642116797], [10.869781460272732, 51.762475754120835], [10.869329524648123, 51.76580946415724], [10.87286296883152, 51.76750276873374], [10.871520534832696, 51.768741783563506], [10.869082523840707, 51.76816301670168], [10.860949517097959, 51.76987048406567], [10.85846745710608, 51.7666574080876], [10.846024906879924, 51.76760780172156], [10.837602263639594, 51.76565964866929], [10.83636559620021, 51.76759812821238], [10.830108286409649, 51.766366468015526], [10.829951722023983, 51.76853854847856], [10.835009827338318, 51.77515514830315], [10.831744545334525, 51.77942421954766], [10.843502029514443, 51.77648294177316], [10.850168045688251, 51.78094899158432], [10.851569743602283, 51.780623716408286], [10.852068018293707, 51.782801808462175], [10.863346535172289, 51.7823194766845], [10.859358981250976, 51.7873144654859], [10.852803499562961, 51.78575170663694], [10.8437113613509, 51.791940925434936], [10.84895268918708, 51.79546017048948], [10.851575542472075, 51.799834396494944], [10.859896212081223, 51.80271154809635], [10.86375541894513, 51.80626914617468], [10.864271518178768, 51.80978801711268], [10.883299143272154, 51.813564049336414], [10.89107836848478, 51.81371024179307], [10.894675343311022, 51.81588970960886], [10.900500348056381, 51.816403529183475], [10.893634476383808, 51.82324622122966], [10.891174183565674, 51.82399892892244], [10.892293591823641, 51.82588710162046], [10.888927486431871, 51.82672790215342], [10.88963987477655, 51.828270387100225], [10.88481023519969, 51.83039107269977], [10.88689168295633, 51.83456352786221], [10.892101339244117, 51.833328964998955], [10.892540334905306, 51.83584705074879], [10.892587170451652, 51.83304842479839], [10.89293591868093, 51.83838063266768], [10.894714746546986, 51.83861879834021], [10.88947167178698, 51.8572430812893], [10.88772742216897, 51.85661601477588], [10.887097307422327, 51.86030542569252], [10.885466090562439, 51.85976957239241], [10.884541419844327, 51.866025519197976], [10.8796298594658, 51.86461671911357], [10.879521457478777, 51.866525355315076], [10.876076114372351, 51.86816037108544], [10.86721495886346, 51.8666208844859], [10.86403676943095, 51.8709675698293], [10.86283462773532, 51.88317943034017], [10.82980433438113, 51.880275749514816], [10.819737939972784, 51.87788731316007], [10.813701753906585, 51.88703813267908], [10.77147476459964, 51.87810292892808], [10.756446733407552, 51.866585485197945], [10.753089875921667, 51.87002378729343], [10.751606076094003, 51.86818651314401], [10.755035616806202, 51.863088547589975], [10.75408539829032, 51.85752543140093], [10.756619038462185, 51.84925681032054], [10.751229390741889, 51.84847275371205], [10.749179057085351, 51.845241568937446], [10.750346261922692, 51.84468433873263], [10.748690884373397, 51.84477764370438], [10.742161041317257, 51.83922909604878], [10.7499664313853, 51.83548617150747], [10.749329659793935, 51.83397286632256], [10.742987082347708, 51.83438604898772], [10.739758059131605, 51.83855104568311], [10.73532578934343, 51.8365706397098], [10.729276839354858, 51.839290820899954], [10.721218871592578, 51.838651951645154], [10.720108579381742, 51.84060869727009], [10.711801473712294, 51.83726975516932], [10.711354870304651, 51.833803400952426], [10.710800759158637, 51.83752029892304], [10.720573762319205, 51.84324281693944], [10.71577069838813, 51.843642124841494], [10.706532758612862, 51.839704887779746], [10.695857030630505, 51.83736046412763], [10.69354857054371, 51.833734510929204], [10.697466164150654, 51.832496977692585], [10.690263948621743, 51.82962486621708], [10.683901696361227, 51.829180967871665], [10.683192715490796, 51.82719527346346], [10.68051273963341, 51.827200126429005], [10.676545345972121, 51.82284945187293], [10.672245367390452, 51.82217469570077], [10.657841841064556, 51.82500932556409], [10.655779166396398, 51.82406781370902], [10.663138403977987, 51.81604251932612], [10.66106564877395, 51.81067294923279], [10.657710512977804, 51.80767540059511], [10.653969663271782, 51.80502049721837], [10.64787299992049, 51.80350839805536], [10.649742569232483, 51.79063959667098], [10.643809777960119, 51.790249609986546], [10.637485410851092, 51.79673183824502], [10.634078908284714, 51.810083490695604], [10.63402045172807, 51.8199444007191], [10.626438475966458, 51.81832603135408], [10.613586177970983, 51.82158622082723], [10.60744067343155, 51.82193663666108], [10.601825809003282, 51.82987863185923], [10.596000652001731, 51.83067765520214], [10.592852471770287, 51.829890789800714], [10.587952855905206, 51.83417943219753], [10.588289906613236, 51.83721184694073], [10.585833614857254, 51.83963192648551], [10.580223032207483, 51.84066015201189], [10.576446182106732, 51.84284203447551], [10.578804417854055, 51.845354597766644], [10.578675604759578, 51.84797569632753], [10.584040762273103, 51.85277794244082], [10.599241704450122, 51.85437405637927], [10.601502600207093, 51.85376492732508], [10.605676313992994, 51.86175254658887], [10.611081346170515, 51.86388069307751], [10.612201395363732, 51.86672300708582], [10.61586894763924, 51.867319838635986], [10.615592200139167, 51.869884113782135], [10.617916156109834, 51.86951092668451], [10.632818520164175, 51.872682779144064], [10.640539417890055, 51.88233466682342], [10.6427745459102, 51.88273707218346], [10.64490883401264, 51.886393886394984], [10.649498323075154, 51.88918657221249], [10.650471032106015, 51.89208787133297], [10.648899998247598, 51.89573970250635], [10.650513395001823, 51.89914492228992], [10.647576668821388, 51.9086167815745], [10.644878168460146, 51.90909928586453], [10.645388544487687, 51.91044007527179], [10.638748046718796, 51.91475911749005], [10.612897212984931, 51.92035703414925], [10.616914636034478, 51.928970278112075], [10.616120915451301, 51.93072141313159], [10.618100939278422, 51.93151247287669], [10.61292706508969, 51.93853450579971], [10.616433871907498, 51.9397165817537], [10.61799443554135, 51.94308724695103], [10.621103215599845, 51.94352205141418], [10.622513124096706, 51.94750328590224], [10.624960375786818, 51.9490821543704], [10.632575816526339, 51.94932232342379], [10.64733222513635, 51.9535227841877], [10.651200721221027, 51.95736991046122], [10.641586071378798, 51.962627971791036], [10.63521993326229, 51.9592322894177], [10.620007334959212, 51.9576407377229], [10.619818136852444, 51.96688089574131], [10.614424367395994, 51.96700808776377], [10.61432991013649, 51.96873013814355], [10.60612311763705, 51.96868055333767], [10.606032145139226, 51.977377181699424], [10.599866514425738, 51.97667532276287], [10.595024552267672, 51.974572822446106], [10.586999025579422, 51.97415430290773], [10.585170954996839, 51.9753877175382], [10.58681880499622, 51.980527150257316], [10.585464534903473, 51.98207758043264], [10.575982498106512, 51.99209394141614], [10.56083903570222, 52.00396361589704], [10.572674873448564, 52.00614153988267], [10.571110368531949, 52.009910870498494], [10.589942298319992, 52.011241788685446], [10.590697366854014, 52.014092147192855], [10.593188623322124, 52.01425476609234], [10.596664328750036, 52.01432063752432], [10.596203819623392, 52.00969377316188], [10.600366873053575, 52.00979067918466], [10.600399052524718, 52.007213284136036], [10.613642095623367, 52.01049371118749], [10.614839477901306, 52.00903429513246], [10.618656722690973, 52.009598733147335], [10.620124672437122, 52.008309624784424], [10.627251985078816, 52.00820354276345], [10.622740144042137, 52.01108562746942], [10.63424111335313, 52.013155319935095], [10.639112311957478, 52.015296022078985], [10.638565846639525, 52.01766146125364], [10.641599812307955, 52.02277665336861], [10.647020004685059, 52.022654951070464], [10.655269585986977, 52.02458342322428], [10.656764592669644, 52.02878200001929], [10.654421044985998, 52.03304046357057], [10.651841979358094, 52.03275331085182], [10.647909569646206, 52.04172528832622], [10.663454852864431, 52.044466920472644], [10.665507481339379, 52.04338443949191], [10.684774190047815, 52.04774379768704], [10.704628474440637, 52.04994408929584], [10.721933554592608, 52.049694415673194], [10.737571049233868, 52.04780914963149], [10.743960063939973, 52.04881769293846], [10.757661269070327, 52.04831051284479], [10.76090944852713, 52.04797804306727], [10.762033199278118, 52.04642290376035], [10.775631656315396, 52.04991288770065], [10.787125393561757, 52.04988764419504], [10.80246857989129, 52.047471190091166], [10.82929210095641, 52.047534222516596], [10.841413694246114, 52.0496406784861], [10.84091746790567, 52.04184068308583], [10.843201859623155, 52.04301246575657], [10.849914119246119, 52.04329878547448], [10.853455819200635, 51.998007376045834], [10.855549829786005, 51.99371946576453], [10.852543334899693, 51.99309874351533], [10.849243895057505, 51.98658698707404], [10.855053465897486, 51.98428503721138], [10.85698625041847, 51.98182357664305], [10.863718130958958, 51.97840302494479], [10.868490011802358, 51.97049955339698], [10.874509007226951, 51.97100249326677], [10.878720229333586, 51.96777787204155], [10.883377053032042, 51.96738516550583], [10.884374605355303, 51.96824549220506], [10.88836611318839, 51.9666853546356], [10.886373842229508, 51.9618793744039], [10.890675204970698, 51.96086685824016], [10.892549544698953, 51.95871981460516], [10.891236457449766, 51.955027074669765], [10.896354357995255, 51.95424553931859]]]}}, {"type": "Feature", "properties": {"wkr": 17, "wkr_name": "Quedlinburg"}, "geometry": {"type": "Polygon", "coordinates": [[[11.340136491948549, 51.90419092300909], [11.340310262698521, 51.90061765200466], [11.328357725960709, 51.88725148965836], [11.334371397020481, 51.8848076965282], [11.338456485266477, 51.87948622567927], [11.344651101305935, 51.87545275665114], [11.34213145434856, 51.87588895050354], [11.338790404134674, 51.87406175086513], [11.337239291716573, 51.87594553546531], [11.331950405091238, 51.87536374874326], [11.336550332658753, 51.87164576154197], [11.332558945476515, 51.86887486345715], [11.334417076453297, 51.865949837760525], [11.337332971190133, 51.86615191046259], [11.337990240052541, 51.864412463128225], [11.336677369594483, 51.86199466757609], [11.330057387117877, 51.85985182300253], [11.33126225622381, 51.85813515676335], [11.327134475883568, 51.85471559907666], [11.331205269545313, 51.852207898675225], [11.334314594868673, 51.8557692144368], [11.338383117576452, 51.85324616077642], [11.33452792447558, 51.846746067052514], [11.326759810013186, 51.846839316581146], [11.32311575322077, 51.849085802884964], [11.320178482119655, 51.84824041714932], [11.318717460310198, 51.8381153878973], [11.309700508181779, 51.839115892048596], [11.308634402416594, 51.835404588529826], [11.30338892903281, 51.83599054015524], [11.296726463885216, 51.830856778123], [11.293203444333365, 51.83125136346973], [11.291477146490635, 51.82909788828426], [11.279541584096718, 51.83276816901032], [11.27772378166906, 51.829773733834244], [11.275272431734503, 51.83238703353582], [11.266964271996075, 51.83452668177114], [11.263909762378866, 51.827467028553556], [11.261927659323206, 51.828620157962916], [11.253966328159784, 51.819649540919094], [11.256729815574221, 51.81283714811057], [11.242212408254662, 51.80777387833932], [11.253123761162243, 51.79966800784287], [11.27313512836908, 51.79439090598672], [11.271158515787722, 51.785079725912965], [11.27803390675389, 51.772516341894836], [11.277252231129442, 51.770539878185076], [11.2790253532211, 51.770563061297494], [11.283866259614632, 51.7670207858503], [11.288711637984138, 51.76670687656596], [11.298018243028856, 51.76151280848494], [11.297372550786596, 51.75935405388788], [11.301905782192314, 51.7594627799711], [11.297751330559416, 51.7580648901855], [11.298405018217629, 51.75419951772405], [11.301124447089204, 51.75424553919705], [11.301323631568525, 51.75230635517136], [11.303805905601473, 51.752421387793824], [11.304096568600002, 51.751267181870205], [11.306268894415119, 51.751257058129546], [11.306159915113003, 51.74979106320636], [11.309724761375309, 51.74977556151395], [11.31260118302898, 51.74739804581948], [11.31326430184189, 51.74456851999953], [11.311218757045438, 51.7403378565361], [11.308276814086767, 51.74007274704988], [11.308110122708383, 51.74148606941623], [11.305602918138993, 51.7413179507792], [11.30474727567356, 51.74261427204425], [11.306823791736031, 51.73217731286575], [11.28767698932493, 51.72895397622069], [11.288156852918535, 51.72106461288585], [11.274971559614963, 51.7207014589002], [11.2753504501101, 51.71872456870803], [11.268899424250167, 51.712773481664414], [11.267973369380767, 51.71041096537595], [11.269977605881557, 51.71037091746244], [11.269758292557366, 51.708440754483824], [11.262852590065792, 51.703811782562525], [11.255269964097163, 51.70184459993943], [11.248255155001475, 51.69593181878542], [11.247487262361629, 51.69132824769934], [11.24120751153331, 51.691950521623454], [11.232495601075032, 51.69020271869848], [11.215710949320636, 51.689866951141596], [11.205429079945809, 51.68721892754966], [11.208860852810359, 51.68026053698883], [11.204634736219631, 51.675524989236656], [11.205619241603282, 51.67065869763535], [11.182618683156907, 51.674817381148486], [11.176148914155618, 51.674961775672024], [11.168351093883299, 51.67212403370125], [11.168540119297065, 51.66893315157908], [11.16423036349479, 51.6680577929057], [11.161358329374325, 51.665545883723], [11.149964845454772, 51.66484309408439], [11.150886109436145, 51.667187991766205], [11.149057571847651, 51.66897627092961], [11.146711050005464, 51.666431532278025], [11.141702035541563, 51.666189181583285], [11.133744649322601, 51.66847841883193], [11.13427820452079, 51.67019375029935], [11.13261582631244, 51.6694078658782], [11.13183771520356, 51.67053206938925], [11.12872639412153, 51.66961581681718], [11.128263455242193, 51.667784092986665], [11.131926975098922, 51.665522739138446], [11.127924132180224, 51.66416286254644], [11.12226010582808, 51.66566020265585], [11.122266822981342, 51.669729113256004], [11.121459261661183, 51.668955558590554], [11.113077571472914, 51.67583616985983], [11.106495489185997, 51.676025801389244], [11.101850363775307, 51.67799501965049], [11.096790980325087, 51.678378674957955], [11.09379812802477, 51.68017358621899], [11.085328041646033, 51.67839341119115], [11.072871234333137, 51.679138880137785], [11.07065768035387, 51.676380302915305], [11.062285906404162, 51.67955823481502], [11.04554022349013, 51.67919703484101], [11.035439323095188, 51.67211224514966], [11.031587213929251, 51.67705175499243], [11.028958191387915, 51.67818830327529], [11.021816840585258, 51.67910565353906], [11.01771772372892, 51.678201398074926], [11.015705713167916, 51.67970678173947], [10.988839273107022, 51.671618857617226], [10.975939716967096, 51.67028687825681], [10.976222642064009, 51.6669990615863], [10.974300802862134, 51.664442824943514], [10.966841277285402, 51.664459874051836], [10.96130129403278, 51.667304461948405], [10.952827223436442, 51.661215067602846], [10.948571124740559, 51.66419532566601], [10.942454464536619, 51.662958076793686], [10.933291486888951, 51.66324033885206], [10.93623860666624, 51.6659133789847], [10.931781769211652, 51.66674576170404], [10.937524019018426, 51.66714036872262], [10.941306931191233, 51.66868332866372], [10.942438334357151, 51.67073340470592], [10.935928138009109, 51.67039467943718], [10.935774937821067, 51.67233714524963], [10.940918716343022, 51.67330166284425], [10.940376831906116, 51.6768106451305], [10.950722587302021, 51.679488924674935], [10.949554313322132, 51.68074846385095], [10.940866729069102, 51.67921838081908], [10.931844824355048, 51.67971927174928], [10.910889978045237, 51.67805771377854], [10.908996310141164, 51.67988928753355], [10.912192371855916, 51.68167199189973], [10.912225349065256, 51.68344775794713], [10.905065328801708, 51.685954406589815], [10.90677752991966, 51.686336595382926], [10.90696034971486, 51.68896830662092], [10.910951748774087, 51.686885014937836], [10.910417453405948, 51.69219155312025], [10.896507920366789, 51.68889564407039], [10.896009338199292, 51.69179956834998], [10.902554858813323, 51.692722081256605], [10.90465138852186, 51.69497228565774], [10.915886560184747, 51.69499560021161], [10.929152556630193, 51.69332338284601], [10.940530774780816, 51.694305129301455], [10.94159963190898, 51.6963284833217], [10.92928625048821, 51.69957810011297], [10.920190195882075, 51.69896616645172], [10.919864023275133, 51.70106321103127], [10.916146942512166, 51.70270045829315], [10.915102457460936, 51.70204350977222], [10.912601850423002, 51.70409763233738], [10.913514455738675, 51.706970873467675], [10.911602394359612, 51.71030221837685], [10.913554175909859, 51.71254540183955], [10.913262671188168, 51.716276759127275], [10.915767168473243, 51.71771676597627], [10.913608412714243, 51.719841849184824], [10.916725835659168, 51.724722637936516], [10.899123244580952, 51.728023847295795], [10.893162562889092, 51.72681348382798], [10.890490570222282, 51.729711420236086], [10.887356732541697, 51.73031877745691], [10.886617843355992, 51.73267204138432], [10.889807874859644, 51.734313547779145], [10.890330953775601, 51.73744183760188], [10.895039710865971, 51.74095932460945], [10.896882165422474, 51.74040027995327], [10.902517075801125, 51.74404125375795], [10.899353008698686, 51.74499920355956], [10.900171181079006, 51.7471598241702], [10.910394949511796, 51.74828042100221], [10.912421161578868, 51.75189763484302], [10.916343274357617, 51.75170056799226], [10.918321396739675, 51.753740330293795], [10.924622071895003, 51.75044743311989], [10.934164506017549, 51.75297876370249], [10.937383950579685, 51.7498223494316], [10.93443562953329, 51.74841723010923], [10.940941770907296, 51.742998928207676], [10.943176144026108, 51.74262644284367], [10.945493166339196, 51.73814695748229], [10.96189934473024, 51.74044553520758], [10.964415828593095, 51.73953479526608], [10.96482364212049, 51.73745546908286], [10.967649902404332, 51.73719491382779], [10.979878165130298, 51.73984681219677], [10.983099012699515, 51.74249890881358], [10.982553505320304, 51.7454222826918], [10.98590187763401, 51.74727647463909], [10.987281999873593, 51.74618871617435], [10.989631683491284, 51.74652771692115], [10.992883005837209, 51.749209875095], [10.99435093353882, 51.74762177660151], [10.998630603385239, 51.74665959515615], [11.000230678491745, 51.74146543929892], [11.002105120186927, 51.74029023169734], [11.00722184500232, 51.74497808936496], [11.015149394437165, 51.74796845048711], [11.012957776543123, 51.751046506167214], [11.016508730520908, 51.75342740763909], [11.012795074930745, 51.753144440850974], [11.012519146019367, 51.75482214244967], [11.0093540834601, 51.7561725338184], [11.013825071975672, 51.758327908767164], [11.012982978441558, 51.76250761812827], [11.009836344778304, 51.763461671704356], [11.02802373970008, 51.76093936959468], [11.029802156000768, 51.761608179040344], [11.028947136042632, 51.76340913895481], [11.030133636062464, 51.76536793439802], [11.032722731125222, 51.764751228743194], [11.034456358206567, 51.770233769510234], [11.033914295564733, 51.775437343977764], [11.031481340521772, 51.775570444678685], [11.031062963476296, 51.77859627974241], [11.03644775792419, 51.78133195899806], [11.037916310075001, 51.787453384843865], [11.033548987506824, 51.7872039864707], [11.032880803431189, 51.78608144421792], [11.02283676330933, 51.78762494431846], [11.022593879659459, 51.78278778742082], [11.018618283748184, 51.78447058608845], [11.016180355748466, 51.78222087380386], [11.011854402777242, 51.78380320838168], [11.014019823263714, 51.78591453146549], [11.01710288943115, 51.78496618619876], [11.01966147345502, 51.78787746963185], [11.018842324420953, 51.78975667702049], [11.02244630162223, 51.79246796844349], [11.019819905248912, 51.793562720336666], [11.024232195410088, 51.79689198669011], [11.017759377110828, 51.79935998130027], [11.015358334729534, 51.796837866835205], [11.011822802274164, 51.80058774004587], [11.010793994000611, 51.805080622801775], [11.018642236480856, 51.806532221314], [11.018876592464935, 51.808282505765995], [11.02607672311121, 51.80910318406543], [11.031204201696012, 51.8083112092279], [11.03321789264292, 51.81503476025509], [11.04033644439874, 51.814377502244916], [11.049079011600634, 51.82523503666482], [11.0545594743742, 51.824956383367606], [11.058254628896853, 51.83435767160778], [11.057565599452918, 51.83968795154743], [11.072588907104745, 51.85899827139121], [11.074846264075038, 51.87100072441364], [11.077990364985444, 51.87234322869402], [11.08484122045168, 51.87223113238942], [11.077291716757216, 51.8759803098018], [11.077548469941021, 51.87866693819139], [11.086104525995678, 51.885940188658545], [11.08638999200102, 51.892381079078106], [11.09882270581171, 51.89039176854276], [11.109219399872238, 51.890386603381494], [11.111070155946814, 51.895808901293066], [11.122431468364976, 51.89512448840684], [11.126715487357144, 51.90280098441989], [11.133677596669678, 51.90200319729037], [11.139781296674993, 51.899360742652476], [11.142284080153749, 51.900560281822564], [11.14399484576744, 51.90466850434587], [11.154839178193281, 51.91042755224063], [11.165926385128339, 51.91149609352622], [11.169313551838545, 51.91046445487582], [11.173664056520627, 51.913975077095685], [11.174811188671015, 51.91696541107869], [11.180271744317695, 51.91937770486274], [11.17853834296105, 51.92073047954992], [11.180748974604228, 51.92053935897268], [11.179607489988438, 51.92198365063852], [11.182212278706823, 51.9219842148976], [11.183189767221842, 51.92068951771575], [11.186953167126063, 51.92240110276036], [11.185742762095941, 51.92380632628161], [11.190758786786741, 51.92653370366015], [11.193938114923302, 51.92438466128017], [11.194848942831802, 51.92622023880708], [11.197229862850104, 51.926298584284744], [11.205187990140308, 51.92429748437265], [11.208345431933381, 51.92275618493086], [11.210299435108627, 51.91742211199401], [11.222417515308038, 51.91912640934645], [11.226346639404712, 51.908697501332234], [11.24963749670135, 51.901468198382815], [11.251801761355603, 51.897270485089486], [11.25721107150287, 51.89674018729189], [11.258084207227384, 51.89527635394447], [11.260522219345532, 51.89528364558945], [11.261178464943452, 51.89347461223126], [11.272199253067173, 51.895630973549856], [11.272144656212882, 51.89332470138869], [11.273913661168352, 51.8928499270618], [11.277758858794867, 51.89475551147562], [11.27621730021111, 51.89755097635186], [11.272200098709535, 51.89674804242652], [11.259698267247797, 51.89855043704175], [11.259353065693888, 51.90310477516587], [11.269190062439153, 51.90188032413573], [11.274891677068435, 51.90512484875151], [11.273776831064595, 51.90814312859915], [11.282167412715392, 51.90534992746604], [11.296476994594926, 51.905244415393874], [11.294684401022183, 51.906830697131106], [11.296920096649535, 51.909760483186645], [11.299968988813552, 51.90865674038429], [11.298451512089613, 51.904569772374444], [11.311332397421193, 51.899729546031985], [11.315792371394428, 51.904068175143486], [11.325305332955885, 51.899953524918075], [11.331152288433938, 51.90560867999842], [11.335800342088925, 51.90578840074602], [11.340136491948549, 51.90419092300909]]]}}, {"type": "Feature", "properties": {"wkr": 16, "wkr_name": "Wernigerode"}, "geometry": {"type": "MultiPolygon", "coordinates": [[[[11.197845639545788, 51.59036389856897], [11.208733092453457, 51.58777488620024], [11.203685331624749, 51.58726625768027], [11.190178541877504, 51.592511524212156], [11.18676931292984, 51.59116195122796], [11.184509255271276, 51.591921509252806], [11.17653932556691, 51.59072613597756], [11.172719235046104, 51.58915980222731], [11.170494299870494, 51.590449782939814], [11.17036503496552, 51.59262997980603], [11.174216613055213, 51.59522962747969], [11.16968040851328, 51.59706240869288], [11.16603845755629, 51.59561867560318], [11.165187472035171, 51.59227880106561], [11.162239172889478, 51.59160095037905], [11.162340169760927, 51.58936337683365], [11.157805209322532, 51.58705570758983], [11.157712403124524, 51.5859626192126], [11.162752625228528, 51.58370322698519], [11.160016016513477, 51.58274987588294], [11.161322447723236, 51.57901618236164], [11.15947382917488, 51.578878957460134], [11.156187078672367, 51.58194964423948], [11.154568298522426, 51.582612687072526], [11.154989999248695, 51.577414749692586], [11.157713633887075, 51.57287008170671], [11.146868289730563, 51.570685013122294], [11.141072563726258, 51.567083572882744], [11.129285025988912, 51.566038576050204], [11.125318038892368, 51.56677278487243], [11.1250601125885, 51.57322129955079], [11.11700551351895, 51.574916445404206], [11.113614055944568, 51.57656435954814], [11.113554713859786, 51.57799375580712], [11.115210622146144, 51.57834127694617], [11.114925334748378, 51.58026919825784], [11.122790243317958, 51.58334571261757], [11.130282492714697, 51.57874275114097], [11.133886624286383, 51.578221832792465], [11.138947478128719, 51.5818759165021], [11.139825327851236, 51.584251664988045], [11.133861760293625, 51.58284525924735], [11.13279919008517, 51.58529174139921], [11.125524324846635, 51.585002771805144], [11.124940811956138, 51.591883892478634], [11.114552617848162, 51.59269050021894], [11.100920589276445, 51.59025200834717], [11.098890729331304, 51.59940946275626], [11.091194593345197, 51.600715807805756], [11.087747726334097, 51.6036061892457], [11.08610541020005, 51.601356769610845], [11.07761007608322, 51.599057937500916], [11.077194606129412, 51.60006221893382], [11.072342269050568, 51.60103340494267], [11.068583561454377, 51.59918602408347], [11.0613825228628, 51.599840437930546], [11.062005684525888, 51.597049679047906], [11.055958818514714, 51.59469878179006], [11.056054768302435, 51.59320612386988], [11.041124033980186, 51.59261400757427], [11.041398081515336, 51.59399484360428], [11.034557540762814, 51.59477650886342], [11.038267633242851, 51.59559496131978], [11.037315947935292, 51.59692288233299], [11.040525065812762, 51.60052387788781], [11.032153519695017, 51.60208122449004], [11.02717867479793, 51.600122112829], [11.030740041048427, 51.59811804193846], [11.030511009981412, 51.59695187913745], [11.025879076414327, 51.59994075119709], [11.021792993492976, 51.59549173694258], [11.028075522463679, 51.59309929269527], [11.027595447687204, 51.59192930073956], [11.023491122543165, 51.593748592042914], [11.016922743481588, 51.59219565463754], [11.021503039381189, 51.58919152106677], [11.016629917143792, 51.5901605705963], [11.015156400934893, 51.592605863214196], [11.012468186944655, 51.59339046064247], [11.004282445658403, 51.5914781153971], [11.000849394399626, 51.59352847268037], [11.001168250102769, 51.593717603291985], [11.005645867667297, 51.5931580867709], [11.021216341086532, 51.59585931874822], [11.02211932090431, 51.59910762200439], [11.016676770497591, 51.599556953408786], [11.012288430819844, 51.598115691159386], [11.01130383376673, 51.59872278828482], [11.013029436563922, 51.59974706047882], [11.01078352532333, 51.60006589566107], [11.00651602980854, 51.597898018215105], [11.002033538043424, 51.601651197348005], [10.99839991748269, 51.6027951899566], [11.009393025307611, 51.60099058805022], [11.007797223851004, 51.60383553882439], [11.010768613710527, 51.600617581905645], [11.015607665238337, 51.60004998279047], [11.027175784152647, 51.60038237911541], [11.030824273641159, 51.60215653034553], [11.02652267541839, 51.60295866305946], [11.027048224872166, 51.60459214277575], [11.024360845568017, 51.60554266983519], [11.012995610165193, 51.60463140563688], [11.01265222626103, 51.605359665122755], [11.016576170831591, 51.60605092681887], [11.009476681510696, 51.60907406075959], [11.000397026147027, 51.60954527990835], [10.99891843584816, 51.607410279702556], [10.99478137794839, 51.60695697513449], [10.99429498064109, 51.60775341194604], [10.998186663257433, 51.60961151185058], [10.991551596293494, 51.609995358514], [10.989385291688487, 51.60880871330562], [10.98729777433179, 51.60952773675791], [10.994595018171518, 51.61064197351862], [10.999407418543301, 51.61000047764367], [10.995879122596145, 51.613503734270246], [10.999834840386656, 51.61005831906907], [11.006550078367574, 51.610211645974765], [11.007062862068413, 51.61161553925299], [11.002019139960069, 51.61256257259086], [11.003408736012847, 51.61279555932822], [11.001603247088685, 51.61476679476177], [10.993597023612212, 51.61700512992918], [10.993950307213153, 51.61779622652378], [10.998256228056993, 51.61624462714974], [11.003326328919067, 51.6168143623618], [11.002112121307665, 51.61494475511922], [11.005114360882757, 51.6125278049587], [11.007816232502448, 51.61202752884506], [11.009231644129184, 51.613656625585605], [11.010660333896276, 51.61341598067071], [11.00913857551328, 51.609618351348125], [11.015876371568432, 51.60698748858585], [11.02420665561067, 51.60595704535455], [11.026593505528723, 51.60521637069424], [11.030409028648016, 51.60263235850764], [11.034780040048554, 51.60276103929447], [11.03358310899253, 51.60621527653752], [11.035230319244171, 51.61129854629554], [11.029207320938408, 51.611481859961785], [11.024829638138936, 51.61491408386504], [11.021699683474449, 51.61451371893638], [11.018994449135908, 51.61647885926837], [11.018357465504804, 51.61934732361368], [11.022978944254923, 51.62250135137182], [11.02551534222989, 51.62246187714288], [11.026165253570149, 51.62453614342992], [11.019272806568106, 51.62700372704328], [10.995873946428791, 51.62878373283852], [10.979624974632433, 51.62382719769942], [10.976742399282635, 51.624636944723996], [10.976979111063201, 51.626438465820925], [10.974589523322168, 51.62733777232993], [10.970488833572484, 51.633128776380495], [10.957745456476646, 51.633593469888766], [10.953389423974349, 51.63172792202939], [10.934170185432501, 51.630050360262366], [10.934759545895204, 51.62431257391296], [10.92152980111311, 51.62730141456292], [10.925013637688743, 51.62313801513467], [10.921564909691346, 51.6190872177337], [10.902914080823946, 51.612148766526495], [10.896424165509895, 51.611927018457045], [10.89419837238519, 51.61065371872141], [10.886527145230698, 51.61224047504942], [10.885968822598215, 51.61437810175967], [10.88178973429182, 51.61706339248951], [10.883407002169667, 51.61749158094208], [10.879802497956605, 51.617892165607024], [10.877087207151092, 51.62007776011766], [10.877127177909879, 51.62209974620916], [10.859538224340621, 51.63287724583907], [10.849578778415257, 51.63078608286854], [10.841347149536643, 51.631783100327176], [10.833204377019985, 51.630960930396874], [10.831024335993126, 51.62706411952792], [10.826631757001657, 51.62634588557029], [10.823019573906725, 51.62365786648542], [10.818489802288887, 51.6245083263372], [10.817143940045048, 51.62829210852863], [10.818414244575527, 51.63177027415851], [10.813991142381635, 51.63638453272149], [10.814649321885927, 51.63915530587771], [10.811988810661385, 51.63893804516008], [10.805861395702815, 51.64097215144754], [10.78645041492206, 51.641513641005666], [10.781399470723521, 51.64339626696549], [10.771093615429063, 51.64451924442606], [10.76293185131106, 51.6489359044022], [10.760213588708513, 51.646243337087036], [10.755441306081115, 51.64504963900172], [10.756421159243928, 51.6417104659743], [10.749601713984665, 51.640390314106], [10.738881438262418, 51.643417373566884], [10.73723124897001, 51.64525782916238], [10.726463482557897, 51.64486452984775], [10.707579751634652, 51.64036878154607], [10.694197711169247, 51.64227463355789], [10.683785984011456, 51.65429976836503], [10.681669389959165, 51.66043970113211], [10.67207067894263, 51.66575115945599], [10.667830523420655, 51.670096311715604], [10.664103053901838, 51.68349686501829], [10.667243639308616, 51.684973014796526], [10.664492679997542, 51.68881074803058], [10.665187053214096, 51.69032618127981], [10.663267040541706, 51.691220245312714], [10.667296173155467, 51.69618622215049], [10.672672846711949, 51.697761574853196], [10.668980815123716, 51.70232123225344], [10.668504913709915, 51.70981936358272], [10.66031082349102, 51.716384451536776], [10.655623250729182, 51.71838088642179], [10.65102694005357, 51.71814846734959], [10.647321545601802, 51.72049566554238], [10.646572655044123, 51.72269676526829], [10.641945891588724, 51.725051123144716], [10.642336024214028, 51.73117675464404], [10.635662649214185, 51.73449164183974], [10.63122956662537, 51.74021308378536], [10.631227872725628, 51.75059262070167], [10.62865439438442, 51.756901172402564], [10.62269078039422, 51.759337908558216], [10.60648212670537, 51.76219682054928], [10.597661167948498, 51.76608719791488], [10.591349068690006, 51.76743685616206], [10.583543746353085, 51.77824225990879], [10.57874766803572, 51.78179768614506], [10.585973364166236, 51.787453109262636], [10.584506767139645, 51.79923093237907], [10.573858841472802, 51.811083863125425], [10.577961306422086, 51.81568333912432], [10.577573260382529, 51.825441397723864], [10.580168442733065, 51.83036169919032], [10.587952855905206, 51.83417943219753], [10.592852471770287, 51.829890789800714], [10.596000652001731, 51.83067765520214], [10.601825809003282, 51.82987863185923], [10.60744067343155, 51.82193663666108], [10.613586177970983, 51.82158622082723], [10.626438475966458, 51.81832603135408], [10.63402045172807, 51.8199444007191], [10.634078908284714, 51.810083490695604], [10.637485410851092, 51.79673183824502], [10.643809777960119, 51.790249609986546], [10.649742569232483, 51.79063959667098], [10.64787299992049, 51.80350839805536], [10.653969663271782, 51.80502049721837], [10.657710512977804, 51.80767540059511], [10.66106564877395, 51.81067294923279], [10.663138403977987, 51.81604251932612], [10.655779166396398, 51.82406781370902], [10.657841841064556, 51.82500932556409], [10.672245367390452, 51.82217469570077], [10.676545345972121, 51.82284945187293], [10.68051273963341, 51.827200126429005], [10.683192715490796, 51.82719527346346], [10.683901696361227, 51.829180967871665], [10.690263948621743, 51.82962486621708], [10.697466164150654, 51.832496977692585], [10.69354857054371, 51.833734510929204], [10.695857030630505, 51.83736046412763], [10.706532758612862, 51.839704887779746], [10.71577069838813, 51.843642124841494], [10.720573762319205, 51.84324281693944], [10.710800759158637, 51.83752029892304], [10.711354870304651, 51.833803400952426], [10.711801473712294, 51.83726975516932], [10.720108579381742, 51.84060869727009], [10.721218871592578, 51.838651951645154], [10.729276839354858, 51.839290820899954], [10.73532578934343, 51.8365706397098], [10.739758059131605, 51.83855104568311], [10.742987082347708, 51.83438604898772], [10.749329659793935, 51.83397286632256], [10.7499664313853, 51.83548617150747], [10.742161041317257, 51.83922909604878], [10.748690884373397, 51.84477764370438], [10.750346261922692, 51.84468433873263], [10.749179057085351, 51.845241568937446], [10.751229390741889, 51.84847275371205], [10.756619038462185, 51.84925681032054], [10.75408539829032, 51.85752543140093], [10.755035616806202, 51.863088547589975], [10.751606076094003, 51.86818651314401], [10.753089875921667, 51.87002378729343], [10.756446733407552, 51.866585485197945], [10.77147476459964, 51.87810292892808], [10.813701753906585, 51.88703813267908], [10.819737939972784, 51.87788731316007], [10.82980433438113, 51.880275749514816], [10.86283462773532, 51.88317943034017], [10.86403676943095, 51.8709675698293], [10.86721495886346, 51.8666208844859], [10.876076114372351, 51.86816037108544], [10.879521457478777, 51.866525355315076], [10.8796298594658, 51.86461671911357], [10.884541419844327, 51.866025519197976], [10.885466090562439, 51.85976957239241], [10.887097307422327, 51.86030542569252], [10.88772742216897, 51.85661601477588], [10.88947167178698, 51.8572430812893], [10.894714746546986, 51.83861879834021], [10.89293591868093, 51.83838063266768], [10.892587170451652, 51.83304842479839], [10.892540334905306, 51.83584705074879], [10.892101339244117, 51.833328964998955], [10.88689168295633, 51.83456352786221], [10.88481023519969, 51.83039107269977], [10.88963987477655, 51.828270387100225], [10.888927486431871, 51.82672790215342], [10.892293591823641, 51.82588710162046], [10.891174183565674, 51.82399892892244], [10.893634476383808, 51.82324622122966], [10.900500348056381, 51.816403529183475], [10.894675343311022, 51.81588970960886], [10.89107836848478, 51.81371024179307], [10.883299143272154, 51.813564049336414], [10.864271518178768, 51.80978801711268], [10.86375541894513, 51.80626914617468], [10.859896212081223, 51.80271154809635], [10.851575542472075, 51.799834396494944], [10.84895268918708, 51.79546017048948], [10.8437113613509, 51.791940925434936], [10.852803499562961, 51.78575170663694], [10.859358981250976, 51.7873144654859], [10.863346535172289, 51.7823194766845], [10.852068018293707, 51.782801808462175], [10.851569743602283, 51.780623716408286], [10.850168045688251, 51.78094899158432], [10.843502029514443, 51.77648294177316], [10.831744545334525, 51.77942421954766], [10.835009827338318, 51.77515514830315], [10.829951722023983, 51.76853854847856], [10.830108286409649, 51.766366468015526], [10.83636559620021, 51.76759812821238], [10.837602263639594, 51.76565964866929], [10.846024906879924, 51.76760780172156], [10.85846745710608, 51.7666574080876], [10.860949517097959, 51.76987048406567], [10.869082523840707, 51.76816301670168], [10.871520534832696, 51.768741783563506], [10.87286296883152, 51.76750276873374], [10.869329524648123, 51.76580946415724], [10.869781460272732, 51.762475754120835], [10.867958358013759, 51.76245642116797], [10.870109815730137, 51.76154332307965], [10.867142927453134, 51.760902506165216], [10.867735563514952, 51.758929246268266], [10.874930446177165, 51.761973146825454], [10.881632715477238, 51.76286309272323], [10.887810416183092, 51.75688121717831], [10.894178365891703, 51.75749683451887], [10.900493087122872, 51.754659272277884], [10.89951461566863, 51.75245642293395], [10.905230691910504, 51.752258352875046], [10.902298350998946, 51.75096971516175], [10.904243030550065, 51.74716235475898], [10.901997936361491, 51.74766816673448], [10.899293271472606, 51.74663732548805], [10.899353008698686, 51.74499920355956], [10.901905358106655, 51.744866631697285], [10.902343204807522, 51.74381702175014], [10.896882165422474, 51.74040027995327], [10.895039710865971, 51.74095932460945], [10.890330953775601, 51.73744183760188], [10.889807874859644, 51.734313547779145], [10.886617843355992, 51.73267204138432], [10.887356732541697, 51.73031877745691], [10.890490570222282, 51.729711420236086], [10.893162562889092, 51.72681348382798], [10.899123244580952, 51.728023847295795], [10.916725835659168, 51.724722637936516], [10.913608412714243, 51.719841849184824], [10.915767168473243, 51.71771676597627], [10.913262671188168, 51.716276759127275], [10.913554175909859, 51.71254540183955], [10.911602394359612, 51.71030221837685], [10.913514455738675, 51.706970873467675], [10.912601850423002, 51.70409763233738], [10.915102457460936, 51.70204350977222], [10.916146942512166, 51.70270045829315], [10.919864023275133, 51.70106321103127], [10.920190195882075, 51.69896616645172], [10.92928625048821, 51.69957810011297], [10.94159963190898, 51.6963284833217], [10.940530774780816, 51.694305129301455], [10.929152556630193, 51.69332338284601], [10.915886560184747, 51.69499560021161], [10.90465138852186, 51.69497228565774], [10.902554858813323, 51.692722081256605], [10.896009338199292, 51.69179956834998], [10.896507920366789, 51.68889564407039], [10.910417453405948, 51.69219155312025], [10.910951748774087, 51.686885014937836], [10.90696034971486, 51.68896830662092], [10.90677752991966, 51.686336595382926], [10.905065328801708, 51.685954406589815], [10.912225349065256, 51.68344775794713], [10.912192371855916, 51.68167199189973], [10.908996310141164, 51.67988928753355], [10.910889978045237, 51.67805771377854], [10.931844824355048, 51.67971927174928], [10.940866729069102, 51.67921838081908], [10.949554313322132, 51.68074846385095], [10.950722587302021, 51.679488924674935], [10.940376831906116, 51.6768106451305], [10.940918716343022, 51.67330166284425], [10.935774937821067, 51.67233714524963], [10.935928138009109, 51.67039467943718], [10.942438334357151, 51.67073340470592], [10.941306931191233, 51.66868332866372], [10.937524019018426, 51.66714036872262], [10.931781769211652, 51.66674576170404], [10.93623860666624, 51.6659133789847], [10.933291486888951, 51.66324033885206], [10.942454464536619, 51.662958076793686], [10.948571124740559, 51.66419532566601], [10.952827223436442, 51.661215067602846], [10.96130129403278, 51.667304461948405], [10.966841277285402, 51.664459874051836], [10.974300802862134, 51.664442824943514], [10.976222642064009, 51.6669990615863], [10.975939716967096, 51.67028687825681], [10.988839273107022, 51.671618857617226], [11.015705713167916, 51.67970678173947], [11.01771772372892, 51.678201398074926], [11.021816840585258, 51.67910565353906], [11.028958191387915, 51.67818830327529], [11.031587213929251, 51.67705175499243], [11.035439323095188, 51.67211224514966], [11.04554022349013, 51.67919703484101], [11.062285906404162, 51.67955823481502], [11.07065768035387, 51.676380302915305], [11.072871234333137, 51.679138880137785], [11.085328041646033, 51.67839341119115], [11.09379812802477, 51.68017358621899], [11.096790980325087, 51.678378674957955], [11.101850363775307, 51.67799501965049], [11.106495489185997, 51.676025801389244], [11.113077571472914, 51.67583616985983], [11.121459261661183, 51.668955558590554], [11.122266822981342, 51.669729113256004], [11.12226010582808, 51.66566020265585], [11.127924132180224, 51.66416286254644], [11.131926975098922, 51.665522739138446], [11.128263455242193, 51.667784092986665], [11.12872639412153, 51.66961581681718], [11.13183771520356, 51.67053206938925], [11.13261582631244, 51.6694078658782], [11.13427820452079, 51.67019375029935], [11.133744649322601, 51.66847841883193], [11.141702035541563, 51.666189181583285], [11.146711050005464, 51.666431532278025], [11.149057571847651, 51.66897627092961], [11.150886109436145, 51.667187991766205], [11.149964845454772, 51.66484309408439], [11.161358329374325, 51.665545883723], [11.16423036349479, 51.6680577929057], [11.168540119297065, 51.66893315157908], [11.168351093883299, 51.67212403370125], [11.176148914155618, 51.674961775672024], [11.182618683156907, 51.674817381148486], [11.205619241603282, 51.67065869763535], [11.203799927111797, 51.66710917099683], [11.207555434635776, 51.664846623291254], [11.213485477861642, 51.66475700786295], [11.2155831226733, 51.66105574916592], [11.225090882282469, 51.65946840405649], [11.228468628818414, 51.653572875074566], [11.235444500258588, 51.6529538972907], [11.234136099145486, 51.648931554922356], [11.238186263586698, 51.64197787005402], [11.234437598463243, 51.64250096359252], [11.233768922964062, 51.64151834348461], [11.234987848708734, 51.63794439062001], [11.233273831454257, 51.63682893130114], [11.23722949563694, 51.635721025438066], [11.235065833049447, 51.627993891758415], [11.237963493138327, 51.626818254205716], [11.244989933627906, 51.62921051701637], [11.246428684202828, 51.63099068840052], [11.24979631043858, 51.62132728187], [11.241660401773675, 51.619211310102266], [11.24315067513385, 51.61562592802285], [11.246887089465412, 51.61643212365089], [11.24349841670661, 51.614975580544375], [11.242699642388324, 51.611909777958765], [11.252552969453678, 51.61026732470759], [11.234213996014741, 51.606998436217516], [11.231457710512885, 51.60449815320301], [11.23338005513949, 51.5979607196912], [11.229192128071897, 51.597604896646196], [11.229903771773937, 51.5953687042831], [11.226774098311763, 51.59520384453534], [11.220801616121319, 51.59105790268092], [11.21349547625377, 51.589555112948204], [11.209569234667688, 51.59148010016388], [11.206265254356964, 51.59033898933134], [11.203429648342754, 51.59407975236622], [11.20007336817757, 51.593262180026954], [11.197845639545788, 51.59036389856897]]], [[[11.202551433661597, 51.58878912996549], [11.202561921165513, 51.588785048689104], [11.202561978357034, 51.58878501251166], [11.202551433661597, 51.58878912996549]]], [[[11.206424642553786, 51.58785897936003], [11.203875887705848, 51.58782211608313], [11.202561978357034, 51.58878501251166], [11.206424642553786, 51.58785897936003]]]]}}, {"type": "Feature", "properties": {"wkr": 31, "wkr_name": "Sangerhausen"}, "geometry": {"type": "MultiPolygon", "coordinates": [[[[11.321190875692121, 51.41030913136679], [11.307820624276717, 51.405792797646036], [11.304130579102848, 51.40616230940293], [11.284229138248719, 51.402039046955885], [11.275312081953947, 51.40479765934802], [11.274196751652019, 51.40076255415772], [11.252728889644201, 51.40055789046027], [11.248692573106235, 51.39514693932592], [11.244394850453657, 51.397005651283095], [11.246279863662535, 51.39788181155349], [11.248018187792356, 51.40533655760441], [11.230297989898418, 51.405408691474], [11.231328894498388, 51.408357055809915], [11.228472672629861, 51.40898618794419], [11.223824525599031, 51.413205703493425], [11.2097577712881, 51.41183309831409], [11.21023045858775, 51.407793093640564], [11.207486714005828, 51.40671445149896], [11.203065235396835, 51.40689310054974], [11.20221244972385, 51.405634867569276], [11.197042998553629, 51.407794999204455], [11.195732211736576, 51.40526393837108], [11.193257516378592, 51.405695568778405], [11.191514055275201, 51.402746277493904], [11.183539276357468, 51.40286722041892], [11.183573032281531, 51.40581496098791], [11.175102573186052, 51.40628010340829], [11.17190035000395, 51.40621783338853], [11.171887279415978, 51.40472842512638], [11.153160022562895, 51.40171880758904], [11.152289280608015, 51.403564760737595], [11.148727147513366, 51.404082960309196], [11.141091272959509, 51.40275748959727], [11.141119134730792, 51.40482812912522], [11.135665379603617, 51.40630004595471], [11.132197329340231, 51.40437363777248], [11.131116774197174, 51.408461484330516], [11.126285636858556, 51.40785948198899], [11.12834598492279, 51.409766859147204], [11.127167215772845, 51.41334751991153], [11.122671189029326, 51.41225940248864], [11.120271151704058, 51.41314273758445], [11.116436081859703, 51.41115083076796], [11.11521985097097, 51.411629560453875], [11.118227253921646, 51.41416284660921], [11.116340448931556, 51.41557182628423], [11.114297857197332, 51.41446170883579], [11.110446682852482, 51.415947662347875], [11.102193721500532, 51.4167161979723], [11.103448169983055, 51.419294156939024], [11.098957963185649, 51.41982424914572], [11.09619286076026, 51.418629452544316], [11.0962744634652, 51.420051164264706], [11.092238423360735, 51.421870946827696], [11.077933915210279, 51.42553417025455], [11.07176067097057, 51.42853675383771], [11.065251669280686, 51.42938252490082], [11.060944693424348, 51.429690106539645], [11.055561489533472, 51.427179442849], [11.05417811240701, 51.429432916562696], [11.050440976054665, 51.42888728616456], [11.049610438773872, 51.42671729826649], [11.04526210039088, 51.42524169350004], [11.050409665712525, 51.42108720146215], [11.049654272644606, 51.42048708639555], [11.046806474723853, 51.422228742553806], [11.045428071164775, 51.42116968105149], [11.043699885474426, 51.4239781689805], [11.041960757499831, 51.42317113976119], [11.04040397968186, 51.424402435758296], [11.035845714344479, 51.42189107597775], [11.025244332809967, 51.42123213481212], [11.02366669443179, 51.41828186829893], [11.02105991857155, 51.418568145055644], [11.018782298321371, 51.41707804338812], [10.990795899743183, 51.41809673525058], [10.998630417251137, 51.42386443156319], [11.001272156882782, 51.423018691447496], [11.00778351016988, 51.42417388773636], [11.011923005662583, 51.42367976295537], [11.012106458560767, 51.42476468499875], [11.007951507810606, 51.42926881823418], [10.9977516776656, 51.42871237320316], [10.994345305866446, 51.42650828428438], [10.989771355216202, 51.42567783247683], [10.978013595591953, 51.42672817215561], [10.979686832265761, 51.43188097960472], [10.966849875639888, 51.432326905681975], [10.97109060431954, 51.44230147197791], [10.968852514418026, 51.4422420573916], [10.969260982729022, 51.445039840243496], [10.966714668316788, 51.44545310813616], [10.972253831934726, 51.45144945143986], [10.972571183374034, 51.45368588282286], [10.968370409599174, 51.45441047416875], [10.969668040794117, 51.45837571226382], [10.962938613407827, 51.46043144155705], [10.964168716017433, 51.4630790480093], [10.961124127081609, 51.463160871042156], [10.96341656417764, 51.46867133008947], [10.96099959672606, 51.47109833685984], [10.968015232892949, 51.47907631127186], [10.97270819565963, 51.48200539738977], [10.96623936888931, 51.48535782127607], [10.9592997094849, 51.492210599889724], [10.952514862569528, 51.49492300499685], [10.954019666933304, 51.4981634400313], [10.95026997153446, 51.49873603625088], [10.949182816960993, 51.50130054196762], [10.946330484105319, 51.49870805948832], [10.939554586611122, 51.50056540853526], [10.941284901775573, 51.50281269287734], [10.945356298316106, 51.50378119734224], [10.943891922753005, 51.50536394927133], [10.945422073085274, 51.50650584901039], [10.935895191451978, 51.51260132774248], [10.935202397896589, 51.517949933476835], [10.931450424428377, 51.51744946498885], [10.933680312667269, 51.5191180321471], [10.9269480717029, 51.52073028928922], [10.929711559470965, 51.52145985294491], [10.932952699626266, 51.52057895498732], [10.933927214192899, 51.53269773729078], [10.93974399513904, 51.53561005395202], [10.947706342859517, 51.533440411537185], [10.94770523303913, 51.53778802060207], [10.943874056636405, 51.538644835918284], [10.939947383814289, 51.5419251429329], [10.93250564580675, 51.54381381547321], [10.927856550152061, 51.54363789045163], [10.92532954615183, 51.54563757958671], [10.91637910585228, 51.54725572948053], [10.912727798442493, 51.55022548004429], [10.910842955512832, 51.55561103742575], [10.910115764152486, 51.55276425730249], [10.907158774328334, 51.55243323366219], [10.90477731285545, 51.54940404282061], [10.900209612405725, 51.55097389123626], [10.895334432279268, 51.55747619813535], [10.897305157762718, 51.56052426955384], [10.900432513377922, 51.56130754782304], [10.900449488623433, 51.56479403199329], [10.894989563994733, 51.567821897012195], [10.893249621452368, 51.57084330897971], [10.893893817359414, 51.577053901203556], [10.891611836472434, 51.579131611202186], [10.890173242423549, 51.57791380004066], [10.883938929367154, 51.57871524630413], [10.883036562887932, 51.5791313638765], [10.885016174392895, 51.58537636005851], [10.887939842824894, 51.587624024065285], [10.888634318318319, 51.59652542019954], [10.89355783984141, 51.59820549839618], [10.89546371321031, 51.60196784839437], [10.896546530636872, 51.596566786726775], [10.902321471171996, 51.59400202661435], [10.906699035278084, 51.59512755045995], [10.912017761199833, 51.59300029140501], [10.923556015925596, 51.59288375214859], [10.930495574708289, 51.590691837187336], [10.929827410226128, 51.593416208985985], [10.936232175372744, 51.59794286777486], [10.93715288406484, 51.6041627006984], [10.933914076800017, 51.60600702085733], [10.923763829837343, 51.60721286471272], [10.913363838578015, 51.61042583245214], [10.916282981529017, 51.614523480989334], [10.921667236824643, 51.617454027397166], [10.916370779726384, 51.61671725480551], [10.922431312799892, 51.61963499006452], [10.925013637688743, 51.62313801513467], [10.92152980111311, 51.62730141456292], [10.934759545895204, 51.62431257391296], [10.934170185432501, 51.630050360262366], [10.953389423974349, 51.63172792202939], [10.959548373582258, 51.63379806934484], [10.970488833572484, 51.633128776380495], [10.974589523322168, 51.62733777232993], [10.976979111063201, 51.626438465820925], [10.976742399282635, 51.624636944723996], [10.979624974632433, 51.62382719769942], [10.995873946428791, 51.62878373283852], [11.019272806568106, 51.62700372704328], [11.026165253570149, 51.62453614342992], [11.02551534222989, 51.62246187714288], [11.022978944254923, 51.62250135137182], [11.018357465504804, 51.61934732361368], [11.018994449135908, 51.61647885926837], [11.021699683474449, 51.61451371893638], [11.024829638138936, 51.61491408386504], [11.029207320938408, 51.611481859961785], [11.035230319244171, 51.61129854629554], [11.03358310899253, 51.60621527653752], [11.034780040048554, 51.60276103929447], [11.030409028648016, 51.60263235850764], [11.026593505528723, 51.60521637069424], [11.02420665561067, 51.60595704535455], [11.015876371568432, 51.60698748858585], [11.00913857551328, 51.609618351348125], [11.010660333896276, 51.61341598067071], [11.009231644129184, 51.613656625585605], [11.007816232502448, 51.61202752884506], [11.005114360882757, 51.6125278049587], [11.002112121307665, 51.61494475511922], [11.003326328919067, 51.6168143623618], [10.998256228056993, 51.61624462714974], [10.993950307213153, 51.61779622652378], [10.993597023612212, 51.61700512992918], [11.001603247088685, 51.61476679476177], [11.003408736012847, 51.61279555932822], [11.002019139960069, 51.61256257259086], [11.007062862068413, 51.61161553925299], [11.006550078367574, 51.610211645974765], [10.999834840386656, 51.61005831906907], [10.998541133749265, 51.612080516112194], [10.995879122596145, 51.613503734270246], [10.999407418543301, 51.61000047764367], [10.994595018171518, 51.61064197351862], [10.98729777433179, 51.60952773675791], [10.989385291688487, 51.60880871330562], [10.991551596293494, 51.609995358514], [10.998186663257433, 51.60961151185058], [10.99429498064109, 51.60775341194604], [10.99478137794839, 51.60695697513449], [10.99891843584816, 51.607410279702556], [11.000397026147027, 51.60954527990835], [11.009476681510696, 51.60907406075959], [11.016576170831591, 51.60605092681887], [11.01265222626103, 51.605359665122755], [11.012995610165193, 51.60463140563688], [11.024360845568017, 51.60554266983519], [11.027048224872166, 51.60459214277575], [11.02652267541839, 51.60295866305946], [11.030824273641159, 51.60215653034553], [11.027175784152647, 51.60038237911541], [11.015607665238337, 51.60004998279047], [11.010768613710527, 51.600617581905645], [11.007797223851004, 51.60383553882439], [11.009393025307611, 51.60099058805022], [10.99839991748269, 51.6027951899566], [11.002033538043424, 51.601651197348005], [11.00651602980854, 51.597898018215105], [11.01078352532333, 51.60006589566107], [11.013029436563922, 51.59974706047882], [11.01130383376673, 51.59872278828482], [11.012288430819844, 51.598115691159386], [11.016676770497591, 51.599556953408786], [11.02211932090431, 51.59910762200439], [11.021216341086532, 51.59585931874822], [11.005645867667297, 51.5931580867709], [11.001168250102769, 51.593717603291985], [11.004282445658403, 51.5914781153971], [11.012468186944655, 51.59339046064247], [11.015156400934893, 51.592605863214196], [11.016629917143792, 51.5901605705963], [11.021503039381189, 51.58919152106677], [11.016922743481588, 51.59219565463754], [11.023491122543165, 51.593748592042914], [11.027595447687204, 51.59192930073956], [11.028075522463679, 51.59309929269527], [11.021792993492976, 51.59549173694258], [11.025879076414327, 51.59994075119709], [11.030511009981412, 51.59695187913745], [11.030740041048427, 51.59811804193846], [11.02717867479793, 51.600122112829], [11.032153519695017, 51.60208122449004], [11.040525065812762, 51.60052387788781], [11.037315947935292, 51.59692288233299], [11.038267633242851, 51.59559496131978], [11.034557540762814, 51.59477650886342], [11.041398081515336, 51.59399484360428], [11.041124033980186, 51.59261400757427], [11.056054768302435, 51.59320612386988], [11.055958818514714, 51.59469878179006], [11.062005684525888, 51.597049679047906], [11.0613825228628, 51.599840437930546], [11.068583561454377, 51.59918602408347], [11.072342269050568, 51.60103340494267], [11.077194606129412, 51.60006221893382], [11.07761007608322, 51.599057937500916], [11.08610541020005, 51.601356769610845], [11.087747726334097, 51.6036061892457], [11.091194593345197, 51.600715807805756], [11.098890729331304, 51.59940946275626], [11.100920589276445, 51.59025200834717], [11.114552617848162, 51.59269050021894], [11.124940811956138, 51.591883892478634], [11.125524324846635, 51.585002771805144], [11.13279919008517, 51.58529174139921], [11.133861760293625, 51.58284525924735], [11.139763193521636, 51.584300024128844], [11.139825327851236, 51.584251664988045], [11.138947478128719, 51.5818759165021], [11.133886624286383, 51.578221832792465], [11.130282492714697, 51.57874275114097], [11.122790243317958, 51.58334571261757], [11.114925334748378, 51.58026919825784], [11.115210622146144, 51.57834127694617], [11.113554713859786, 51.57799375580712], [11.113614055944568, 51.57656435954814], [11.11700551351895, 51.574916445404206], [11.1250601125885, 51.57322129955079], [11.125318038892368, 51.56677278487243], [11.13080867338374, 51.566014627993034], [11.137848880109335, 51.567514388033345], [11.141072563726258, 51.567083572882744], [11.146868289730563, 51.570685013122294], [11.157713633887075, 51.57287008170671], [11.154989999248695, 51.577414749692586], [11.154568298522426, 51.582612687072526], [11.15947382917488, 51.578878957460134], [11.161322447723236, 51.57901618236164], [11.160016016513477, 51.58274987588294], [11.162752625228528, 51.58370322698519], [11.157712403124524, 51.5859626192126], [11.157805209322532, 51.58705570758983], [11.162340169760927, 51.58936337683365], [11.162239172889478, 51.59160095037905], [11.165187472035171, 51.59227880106561], [11.16603845755629, 51.59561867560318], [11.16968040851328, 51.59706240869288], [11.174216613055213, 51.59522962747969], [11.17036503496552, 51.59262997980603], [11.170494299870494, 51.590449782939814], [11.172719235046104, 51.58915980222731], [11.17653932556691, 51.59072613597756], [11.184509255271276, 51.591921509252806], [11.18676931292984, 51.59116195122796], [11.190178541877504, 51.592511524212156], [11.20496393612985, 51.58718205955692], [11.208404217861506, 51.587666860899866], [11.208554248534535, 51.58823253992831], [11.203875887705848, 51.58782211608313], [11.197845639545788, 51.59036389856897], [11.20007336817757, 51.593262180026954], [11.203429648342754, 51.59407975236622], [11.206265254356964, 51.59033898933134], [11.209569234667688, 51.59148010016388], [11.21349547625377, 51.589555112948204], [11.220801616121319, 51.59105790268092], [11.226774098311763, 51.59520384453534], [11.229903771773937, 51.5953687042831], [11.229192128071897, 51.597604896646196], [11.23338005513949, 51.5979607196912], [11.231457710512885, 51.60449815320301], [11.233899270923432, 51.60680381230234], [11.252552969453678, 51.61026732470759], [11.242699642388324, 51.611909777958765], [11.24349841670661, 51.614975580544375], [11.246887089465412, 51.61643212365089], [11.24315067513385, 51.61562592802285], [11.241660401773675, 51.619211310102266], [11.24979631043858, 51.62132728187], [11.246428684202828, 51.63099068840052], [11.244989933627906, 51.62921051701637], [11.237963493138327, 51.626818254205716], [11.235065833049447, 51.627993891758415], [11.23722949563694, 51.635721025438066], [11.233273831454257, 51.63682893130114], [11.234987848708734, 51.63794439062001], [11.233768922964062, 51.64151834348461], [11.234437598463243, 51.64250096359252], [11.238186263586698, 51.64197787005402], [11.235240354640325, 51.64515370891278], [11.23669967241465, 51.64562405849515], [11.239004065997326, 51.64245209636305], [11.250038346115478, 51.638671059056136], [11.252371855828654, 51.63948042730781], [11.251864757330095, 51.64278556080658], [11.255419168137998, 51.64319239754101], [11.257964826480483, 51.64678911689867], [11.264395915906555, 51.64564546551831], [11.269767793579414, 51.646774189723146], [11.271365302697477, 51.643598369859404], [11.275032677040567, 51.646505215894834], [11.278434621296045, 51.64437868591865], [11.280083658819683, 51.64476101597739], [11.281558873571015, 51.645306912359764], [11.278912689099878, 51.64998954287164], [11.286353978284055, 51.648469787626055], [11.28761351650382, 51.65068524945047], [11.294095212549033, 51.65054867707378], [11.292421235984367, 51.65572661600617], [11.294353936945038, 51.65712124534397], [11.289001654778602, 51.65969986231111], [11.29137291365375, 51.66037040565089], [11.305930741159816, 51.66175104711688], [11.309073343676397, 51.65543752621433], [11.306926668540953, 51.654722178737096], [11.308133762217526, 51.648520674382986], [11.314559320252494, 51.649484044580404], [11.318755186519954, 51.64880085010236], [11.323712743598565, 51.650505422284425], [11.325234847042731, 51.64908649695753], [11.33279076843035, 51.649143417746046], [11.337572827331059, 51.653267804448696], [11.342771033792253, 51.65037473656719], [11.349278594720891, 51.650358140609235], [11.351557155514609, 51.64852335332021], [11.34835715594773, 51.63862434958654], [11.344835543174321, 51.63561375439129], [11.347941324209872, 51.63124976468824], [11.346044540294722, 51.62860393033074], [11.348695716182112, 51.62549684848763], [11.34012701124855, 51.61694430852048], [11.345396038776853, 51.614729957240286], [11.346858112271176, 51.610553321381985], [11.377548292852927, 51.62070108901798], [11.379254624472289, 51.62164892861861], [11.377077805247268, 51.622716654457], [11.379494172733292, 51.62177076933752], [11.392104597447194, 51.62371884826792], [11.39310289946482, 51.62231587941214], [11.396440578410704, 51.62173074238545], [11.411202899861493, 51.62285313934518], [11.4195865338206, 51.6204766766575], [11.423676273583762, 51.62115316111941], [11.426746428611922, 51.6231687741781], [11.428842446564513, 51.61971006141092], [11.432763955720173, 51.61965212533316], [11.438801403692782, 51.621198004556256], [11.438216805825432, 51.62470689734947], [11.428233520527, 51.624348480861656], [11.445224639516155, 51.626076000716445], [11.452440216942474, 51.625227609204664], [11.464212500367678, 51.62850183827038], [11.476367727869512, 51.626960208811624], [11.476584079263695, 51.630759363199985], [11.478911742091116, 51.63096929295575], [11.478060133929086, 51.634955014942854], [11.488622161087626, 51.63537161596707], [11.492707209998297, 51.63456144440758], [11.492668661571521, 51.63276308427669], [11.501272699069528, 51.63356732242823], [11.503386008738026, 51.62608425817813], [11.509987540489425, 51.626437562706926], [11.507698970704277, 51.62466803932866], [11.508531951819961, 51.62291903714977], [11.51229474072533, 51.62275222515191], [11.515095643422532, 51.620261214726774], [11.514521029808295, 51.614036555530966], [11.510456233436402, 51.60916188934109], [11.515299801616054, 51.60338006699999], [11.51184699620875, 51.599774067192186], [11.496151125993112, 51.59835167859313], [11.496162040044805, 51.5991039309007], [11.492542159185833, 51.600291575356145], [11.490813618285218, 51.60402852065414], [11.492153436904625, 51.59975268953713], [11.49599481535052, 51.59724056668437], [11.478691848711343, 51.59620703718436], [11.48078133604194, 51.58206671566993], [11.472969443793513, 51.58054380395012], [11.469810817930341, 51.58391700321607], [11.46552508535321, 51.57974596265851], [11.46110288287067, 51.58153824490697], [11.459689998684645, 51.58076556330159], [11.463868249844163, 51.57834103503448], [11.462746121115504, 51.57789213688675], [11.450720184716511, 51.57991696738686], [11.449433634653746, 51.582317868439425], [11.44726644434954, 51.58302880387877], [11.448251392467041, 51.581354299355], [11.444685709499314, 51.57682961533338], [11.446748533834661, 51.575956450970075], [11.447487600695174, 51.57238635959324], [11.451404131523677, 51.569684779876226], [11.451169279961022, 51.56809425934477], [11.444371000775494, 51.56702445571842], [11.44711702746296, 51.555717961268684], [11.444454016372305, 51.55584251525195], [11.44542007008713, 51.553652660877816], [11.450384956972778, 51.55363052914783], [11.45090566885719, 51.55243541035482], [11.441079665640038, 51.54777174736939], [11.44108604264472, 51.5461758672931], [11.443897767377868, 51.54615191674846], [11.444035157381865, 51.545145612041615], [11.449354254412107, 51.54369320890947], [11.449457266851589, 51.54200028846084], [11.443909997555037, 51.54352116352115], [11.441091540430321, 51.53803022791989], [11.43521170008237, 51.536381389741116], [11.431683750229853, 51.53690587191338], [11.432122987203444, 51.53401958156752], [11.438719195366218, 51.52819577963231], [11.420514194135809, 51.528838840209254], [11.418900672454624, 51.53178008388225], [11.410629094888725, 51.53013652811774], [11.40996254225206, 51.53489215425274], [11.405019469270403, 51.541706021899444], [11.398908117411024, 51.53994786792186], [11.383763947702352, 51.53880348014385], [11.375549499929756, 51.538980118404716], [11.370281521386822, 51.54099376462074], [11.364035024530711, 51.539902917553555], [11.3614850432777, 51.54363232469709], [11.363849654289913, 51.547442206208395], [11.370260312935873, 51.54954057415324], [11.37323336438931, 51.547499145509995], [11.376449082326271, 51.55133557394026], [11.380207305688021, 51.55238950309263], [11.377857953705973, 51.55410049954133], [11.360108393101068, 51.55090128686826], [11.360232677931851, 51.552552320062574], [11.366307945462431, 51.55589263355155], [11.368612178376033, 51.55904069232434], [11.37236417723747, 51.56020371021802], [11.370802101408897, 51.56108407297229], [11.356749412294564, 51.558527485178004], [11.348988476217617, 51.560182824395895], [11.343348956055745, 51.56005127742055], [11.338643950530564, 51.55891333158588], [11.336829579979216, 51.55685031187767], [11.339878896388425, 51.55429381562442], [11.34268680229856, 51.55541836147398], [11.346620163080711, 51.5514112089522], [11.343306777248072, 51.55010364436344], [11.34135850063816, 51.541346910000435], [11.3375420841165, 51.5381606879269], [11.33654765648051, 51.53492421172792], [11.332043633550736, 51.53622049291941], [11.332425520981843, 51.53232965872123], [11.329419190735935, 51.53094599826707], [11.33678700084292, 51.52592484548936], [11.33546119464881, 51.5249936526325], [11.34021919541517, 51.52293569947788], [11.340633399555472, 51.520785878229], [11.344119965750124, 51.52027363905884], [11.342837681441775, 51.52219730135598], [11.344746912036575, 51.52260876547085], [11.347154389053092, 51.52164347617719], [11.346101607846643, 51.5197374134966], [11.351579736780462, 51.519464117013044], [11.349035657836144, 51.51787068765841], [11.349799509952216, 51.51642474285938], [11.359446853898657, 51.519790480266735], [11.362853484025505, 51.51081077826695], [11.365894529503915, 51.51342594176942], [11.364623243844981, 51.514143344683006], [11.364290511960224, 51.514704823320464], [11.366392419090893, 51.513485745786156], [11.362591840665571, 51.510133493717575], [11.363561875898187, 51.508344753140236], [11.36743077241553, 51.512874532211356], [11.374349404513367, 51.51387126623334], [11.369521359502915, 51.51759911506232], [11.374756768398502, 51.5155656598704], [11.371594732836575, 51.51840687066921], [11.373278303214656, 51.519069217303645], [11.376207251541146, 51.516442987668896], [11.374834613720763, 51.5208801439514], [11.37967557273255, 51.521143729744786], [11.373328102866958, 51.510283583999815], [11.381259985986471, 51.5108216372445], [11.379705546418545, 51.50667498040417], [11.378798831687396, 51.507276624282305], [11.375204090628253, 51.50395190853486], [11.377870766657479, 51.50358069495456], [11.380985418207548, 51.50516734759409], [11.384448113401172, 51.497787520649936], [11.376351153592347, 51.49720526923859], [11.37915739785697, 51.49137993363302], [11.374026990067165, 51.49127642758064], [11.37424916306014, 51.48980338375842], [11.374954328435727, 51.488520201505644], [11.381322381285035, 51.48933773647111], [11.384709561134498, 51.48734097198271], [11.38376121723768, 51.486453710134064], [11.38566868571045, 51.48630704256267], [11.378129694167836, 51.48299044934605], [11.375274267786835, 51.4800345956595], [11.370573063498213, 51.48047349741652], [11.371552971368661, 51.47447236087282], [11.356676622559933, 51.4742645332689], [11.352008808104692, 51.465061923090936], [11.352231930423807, 51.4566773721052], [11.345972547756542, 51.457400176394714], [11.342240249983998, 51.45967632567157], [11.337440053844949, 51.45121818390936], [11.337910826198293, 51.449440559422136], [11.340618263990722, 51.44919678261918], [11.338029528573891, 51.443554478810704], [11.341070860063391, 51.443603941961484], [11.340284773657439, 51.44121126694973], [11.32959717693993, 51.44029243786427], [11.317221271458779, 51.42434835233175], [11.334478646665211, 51.419407701707065], [11.321190875692121, 51.41030913136679]]], [[[10.883655831982106, 51.580015191109894], [10.884971044269724, 51.57935022759963], [10.884535547089554, 51.578709810922895], [10.883199386515134, 51.57911637670615], [10.883655831982106, 51.580015191109894]]]]}}, {"type": "Feature", "properties": {"wkr": 30, "wkr_name": "Eisleben"}, "geometry": {"type": "Polygon", "coordinates": [[[11.50435264030955, 51.41463390787115], [11.49701492723275, 51.42012190711638], [11.499981485370759, 51.42196441378635], [11.501963437395776, 51.42037137277555], [11.503149721812223, 51.42124980709078], [11.49965984373024, 51.42359828706643], [11.49420308461179, 51.43643305336112], [11.482517622959188, 51.453290633171115], [11.46955430714567, 51.452544531231716], [11.465445107932185, 51.480438069285725], [11.44808657455978, 51.480806907730525], [11.449404631492506, 51.48385700223676], [11.438920292567042, 51.48868001503859], [11.426433805034176, 51.49104528202252], [11.421299567003283, 51.489451820170125], [11.420371288540844, 51.49053926737082], [11.422229231445979, 51.49112412788532], [11.415498133529137, 51.49366643587934], [11.409523378871315, 51.493566051642254], [11.396107076964629, 51.49753051705636], [11.395686393560032, 51.499061539004614], [11.39843113782422, 51.499613815091884], [11.40107684850905, 51.50053587187583], [11.396574668721943, 51.4993743885916], [11.394871285287191, 51.50005127851715], [11.404511909566109, 51.501595541125205], [11.406009808921493, 51.503834720331426], [11.402411115741776, 51.50644705970472], [11.409644034966567, 51.50595273280257], [11.409570860556812, 51.507065659450056], [11.403498972665822, 51.50831986420632], [11.400073127008806, 51.510442767306635], [11.3991138990578, 51.51187022188029], [11.401426529215454, 51.51292940906542], [11.397938262112897, 51.518136166318335], [11.401656129181115, 51.5215770065247], [11.405639913008207, 51.521925225426656], [11.413007227964941, 51.525780941063836], [11.410650472995982, 51.530140776841236], [11.418900672454624, 51.53178008388225], [11.420514194135809, 51.528838840209254], [11.438603263678399, 51.52814465773167], [11.432122987203444, 51.53401958156752], [11.431683750229853, 51.53690587191338], [11.43521170008237, 51.536381389741116], [11.441091540430321, 51.53803022791989], [11.443909997555037, 51.54352116352115], [11.449457266851589, 51.54200028846084], [11.449354254412107, 51.54369320890947], [11.444035157381865, 51.545145612041615], [11.443897767377868, 51.54615191674846], [11.44108604264472, 51.5461758672931], [11.441079665640038, 51.54777174736939], [11.45090566885719, 51.55243541035482], [11.450384956972778, 51.55363052914783], [11.44542007008713, 51.553652660877816], [11.444454016372305, 51.55584251525195], [11.44711702746296, 51.555717961268684], [11.444371000775494, 51.56702445571842], [11.451169279961022, 51.56809425934477], [11.451404131523677, 51.569684779876226], [11.447487600695174, 51.57238635959324], [11.446748533834661, 51.575956450970075], [11.444685709499314, 51.57682961533338], [11.448251392467041, 51.581354299355], [11.44726644434954, 51.58302880387877], [11.450720184716511, 51.57991696738686], [11.462746121115504, 51.57789213688675], [11.463868249844163, 51.57834103503448], [11.459689998684645, 51.58076556330159], [11.46110288287067, 51.58153824490697], [11.46552508535321, 51.57974596265851], [11.469810817930341, 51.58391700321607], [11.472969443793513, 51.58054380395012], [11.48078133604194, 51.58206671566993], [11.478691848711343, 51.59620703718436], [11.49599481535052, 51.59724056668437], [11.492153436904625, 51.59975268953713], [11.490813618285218, 51.60402852065414], [11.492542159185833, 51.600291575356145], [11.496151125993112, 51.59835167859313], [11.51184699620875, 51.599774067192186], [11.515299801616054, 51.60338006699999], [11.510456233436402, 51.60916188934109], [11.514521029808295, 51.614036555530966], [11.515095643422532, 51.620261214726774], [11.51229474072533, 51.62275222515191], [11.508531951819961, 51.62291903714977], [11.507698970704277, 51.62466803932866], [11.509987540489425, 51.626437562706926], [11.503386008738026, 51.62608425817813], [11.501272699069528, 51.63356732242823], [11.492668661571521, 51.63276308427669], [11.492707209998297, 51.63456144440758], [11.488622161087626, 51.63537161596707], [11.478060133929086, 51.634955014942854], [11.478911742091116, 51.63096929295575], [11.476584079263695, 51.630759363199985], [11.476367727869512, 51.626960208811624], [11.464212500367678, 51.62850183827038], [11.452440216942474, 51.625227609204664], [11.445224639516155, 51.626076000716445], [11.445635726125934, 51.627726517997694], [11.448391492120479, 51.62862498221041], [11.44629492836676, 51.63108018485154], [11.441096869116272, 51.632589825393424], [11.440463535596116, 51.63390344798761], [11.43238062270665, 51.63298143523181], [11.4264436640953, 51.639622294009484], [11.429961754125987, 51.6400723108012], [11.431435346188184, 51.644485480017075], [11.437499042552483, 51.64653317659166], [11.437808704883373, 51.64543163065195], [11.444507038271311, 51.65067179572869], [11.443015174376967, 51.65640281241653], [11.446407747478283, 51.65710078411619], [11.443613283365394, 51.660793457409845], [11.444999667181303, 51.66320257992735], [11.461368256276335, 51.67251287340672], [11.47077379548224, 51.676107803651846], [11.475586073739926, 51.680104298178094], [11.482628265413283, 51.67504489797011], [11.485902193462609, 51.67592922662694], [11.487723328861561, 51.67157794553951], [11.499288901614307, 51.67066633205117], [11.500910119143315, 51.668302717848945], [11.506073053226954, 51.66759874897215], [11.509649830255798, 51.66520955204144], [11.508308429418394, 51.66418288325099], [11.510662288567225, 51.662956875676606], [11.513279571573392, 51.663588067588464], [11.521653190359276, 51.65974367325294], [11.524669850178084, 51.66260744933412], [11.52749629654216, 51.6630796798972], [11.527035406996653, 51.65879833350732], [11.525032711713015, 51.658248165435715], [11.526452844204995, 51.65619380770984], [11.534671266998238, 51.65584895464005], [11.53524155225957, 51.65382495130249], [11.549519366220345, 51.65753636475998], [11.552769944783838, 51.65170089609282], [11.562952007696039, 51.65495531260272], [11.563245624245, 51.64932215620565], [11.57431073710533, 51.65328849220727], [11.579027633959866, 51.64818505583639], [11.595366490411791, 51.65518957096008], [11.596552753654981, 51.65833631274668], [11.599900365269828, 51.65966154921184], [11.598451399694113, 51.66121657815181], [11.60484807109307, 51.66100007427691], [11.608774920523485, 51.66362994446011], [11.6197056333614, 51.66157647333858], [11.625598589334619, 51.65925568087953], [11.626076171669306, 51.65271617957441], [11.633336464703277, 51.65298688727864], [11.63302659062172, 51.656422261317196], [11.661682109769998, 51.6513614767021], [11.693168481768199, 51.64903950228446], [11.708795218801868, 51.64296236042119], [11.712488346747312, 51.63971111976054], [11.710748859463123, 51.63710772520004], [11.712682554541448, 51.635852920745634], [11.718959286323516, 51.63563879139317], [11.71995496821993, 51.6293163119391], [11.724809019205209, 51.63011605316181], [11.744718089108467, 51.628816336945505], [11.749268477409412, 51.6323147663486], [11.751144900688224, 51.631626797679466], [11.748637487878398, 51.62106402764535], [11.75765239566345, 51.61903748742514], [11.757962518988812, 51.6172104167523], [11.754146877799522, 51.616004562212865], [11.753326119254092, 51.614388573415724], [11.761487792664312, 51.61222074934436], [11.764442620985612, 51.60980171712092], [11.762841141463884, 51.609062242122604], [11.756641956233217, 51.61103589998976], [11.735508135159371, 51.60704938394615], [11.732510626834188, 51.60345314190265], [11.731684004840227, 51.59452321880949], [11.729849077421747, 51.59176658246314], [11.720058635798484, 51.590090408260366], [11.70606041180498, 51.58405312833236], [11.706233868828821, 51.582214508357325], [11.699606882414887, 51.573185067289714], [11.693736898142053, 51.56924707723787], [11.675566353940512, 51.57077225722031], [11.67563696908779, 51.56831572480985], [11.670361302311708, 51.56492042018218], [11.671800610590008, 51.563963904175544], [11.670709770858611, 51.56092388734459], [11.672815740519606, 51.558954812261334], [11.669943185735137, 51.54708331143011], [11.667966245319182, 51.547005065847245], [11.668641470493387, 51.545385827981576], [11.663914215364752, 51.540431869407925], [11.667109709979435, 51.52709653583825], [11.665870392492764, 51.526239882954535], [11.651033166842575, 51.52837086451879], [11.649295671445, 51.52066475022144], [11.644182941240349, 51.52166767088846], [11.642827727249516, 51.51920365656948], [11.637560420568603, 51.520970201484964], [11.637001958316016, 51.519788644783446], [11.635311118807595, 51.520263302418215], [11.631908420045349, 51.51787821946264], [11.618386384431586, 51.5130083256205], [11.615486354594127, 51.510500360237195], [11.624296981991064, 51.50674313205133], [11.606703564144688, 51.50092943986679], [11.609918993287513, 51.49239674842089], [11.61809101155214, 51.48744911706414], [11.594970310522932, 51.476306676225], [11.59178745553203, 51.47759943847654], [11.586262639211196, 51.476966294957606], [11.581787079853575, 51.48368202597335], [11.57769639321627, 51.484496715857816], [11.571613849083734, 51.483521041002966], [11.56869932697318, 51.48529406081169], [11.56382231817539, 51.48478047254524], [11.555260385432302, 51.47298170359751], [11.561376446797558, 51.46859892712429], [11.561086494626405, 51.46289753974032], [11.557571141914337, 51.459993814334325], [11.568121912054185, 51.45778384852768], [11.569831344367493, 51.45604275264822], [11.568703483165976, 51.445628466313025], [11.552063478670746, 51.440933454596184], [11.549748787565736, 51.438148149882835], [11.544244589630264, 51.438093106091245], [11.542703627546329, 51.43652796837002], [11.545988145916104, 51.43476108911453], [11.536775003455476, 51.432723623262774], [11.532651165816675, 51.42929350081908], [11.532074498745674, 51.42692549967283], [11.524714484852264, 51.42488964005646], [11.524105379164618, 51.42040313778629], [11.527491857331412, 51.4163733870704], [11.52045429712555, 51.416600705494034], [11.513380965906242, 51.412742261746196], [11.508693175262199, 51.41714019761186], [11.50435264030955, 51.41463390787115]]]}}, {"type": "Feature", "properties": {"wkr": 29, "wkr_name": "Saalekreis"}, "geometry": {"type": "Polygon", "coordinates": [[[11.865528080517437, 51.674831708588115], [11.873532540468364, 51.667376597434796], [11.883017857024553, 51.66465923775461], [11.886012947856937, 51.66545220305367], [11.88656079308076, 51.662100468571495], [11.892419669253547, 51.659923849440524], [11.894157666851951, 51.65743395417419], [11.90743897140238, 51.652436133594136], [11.91270151472186, 51.648009312067614], [11.917366199046038, 51.64786203981612], [11.924862980907008, 51.645388743517834], [11.931043257983335, 51.6465800176579], [11.943998828604453, 51.64580038819451], [11.947790744049154, 51.64321942734948], [11.95677866883156, 51.6423179360324], [11.968155263568079, 51.643493909182524], [11.973658105998833, 51.64488868513803], [11.973335847018234, 51.64636637850205], [11.98523754826466, 51.64686835118348], [12.039920666424882, 51.64376861470637], [12.039230985598909, 51.64060387002919], [12.041712115772777, 51.640465913761574], [12.041115656733727, 51.63822805499672], [12.042883106790434, 51.63790148654002], [12.042053852305896, 51.63412184718691], [12.031552598234493, 51.62954734508875], [12.026306663587295, 51.62803248265437], [12.024658493961313, 51.62887283930623], [12.024982491570325, 51.627457898637196], [12.027637064331632, 51.628415590111956], [12.02851129138756, 51.620509130075554], [12.027175979520527, 51.62030239312448], [12.026922250286324, 51.62001575589795], [12.03429508956205, 51.61897853303753], [12.034746819685882, 51.61659505167989], [12.050685733862277, 51.616464675627704], [12.050130242104954, 51.6112863437495], [12.043987676350035, 51.611768788857596], [12.042123882469674, 51.60359260838495], [12.048647138607622, 51.60286506446645], [12.044088852377119, 51.60302190822934], [12.045915825694536, 51.59809510432525], [12.039911967898911, 51.5972625829679], [12.040367281368635, 51.59537668641122], [12.031201918373261, 51.594375215040905], [12.03132571352114, 51.59116533365278], [12.029549624830828, 51.59072563522967], [12.030111774009224, 51.584635517974654], [12.026720205262748, 51.5808191842987], [12.01218351222746, 51.57928769976133], [12.00580067420614, 51.57711076809657], [12.002464289393213, 51.56554508297928], [11.997820462206853, 51.56524547464111], [11.998250628149702, 51.55698853829536], [11.997069225302395, 51.55880952801134], [11.991837283578095, 51.558205416954856], [11.992902727455357, 51.546469119596765], [11.990387223033364, 51.5404667487135], [11.982200692085005, 51.53922628357041], [11.961515906668028, 51.539033569398875], [11.959597721085675, 51.5370409718609], [11.953597851710242, 51.53625442350469], [11.953471043421509, 51.530732181753386], [11.950096077800985, 51.52640668660511], [11.948628546692683, 51.52621095977224], [11.945411981922266, 51.52937028688718], [11.947181085451602, 51.532009443286015], [11.943976285009153, 51.53275350644017], [11.935677242007095, 51.52864801257818], [11.927778808346545, 51.53053756686172], [11.924161035986605, 51.529898077648284], [11.92202471654703, 51.525821132288144], [11.917542764696293, 51.524326773057105], [11.91276838608788, 51.525153125663074], [11.909340314747894, 51.529952792479385], [11.896402040928752, 51.53500907191358], [11.880984656358113, 51.535031553735145], [11.879554503415346, 51.530327995289284], [11.876569310462726, 51.53081692614797], [11.875933579595785, 51.523041893457965], [11.872729135297368, 51.522887876101564], [11.87573687927554, 51.51951118764758], [11.869373686642207, 51.51608487828879], [11.85526363685536, 51.51446173330576], [11.868117791455134, 51.50194631342498], [11.875411828499152, 51.497768856966395], [11.879287984069029, 51.49201190055728], [11.863270499690122, 51.492634477597015], [11.863833702998434, 51.48888506384975], [11.871476366902808, 51.48748500610677], [11.864429601472237, 51.48701677538076], [11.868076322664578, 51.47834594835705], [11.874027522576693, 51.47745602382353], [11.872170973608013, 51.476729492160395], [11.87211036109869, 51.474717272311544], [11.88289315121419, 51.47381461098656], [11.883903761248858, 51.47135991525595], [11.88673350143009, 51.47182020432532], [11.887764202791427, 51.46334250720872], [11.912339039229431, 51.46494331803731], [11.915710653555651, 51.4642361401792], [11.91720937852028, 51.461052402671385], [11.923406079013617, 51.46126717806268], [11.924126146174835, 51.456444615620136], [11.926089237652256, 51.457034817305306], [11.930170774405497, 51.452346832434884], [11.929443516642017, 51.45032141976959], [11.921614849704335, 51.449795450898115], [11.9149293601848, 51.44558389203838], [11.915241826799036, 51.44279528697657], [11.918168522098032, 51.44056751632733], [11.922587687165969, 51.439165933820796], [11.931134535932053, 51.438939996797714], [11.913412349765599, 51.412568835142835], [11.91394511582682, 51.410708757185795], [11.908268104457779, 51.40291807312166], [11.906806016730542, 51.39659562681129], [11.902601922911842, 51.39620606991379], [11.908563788629367, 51.42037036573851], [11.905839187894399, 51.42021775624669], [11.90380704402173, 51.41804692900387], [11.903710217312415, 51.42096767541644], [11.89991121605256, 51.42087595109426], [11.899794140359608, 51.42273618543483], [11.884835138690285, 51.421932960196216], [11.873314547574417, 51.4226501215353], [11.863119161514243, 51.419300927544356], [11.862143763196059, 51.42052948898131], [11.85473213654766, 51.418122063614675], [11.853078414307147, 51.42082466327964], [11.847896686704273, 51.41885204649711], [11.847230820414454, 51.42062656891112], [11.844226481340021, 51.42009796463152], [11.841273730052599, 51.42523636471306], [11.829363153185252, 51.4205448604592], [11.811159051375125, 51.41805994307442], [11.811229510889474, 51.41308023133612], [11.809122724044526, 51.41322588129073], [11.80879889252772, 51.41095372294891], [11.800503522733369, 51.411013585286334], [11.79709833936378, 51.40979193057783], [11.797125491887199, 51.40850165355786], [11.78689704948377, 51.408537741823096], [11.785476786104283, 51.406149340179184], [11.779335146810586, 51.40486099911228], [11.78200263649792, 51.40129665880891], [11.756025501764894, 51.39553552948745], [11.753716226586947, 51.3978748014285], [11.751962093810242, 51.39774822438564], [11.713834408384518, 51.39003485058792], [11.704773771341603, 51.40360108194137], [11.716518614361966, 51.40796749733357], [11.711602753884957, 51.41589571026105], [11.719457101420323, 51.418040387482826], [11.71605730096581, 51.425380162338286], [11.69063528800739, 51.42237769820287], [11.68951596232644, 51.426826572207325], [11.68703853111433, 51.427121662954576], [11.684005461301526, 51.4315137131739], [11.67525970169644, 51.43294003783978], [11.672284641406522, 51.43540063359188], [11.678047569518762, 51.442252058678704], [11.673692022699239, 51.442343113252214], [11.672535510013518, 51.44376765620021], [11.672493787371788, 51.446122186966896], [11.669346730956248, 51.44884734848695], [11.67040938086544, 51.45276820196911], [11.667739453724174, 51.45082391059347], [11.651784189735146, 51.44740752787774], [11.650451422579707, 51.451798439670085], [11.64048877991271, 51.45290378815315], [11.643932426178335, 51.453685689533046], [11.641744174209993, 51.45863834640138], [11.638887429388856, 51.45773504472242], [11.63620004309057, 51.46027839643457], [11.631828124005015, 51.45885520011695], [11.63188038956833, 51.46073268610976], [11.605162934438681, 51.45279259032254], [11.60603595441085, 51.44714167568791], [11.603779928659216, 51.44704652894111], [11.604149703232583, 51.44502172763825], [11.600592144981041, 51.44366269830673], [11.576219447627478, 51.441826047471196], [11.576366632743905, 51.44659426079327], [11.568703483165976, 51.445628466313025], [11.569831344367493, 51.45604275264822], [11.568121912054185, 51.45778384852768], [11.557571141914337, 51.459993814334325], [11.561086494626405, 51.46289753974032], [11.561376446797558, 51.46859892712429], [11.555260385432302, 51.47298170359751], [11.56382231817539, 51.48478047254524], [11.56869932697318, 51.48529406081169], [11.571613849083734, 51.483521041002966], [11.57769639321627, 51.484496715857816], [11.581787079853575, 51.48368202597335], [11.586262639211196, 51.476966294957606], [11.59178745553203, 51.47759943847654], [11.594970310522932, 51.476306676225], [11.61809101155214, 51.48744911706414], [11.609918993287513, 51.49239674842089], [11.606703564144688, 51.50092943986679], [11.624296981991064, 51.50674313205133], [11.615486354594127, 51.510500360237195], [11.618386384431586, 51.5130083256205], [11.631908420045349, 51.51787821946264], [11.635311118807595, 51.520263302418215], [11.637001958316016, 51.519788644783446], [11.637560420568603, 51.520970201484964], [11.642827727249516, 51.51920365656948], [11.644182941240349, 51.52166767088846], [11.649295671445, 51.52066475022144], [11.651033166842575, 51.52837086451879], [11.665870392492764, 51.526239882954535], [11.667109709979435, 51.52709653583825], [11.663914215364752, 51.540431869407925], [11.668641470493387, 51.545385827981576], [11.667966245319182, 51.547005065847245], [11.669943185735137, 51.54708331143011], [11.672815740519606, 51.558954812261334], [11.670709770858611, 51.56092388734459], [11.671800610590008, 51.563963904175544], [11.670361302311708, 51.56492042018218], [11.67563696908779, 51.56831572480985], [11.675566353940512, 51.57077225722031], [11.693736898142053, 51.56924707723787], [11.699606882414887, 51.573185067289714], [11.706233868828821, 51.582214508357325], [11.70606041180498, 51.58405312833236], [11.720058635798484, 51.590090408260366], [11.729849077421747, 51.59176658246314], [11.731684004840227, 51.59452321880949], [11.732510626834188, 51.60345314190265], [11.735508135159371, 51.60704938394615], [11.756641956233217, 51.61103589998976], [11.764477941071592, 51.6090669257292], [11.761487792664312, 51.61222074934436], [11.753326119254092, 51.614388573415724], [11.754146877799522, 51.616004562212865], [11.757962518988812, 51.6172104167523], [11.75765239566345, 51.61903748742514], [11.748637487878398, 51.62106402764535], [11.751464149275378, 51.629843884123595], [11.749268477409412, 51.6323147663486], [11.751253919088754, 51.632455149103556], [11.752758206666302, 51.63640172946082], [11.744219867038773, 51.642536795013065], [11.745678121565334, 51.64531279443301], [11.755847993993635, 51.65071044357101], [11.762070981577791, 51.6512617569458], [11.763466590105832, 51.65067315598387], [11.762577436271707, 51.649438694338166], [11.76550244392341, 51.64843676083509], [11.77603834690502, 51.64754183515224], [11.776138762330529, 51.64844718583559], [11.781496900734842, 51.64837125287673], [11.782106045203843, 51.64705099723253], [11.785093976173044, 51.64760455476044], [11.785645020744099, 51.64531825646824], [11.789644567493783, 51.64551327142446], [11.798820950829219, 51.64282912019887], [11.805850422731346, 51.646994261990315], [11.809162148259723, 51.64748155563048], [11.808763974302648, 51.64883872326213], [11.819141100205009, 51.64902588330266], [11.81696542009017, 51.65065765674781], [11.823857518544703, 51.65830714047891], [11.836647601858553, 51.65510489823668], [11.836822336511835, 51.65261971239314], [11.838476915079193, 51.65190750936119], [11.837496270996555, 51.65038826078254], [11.854562504939944, 51.65009819359621], [11.854321960784754, 51.6545196225125], [11.849029522357489, 51.65425106826447], [11.85032579224098, 51.66027349438066], [11.853164611775, 51.660147399947576], [11.8572414093024, 51.66655902101512], [11.855946153685492, 51.668375714986404], [11.857399738296126, 51.67225401765969], [11.860886769921306, 51.671387367598385], [11.862988453473795, 51.674592000487245], [11.865194681728525, 51.67285690055762], [11.865528080517437, 51.674831708588115]]]}}, {"type": "Feature", "properties": {"wkr": 35, "wkr_name": "Halle I"}, "geometry": {"type": "Polygon", "coordinates": [[[11.928776009938574, 51.465588048333714], [11.91720937852028, 51.461052402671385], [11.915710653555651, 51.4642361401792], [11.912339039229431, 51.46494331803731], [11.887764202791427, 51.46334250720872], [11.88673350143009, 51.47182020432532], [11.883903761248858, 51.47135991525595], [11.88289315121419, 51.47381461098656], [11.87211036109869, 51.474717272311544], [11.872170973608013, 51.476729492160395], [11.874027522576693, 51.47745602382353], [11.868076322664578, 51.47834594835705], [11.865581750949286, 51.48311300141967], [11.864429601472237, 51.48701677538076], [11.871476366902808, 51.48748500610677], [11.863833702998434, 51.48888506384975], [11.863270499690122, 51.492634477597015], [11.879287984069029, 51.49201190055728], [11.875411828499152, 51.497768856966395], [11.868117791455134, 51.50194631342498], [11.85526363685536, 51.51446173330576], [11.869373686642207, 51.51608487828879], [11.87573687927554, 51.51951118764758], [11.872729135297368, 51.522887876101564], [11.875933579595785, 51.523041893457965], [11.876569310462726, 51.53081692614797], [11.879554503415346, 51.530327995289284], [11.880984656358113, 51.535031553735145], [11.894118347395029, 51.535363715180836], [11.900465761796053, 51.5338046689989], [11.909340314747894, 51.529952792479385], [11.912337982909474, 51.525454578663556], [11.91520400534909, 51.52431173256381], [11.92202471654703, 51.525821132288144], [11.922986162187811, 51.52903505462996], [11.927778808346545, 51.53053756686172], [11.927533819979743, 51.526021461524536], [11.931565602616418, 51.52429951865649], [11.926753441804964, 51.51726426531036], [11.927875728994321, 51.514944531335374], [11.920891078540524, 51.51344386022151], [11.930086914942988, 51.50167280917166], [11.932598929372867, 51.50063616407242], [11.929651546934261, 51.50085147861543], [11.924901310616871, 51.49819955810522], [11.916929330929822, 51.49771713415361], [11.914831236883211, 51.49242814305549], [11.920864576404355, 51.487545555831254], [11.925491569090708, 51.487147661247235], [11.933446141788771, 51.48737573442017], [11.943907802544636, 51.49133444531616], [11.948380831966789, 51.480602886994454], [11.928776009938574, 51.465588048333714]]]}}, {"type": "Feature", "properties": {"wkr": 36, "wkr_name": "Halle II"}, "geometry": {"type": "Polygon", "coordinates": [[[11.918871395579218, 51.46126969325547], [11.928776009938574, 51.465588048333714], [11.948380831966789, 51.480602886994454], [11.943907802544636, 51.49133444531616], [11.933446141788771, 51.48737573442017], [11.925491569090708, 51.487147661247235], [11.920864576404355, 51.487545555831254], [11.914831236883211, 51.49242814305549], [11.916929330929822, 51.49771713415361], [11.924901310616871, 51.49819955810522], [11.929651546934261, 51.50085147861543], [11.932598929372867, 51.50063616407242], [11.930086914942988, 51.50167280917166], [11.920891078540524, 51.51344386022151], [11.927875728994321, 51.514944531335374], [11.926753441804964, 51.51726426531036], [11.931565602616418, 51.52429951865649], [11.927533819979743, 51.526021461524536], [11.927778808346545, 51.53053756686172], [11.935677242007095, 51.52864801257818], [11.943976285009153, 51.53275350644017], [11.947181085451602, 51.532009443286015], [11.945411981922266, 51.52937028688718], [11.948628546692683, 51.52621095977224], [11.950096077800985, 51.52640668660511], [11.953471043421509, 51.530732181753386], [11.953597851710242, 51.53625442350469], [11.957331073574684, 51.53662119464164], [11.959757186602475, 51.53351947848866], [11.967378548849368, 51.50673410611807], [11.962221988742744, 51.507146043213666], [11.960177686022636, 51.50606680917881], [11.956331401780034, 51.506892369105756], [11.955425577069033, 51.505265189192414], [11.948889582472841, 51.50281780113262], [11.948807218407659, 51.499150620434364], [11.95086902265583, 51.49675166326894], [11.954772286673816, 51.49578249245409], [11.95770210877349, 51.4883503930993], [11.956248898522027, 51.48739712771546], [11.960382928283371, 51.484854931200964], [11.959926128215516, 51.48034273586341], [11.969629208945104, 51.478556949448574], [11.982670145103015, 51.478613447127074], [11.98864497833346, 51.4728707166077], [11.993682455104913, 51.471145339803776], [11.99539529526404, 51.468305152497614], [11.993668429770784, 51.468089367376976], [11.993567997467785, 51.46560863113313], [11.9895676323658, 51.46545557003317], [11.98766312535623, 51.462501216166906], [11.970646586366561, 51.46283692568138], [11.971973960449798, 51.45680618157811], [11.961773531254144, 51.456731458280665], [11.960653354044917, 51.45433125215735], [11.949833488916513, 51.45554958304996], [11.951154252554788, 51.4582375953348], [11.947354615278728, 51.45939544868956], [11.951480456785289, 51.46275877679364], [11.949465272381273, 51.4634230631018], [11.951434178129173, 51.46574282757492], [11.948586089829565, 51.46472596930056], [11.947230109135843, 51.46768248026514], [11.944438770275456, 51.467321681941904], [11.937841538373181, 51.46135926121699], [11.937786984995041, 51.459121178228656], [11.940625234982779, 51.45612058284486], [11.935726816724939, 51.45167724291851], [11.930184242891864, 51.45230084994791], [11.926089237652256, 51.457034817305306], [11.924126146174835, 51.456444615620136], [11.923406079013617, 51.46126717806268], [11.918871395579218, 51.46126969325547]]]}}, {"type": "Feature", "properties": {"wkr": 37, "wkr_name": "Halle III"}, "geometry": {"type": "Polygon", "coordinates": [[[11.982200692085005, 51.53922628357041], [12.00062091265278, 51.54351091134013], [12.004260220345385, 51.538787001829924], [12.005763971745251, 51.53948269120378], [12.010548791048675, 51.53830211249119], [12.012684585133513, 51.541309651531456], [12.017595619823064, 51.53997452053325], [12.009830916125498, 51.52829471469041], [12.012193575497792, 51.52768249574147], [12.012658925575685, 51.52616922039754], [12.025580500348793, 51.526266015088574], [12.022795363571024, 51.5161480698084], [12.02648505583904, 51.51540354106133], [12.0268751614228, 51.51088513641444], [12.02969265711918, 51.509730136558254], [12.029009713462802, 51.50555970857375], [12.019234182542606, 51.50268841411026], [12.017163972534183, 51.49328189331316], [12.018995603622864, 51.4835628100054], [12.002620619442276, 51.48358501400548], [12.006461674278887, 51.46752303219845], [12.01129627560052, 51.46520369476336], [12.013280258766699, 51.459343193393444], [12.0089785250005, 51.46057500416292], [11.998460532227929, 51.46804455687272], [11.99539529526404, 51.468305152497614], [11.993682455104913, 51.471145339803776], [11.98864497833346, 51.4728707166077], [11.982670145103015, 51.478613447127074], [11.969629208945104, 51.478556949448574], [11.959926128215516, 51.48034273586341], [11.960382928283371, 51.484854931200964], [11.956248898522027, 51.48739712771546], [11.95770210877349, 51.4883503930993], [11.954772286673816, 51.49578249245409], [11.95086902265583, 51.49675166326894], [11.948042383353538, 51.50058838492382], [11.948889582472841, 51.50281780113262], [11.955425577069033, 51.505265189192414], [11.956331401780034, 51.506892369105756], [11.960177686022636, 51.50606680917881], [11.962221988742744, 51.507146043213666], [11.967378548849368, 51.50673410611807], [11.959757186602475, 51.53351947848866], [11.957331073574684, 51.53662119464164], [11.961515906668028, 51.539033569398875], [11.982200692085005, 51.53922628357041]]]}}, {"type": "Feature", "properties": {"wkr": 38, "wkr_name": "Halle IV"}, "geometry": {"type": "MultiPolygon", "coordinates": [[[[12.011160618642746, 51.41297771576232], [12.010787753488678, 51.412838109897216], [12.010238671563167, 51.4128104398182], [12.011160618642746, 51.41297771576232]]], [[[12.011160618642746, 51.41297771576232], [12.010787753488682, 51.41283810989727], [12.010238671563167, 51.4128104398182], [12.011160618642746, 51.41297771576232]]], [[[12.010238671563167, 51.4128104398182], [12.011819066731329, 51.41340886031813], [12.012206317762338, 51.413385946335595], [12.014090412895946, 51.411523690264495], [12.01807791513752, 51.410671841057635], [12.019102834801616, 51.40893005791085], [12.017004013881373, 51.407804985734835], [12.013282538934025, 51.40796093617989], [12.014425804623471, 51.40510263576819], [12.006433101473027, 51.40209993952854], [12.00524927315162, 51.408313749715774], [11.990439642947111, 51.40548120457449], [11.982904970702416, 51.40740321056276], [11.982754840455781, 51.405323669843085], [11.985875455067962, 51.40425169210709], [11.982768335795646, 51.402754341524464], [11.979159920528447, 51.405038775677845], [11.978058746801919, 51.40435073836144], [11.976407548505438, 51.40714304931983], [11.967803349268387, 51.409392451692526], [11.962629746202639, 51.409591912523354], [11.953742283375886, 51.40704323934478], [11.950500093089097, 51.40980398778197], [11.954676828432069, 51.41345026388602], [11.953562308221379, 51.41570563607429], [11.951549775493195, 51.41658565774212], [11.944708906223608, 51.41506901812147], [11.941360927503446, 51.417323334736494], [11.944400132281984, 51.42015654872049], [11.943686887911122, 51.42356672356279], [11.946798260387839, 51.424707596060635], [11.949814495296893, 51.42445714781813], [11.951499755746672, 51.42273951965307], [11.948193424893658, 51.41968072392716], [11.948982775151674, 51.417788270135105], [11.950866968778499, 51.417474963494605], [11.954644724517006, 51.41916640619968], [11.952043613222672, 51.42520953697912], [11.951522903824458, 51.43390196491838], [11.928352972421557, 51.43961357673818], [11.92117842521217, 51.43942176049989], [11.915639435348696, 51.442257819961455], [11.915154313429522, 51.4459833447744], [11.921614849704335, 51.449795450898115], [11.929096245637908, 51.45021896980773], [11.930184242891864, 51.45230084994791], [11.935726816724939, 51.45167724291851], [11.937902257361358, 51.452931588041515], [11.940625234982779, 51.45612058284486], [11.937786984995041, 51.459121178228656], [11.937841538373181, 51.46135926121699], [11.94064533482977, 51.46290666018876], [11.940585420283874, 51.464749203282125], [11.946438504216546, 51.46778998418571], [11.948586089829565, 51.46472596930056], [11.951434178129173, 51.46574282757492], [11.949465272381273, 51.4634230631018], [11.951480456785289, 51.46275877679364], [11.947354615278728, 51.45939544868956], [11.951154252554788, 51.4582375953348], [11.949833488916513, 51.45554958304996], [11.954884020965205, 51.45474266695127], [11.960653354044917, 51.45433125215735], [11.961773531254144, 51.456731458280665], [11.971973960449798, 51.45680618157811], [11.970646586366561, 51.46283692568138], [11.98766312535623, 51.462501216166906], [11.9895676323658, 51.46545557003317], [11.993567997467785, 51.46560863113313], [11.993668429770784, 51.468089367376976], [11.99539529526404, 51.468305152497614], [11.998460532227929, 51.46804455687272], [12.0089785250005, 51.46057500416292], [12.013280258766699, 51.459343193393444], [12.01129627560052, 51.46520369476336], [12.006461674278887, 51.46752303219845], [12.002620619442276, 51.48358501400548], [12.018995603622864, 51.4835628100054], [12.017163972534183, 51.49328189331316], [12.019234182542606, 51.50268841411026], [12.033829368351451, 51.50286682001522], [12.034290868334615, 51.49724936936554], [12.04660117426994, 51.49592641524736], [12.0446345988798, 51.493996565734605], [12.070006429327902, 51.492681748897766], [12.068357237612194, 51.49676483382488], [12.07228765092783, 51.49758101267221], [12.072219469359169, 51.49535991845866], [12.081999766094377, 51.49794642344301], [12.082023173094049, 51.49207236559827], [12.089218116757019, 51.49162211122614], [12.08698529405192, 51.484969654537146], [12.072372309204642, 51.486602604831475], [12.071817994814927, 51.48316438359561], [12.0764033365222, 51.47929354951814], [12.082727735263965, 51.47823434902218], [12.082094328118844, 51.47739033386518], [12.078430341347824, 51.474896355813875], [12.071893655002038, 51.476199259028746], [12.070938311226323, 51.474803887198654], [12.052912553384717, 51.47614837137957], [12.05310101684334, 51.46468709328732], [12.056261406518638, 51.46424143408712], [12.056390841969247, 51.46007822751522], [12.051027686080944, 51.458406679669125], [12.04373706718122, 51.45890591658902], [12.041155253037013, 51.45788734530201], [12.041178475010438, 51.44998049501846], [12.038989973467984, 51.44760396499013], [12.033013917931477, 51.446341113677654], [12.03138385960505, 51.444107301776185], [12.030611986600116, 51.442042752766234], [12.032920043833595, 51.43738177596595], [12.02457106669056, 51.437419490825995], [12.023720753514887, 51.43480487880944], [12.027449925785128, 51.43174525936292], [12.028629292211805, 51.428288245337775], [12.020336045095776, 51.41875354541247], [12.01125640864912, 51.41679667112853], [12.01242084854796, 51.415008967162606], [12.01017454180105, 51.41528200607371], [12.008673034568442, 51.413067647773474], [12.010238671563167, 51.4128104398182]]], [[[12.011819066731329, 51.41340886031813], [12.011160618642746, 51.41297771576232], [12.011678936610563, 51.413373461753295], [12.011819066731329, 51.41340886031813]]], [[[12.011819066731329, 51.41340886031813], [12.011811580371562, 51.413406969178716], [12.011868428954884, 51.41342132975982], [12.011819066731329, 51.41340886031813]]]]}}, {"type": "Feature", "properties": {"wkr": 28, "wkr_name": "Bitterfeld-Wolfen"}, "geometry": {"type": "Polygon", "coordinates": [[[12.031702716823162, 51.59023192097911], [12.031201918373261, 51.594375215040905], [12.040367281368635, 51.59537668641122], [12.039911967898911, 51.5972625829679], [12.045915825694536, 51.59809510432525], [12.044088852377119, 51.60302190822934], [12.048616843892646, 51.60343208915338], [12.042123882469674, 51.60359260838495], [12.043987676350035, 51.611768788857596], [12.050130242104954, 51.6112863437495], [12.050685733862277, 51.616464675627704], [12.034746819685882, 51.61659505167989], [12.03429508956205, 51.61897853303753], [12.026922250286324, 51.62001575589795], [12.02851129138756, 51.620509130075554], [12.027637064331632, 51.628415590111956], [12.024982491570325, 51.627457898637196], [12.024658493961313, 51.62887283930623], [12.026306663587295, 51.62803248265437], [12.031552598234493, 51.62954734508875], [12.042053852305896, 51.63412184718691], [12.042883106790434, 51.63790148654002], [12.041115656733727, 51.63822805499672], [12.041712115772777, 51.640465913761574], [12.039230985598909, 51.64060387002919], [12.039920666424882, 51.64376861470637], [12.006590124287415, 51.6460548987662], [12.01383814205506, 51.668807666385916], [12.025356177647751, 51.67092175602335], [12.03357372270665, 51.66286670014783], [12.057551375627854, 51.66118298546861], [12.061038257644874, 51.661104731760474], [12.06108577988105, 51.664662085305935], [12.062940670941916, 51.665491046529844], [12.065900761149262, 51.66535885371077], [12.06544894833957, 51.66421485277335], [12.067917091488187, 51.66381673858149], [12.069772250864776, 51.66610738735442], [12.086885665063498, 51.66541699506903], [12.087049996098408, 51.652449316915], [12.08849083107265, 51.65144533025775], [12.08327197906394, 51.64983537034149], [12.084844890972802, 51.64741234166732], [12.11141260492743, 51.651775461417195], [12.10985081733135, 51.65374530857327], [12.120521567215238, 51.65829465212625], [12.142464984570273, 51.67681503703305], [12.161045195814323, 51.68515921942245], [12.176440494940357, 51.68856106808428], [12.177781937294142, 51.69226261150368], [12.166662339177453, 51.69173183649816], [12.165424751292079, 51.69355612212615], [12.16781955731519, 51.6940328528298], [12.153117836709733, 51.70918336728037], [12.166143804605733, 51.71029359599108], [12.16878068362255, 51.71078358006093], [12.168325354155092, 51.711881127595646], [12.184356345462195, 51.7114139862437], [12.198083186613825, 51.71589481012466], [12.220507816892368, 51.70670150044197], [12.225148988419807, 51.70172354168568], [12.234012135900153, 51.70406960397534], [12.236463279385312, 51.70053231560287], [12.254945955624414, 51.70515275817387], [12.255168498416534, 51.70427602878064], [12.26919498497924, 51.70546533965822], [12.269463508519664, 51.70263253621952], [12.275088659341433, 51.70391528754158], [12.275779791605457, 51.70013076738195], [12.278902537998336, 51.700642808410635], [12.28164344260474, 51.69835855477123], [12.28540543116895, 51.70041042294575], [12.287324062071539, 51.69954236037355], [12.286517858192926, 51.696967229283466], [12.29187644393203, 51.69390718000963], [12.292759831497985, 51.69173172053322], [12.298021298675206, 51.69193150064594], [12.296366690655367, 51.68942115703852], [12.289860361018945, 51.69088886098727], [12.288626271615701, 51.688011727523346], [12.277029434924863, 51.68729693242725], [12.277618505320197, 51.67057780959388], [12.279545193010133, 51.67133983035715], [12.280249138813948, 51.66522429579817], [12.281639129764427, 51.66853058402035], [12.286972100201892, 51.66855519939168], [12.289694040490685, 51.66496921294555], [12.296135698376357, 51.665597234148976], [12.29603894529293, 51.66337284006107], [12.299313654142994, 51.66327643252786], [12.300420977344343, 51.66102837409525], [12.300460409114285, 51.66273368403395], [12.30515744513406, 51.66378656313247], [12.307242500245275, 51.65882962302497], [12.31002436126767, 51.65893989149301], [12.311874756378641, 51.657035334826624], [12.323381875419942, 51.66279843896637], [12.326298346511832, 51.662090549616636], [12.329887313517498, 51.65777044455771], [12.329339937138414, 51.65623804746533], [12.33174919032197, 51.65485938380568], [12.333494973811169, 51.654568058089545], [12.336193393941222, 51.65615861501495], [12.337954509443277, 51.65226659036846], [12.345656906536597, 51.65290284839396], [12.348780595927302, 51.65185110726755], [12.348342220956981, 51.650289100868264], [12.342258922312814, 51.6473115769382], [12.342978866944218, 51.645037381678854], [12.346856105283845, 51.6452139657118], [12.350944705939376, 51.64947742100398], [12.358145948700521, 51.6426665190845], [12.357558602026142, 51.64007123594797], [12.352124631429309, 51.63818328219699], [12.3509700045606, 51.636311825363926], [12.35277671036723, 51.63386917429526], [12.354771627700712, 51.63522962038436], [12.356926560543407, 51.63282001307884], [12.359866384055781, 51.63325906117577], [12.36002473848699, 51.63179822747273], [12.351700888190031, 51.62914970445815], [12.350202954813271, 51.627731580812444], [12.351178719107347, 51.625272338264445], [12.355108358439027, 51.623701697225535], [12.362640618004827, 51.624836112524704], [12.367753175019768, 51.62425859217855], [12.378356572405552, 51.61506304020892], [12.38927009235467, 51.62439981703307], [12.388481172226339, 51.62252761549472], [12.389995986541853, 51.621358052122496], [12.388124018231336, 51.61984120811973], [12.38938121668871, 51.618508923497025], [12.38731290170004, 51.61540753334297], [12.389437938421423, 51.61423638418383], [12.394283243803583, 51.61478580475097], [12.392228429446016, 51.61256060141454], [12.383260340015308, 51.61213779596539], [12.381930559442742, 51.609612811111695], [12.383362120473008, 51.602579269783234], [12.39211100007826, 51.59908071677615], [12.39032287830925, 51.59760839656789], [12.390813395794966, 51.595093095914606], [12.386214286658062, 51.592509470399456], [12.385587931346851, 51.58994931527635], [12.393448756229112, 51.58654630861974], [12.39213264888409, 51.58554573732896], [12.384938137210494, 51.58651257311361], [12.372784189473752, 51.58567222416331], [12.372317297335995, 51.58747787361629], [12.366930770393362, 51.58769947613666], [12.366688983362522, 51.586822638447494], [12.3746855344529, 51.58461117184019], [12.3725833892984, 51.58400846524658], [12.36894721304291, 51.585093097001746], [12.36755828330002, 51.5830675621034], [12.348350179041745, 51.5867854488986], [12.347832106920846, 51.58405060448174], [12.337583806124954, 51.58645729946492], [12.336544738696603, 51.58474745994487], [12.343743364930424, 51.58250153581558], [12.34174509599253, 51.58028660120741], [12.339154599360358, 51.57909670752686], [12.337249568483868, 51.58032403272101], [12.319753353368142, 51.57765719194375], [12.3204497991206, 51.57448838525194], [12.316824589441254, 51.573281540020425], [12.313108879257154, 51.56842774766798], [12.301418098951219, 51.56542671526011], [12.297194497760337, 51.566768839418785], [12.2968731210888, 51.56507848689664], [12.293348571322195, 51.564939725386445], [12.292985006199808, 51.56044787640084], [12.285059044941924, 51.56143700204452], [12.269015164549302, 51.55998717608876], [12.255149724432442, 51.56064001438458], [12.250615526346747, 51.55894267399663], [12.249738011920199, 51.563182092584874], [12.24596376263539, 51.56671242646151], [12.242051418146268, 51.56647622262977], [12.23663500821637, 51.56171878320941], [12.232926315801272, 51.56109511158495], [12.235857945500651, 51.55307584147282], [12.231670483606683, 51.55287371956814], [12.23067557958915, 51.551691708331795], [12.231352476924851, 51.54735529661151], [12.218771123488459, 51.54671459859982], [12.222864112201984, 51.544541248620135], [12.209928581262856, 51.54190297213585], [12.210264377482769, 51.53979781217922], [12.206761879000686, 51.53959317689972], [12.207144088038538, 51.53518789635811], [12.201591883428996, 51.534516576115834], [12.201912926944841, 51.531300845584695], [12.197441406814798, 51.53113044773243], [12.196686443208437, 51.5347644424552], [12.187188071284199, 51.535053202159745], [12.169391290876922, 51.54974920968828], [12.169834829755631, 51.56250365118649], [12.166629936886919, 51.56234612958843], [12.165802118771174, 51.56456662635642], [12.164157618952185, 51.58117711130895], [12.121934903827276, 51.58013392829213], [12.063150105641625, 51.58457247385429], [12.0460725806637, 51.58439524494438], [12.039830427072479, 51.58975885128256], [12.031702716823162, 51.59023192097911]]]}}, {"type": "Feature", "properties": {"wkr": 34, "wkr_name": "Bad Dürrenberg-Saalekreis"}, "geometry": {"type": "MultiPolygon", "coordinates": [[[[12.025240201665033, 51.33201613508976], [12.025204902986129, 51.33227624503945], [12.025240201665001, 51.332016135090086], [12.025240201665033, 51.33201613508976]]], [[[12.025240201665056, 51.332016135089546], [12.025240201665033, 51.33201613508976], [12.025256037545322, 51.33189944237208], [12.025240201665056, 51.332016135089546]]], [[[12.025479671138005, 51.32972111334585], [12.025177796281932, 51.33247598802198], [12.025154018452653, 51.33265296505447], [12.02716610287854, 51.33311641220761], [12.027065583087856, 51.33516801422472], [12.023164352268546, 51.33411443003406], [12.021994782773058, 51.33547887863228], [12.026471427474043, 51.33672785178115], [12.027815294666494, 51.33959613125697], [12.031687767041879, 51.3390573102253], [12.030732238457455, 51.34181946529522], [12.034455435985858, 51.34174507214003], [12.031444036355046, 51.34581351942276], [12.036334022767898, 51.34594760077008], [12.03477983864362, 51.347724460469664], [12.038585390774136, 51.34780421690277], [12.033474991447827, 51.35466503551065], [12.039270344617636, 51.35611048651358], [12.036460579491449, 51.360074106353984], [12.036747501237974, 51.365241294545804], [12.038422575960901, 51.36626113650008], [12.036381063230264, 51.36675750197837], [12.037401493328629, 51.37028820762791], [12.032454003480636, 51.37054122060756], [12.031126125776362, 51.3756428704092], [12.022189583405618, 51.37727221332144], [12.023838850308229, 51.379091491983466], [12.01969489127635, 51.378991199293196], [12.020423480537351, 51.38162658690929], [12.0247393837597, 51.382867767940645], [12.018932906013497, 51.382097099492576], [12.017371573668742, 51.3844015495114], [12.013440258681463, 51.382437656296226], [12.01200352950916, 51.38653285499682], [12.006539672057233, 51.38426670177641], [12.003376100651876, 51.38597271736026], [12.005417038592322, 51.388741115680126], [12.000811291579648, 51.388197121595226], [11.99897872291693, 51.38933634791863], [11.997939574706653, 51.38790081468623], [11.995316597399542, 51.39017427949312], [11.994041896174148, 51.38553774198089], [11.984087631474928, 51.3841533274748], [11.961760497871948, 51.37810093589651], [11.95419112778154, 51.37794905413901], [11.950963440923307, 51.37619687098447], [11.952991243173342, 51.37296101464727], [11.949480137432131, 51.37200170099441], [11.954623678529742, 51.369799980320266], [11.940480711839415, 51.36575974901283], [11.942389305882749, 51.359712212836875], [11.938319387207828, 51.3588524244033], [11.938984713657907, 51.35796223075472], [11.9199227579565, 51.35550371261649], [11.916368233314495, 51.36656082774659], [11.911983487256528, 51.37357845432519], [11.909190854124699, 51.37393593403494], [11.910094173666312, 51.376127721746926], [11.905716417391014, 51.375451119651935], [11.904045289690863, 51.381997175265695], [11.912308938503715, 51.38585359992376], [11.907274744884731, 51.39283249305508], [11.907854219806637, 51.40176313814718], [11.9305680519663, 51.43871541539553], [11.93860208446448, 51.437514475346134], [11.952223160731535, 51.43306285497206], [11.95168374788812, 51.42703166972804], [11.954644724517006, 51.41916640619968], [11.950866968778499, 51.417474963494605], [11.948982775151674, 51.417788270135105], [11.948193424893658, 51.41968072392716], [11.951499755746672, 51.42273951965307], [11.949814495296893, 51.42445714781813], [11.946798260387839, 51.424707596060635], [11.943686887911122, 51.42356672356279], [11.944400132281984, 51.42015654872049], [11.941360927503446, 51.417323334736494], [11.944708906223608, 51.41506901812147], [11.951549775493195, 51.41658565774212], [11.953562308221379, 51.41570563607429], [11.954676828432069, 51.41345026388602], [11.950500093089097, 51.40980398778197], [11.952672367328269, 51.40742079822975], [11.954988811009498, 51.40680904218003], [11.962326064421159, 51.40953758603132], [11.967803349268387, 51.409392451692526], [11.976407548505438, 51.40714304931983], [11.978058746801919, 51.40435073836144], [11.979159920528447, 51.405038775677845], [11.982768335795646, 51.402754341524464], [11.985875455067962, 51.40425169210709], [11.982754840455781, 51.405323669843085], [11.982904970702416, 51.40740321056276], [11.990439642947111, 51.40548120457449], [12.00524927315162, 51.408313749715774], [12.006433101473027, 51.40209993952854], [12.01149409485048, 51.40357487279848], [12.010879281580241, 51.40444637886744], [12.014425804623471, 51.40510263576819], [12.013282538934025, 51.40796093617989], [12.017004013881373, 51.407804985734835], [12.019102834801616, 51.40893005791085], [12.01807791513752, 51.410671841057635], [12.014090412895946, 51.411523690264495], [12.012206317762338, 51.413385946335595], [12.00891010493389, 51.41348821556119], [12.01017454180105, 51.41528200607371], [12.01242084854796, 51.415008967162606], [12.01125640864912, 51.41679667112853], [12.020336045095776, 51.41875354541247], [12.028629292211805, 51.428288245337775], [12.027449925785128, 51.43174525936292], [12.023720753514887, 51.43480487880944], [12.02457106669056, 51.437419490825995], [12.032920043833595, 51.43738177596595], [12.030611986600116, 51.442042752766234], [12.03138385960505, 51.444107301776185], [12.033013917931477, 51.446341113677654], [12.038989973467984, 51.44760396499013], [12.041178475010438, 51.44998049501846], [12.041155253037013, 51.45788734530201], [12.04373706718122, 51.45890591658902], [12.051027686080944, 51.458406679669125], [12.056390841969247, 51.46007822751522], [12.056261406518638, 51.46424143408712], [12.05310101684334, 51.46468709328732], [12.052912553384717, 51.47614837137957], [12.070938311226323, 51.474803887198654], [12.071893655002038, 51.476199259028746], [12.078430341347824, 51.474896355813875], [12.082727735263965, 51.47823434902218], [12.0764033365222, 51.47929354951814], [12.071817994814927, 51.48316438359561], [12.072372309204642, 51.486602604831475], [12.08698529405192, 51.484969654537146], [12.087697296953968, 51.48626280922445], [12.089218116757019, 51.49162211122614], [12.082023173094049, 51.49207236559827], [12.081999766094377, 51.49794642344301], [12.072219469359169, 51.49535991845866], [12.07228765092783, 51.49758101267221], [12.068357237612194, 51.49676483382488], [12.070006429327902, 51.492681748897766], [12.0446345988798, 51.493996565734605], [12.04660117426994, 51.49592641524736], [12.034290868334615, 51.49724936936554], [12.033829368351451, 51.50286682001522], [12.02293495180403, 51.50304924846556], [12.029009713462802, 51.50555970857375], [12.02969265711918, 51.509730136558254], [12.0268751614228, 51.51088513641444], [12.02648505583904, 51.51540354106133], [12.022795363571024, 51.5161480698084], [12.025580500348793, 51.526266015088574], [12.012658925575685, 51.52616922039754], [12.012193575497792, 51.52768249574147], [12.009830916125498, 51.52829471469041], [12.017595619823064, 51.53997452053325], [12.012684585133513, 51.541309651531456], [12.010548791048675, 51.53830211249119], [12.005763971745251, 51.53948269120378], [12.004260220345385, 51.538787001829924], [12.00062091265278, 51.54351091134013], [11.99067213242754, 51.54006058480302], [11.993018259150395, 51.547948172330976], [11.991837283578095, 51.558205416954856], [11.997069225302395, 51.55880952801134], [11.998250628149702, 51.55698853829536], [11.997820462206853, 51.56524547464111], [12.002464289393213, 51.56554508297928], [12.00580067420614, 51.57711076809657], [12.01218351222746, 51.57928769976133], [12.026720205262748, 51.5808191842987], [12.030111774009224, 51.584635517974654], [12.029549624830828, 51.59072563522967], [12.03132571352114, 51.59116533365278], [12.031702716823162, 51.59023192097911], [12.039830427072479, 51.58975885128256], [12.0460725806637, 51.58439524494438], [12.063150105641625, 51.58457247385429], [12.121934903827276, 51.58013392829213], [12.164157618952185, 51.58117711130895], [12.165802118771174, 51.56456662635642], [12.166629936886919, 51.56234612958843], [12.169834829755631, 51.56250365118649], [12.169391290876922, 51.54974920968828], [12.187188071284199, 51.535053202159745], [12.196686443208437, 51.5347644424552], [12.197286620116543, 51.53179779699908], [12.193610107630407, 51.53126131259764], [12.194462200311094, 51.52542419640569], [12.191117545723088, 51.52500727329874], [12.19109614495976, 51.5199200419732], [12.195479844653692, 51.517495046615615], [12.19381353211368, 51.50836371136522], [12.190799630410233, 51.507878688805945], [12.191279829416521, 51.50591408858929], [12.197745558743122, 51.50572977676834], [12.198318044865637, 51.50169960597976], [12.207857402116867, 51.50241337106657], [12.207467521678133, 51.49766669728518], [12.204677817519045, 51.497727916475014], [12.205170843843705, 51.49085439195291], [12.201107190141183, 51.49018439445428], [12.203198550065578, 51.48521037375609], [12.175733083428328, 51.48215472504031], [12.175661580957652, 51.469734960991104], [12.173300308650015, 51.469601481490336], [12.173252817347555, 51.46816656733146], [12.163355476730729, 51.467389706049175], [12.163042324428776, 51.4657669376522], [12.155465770915317, 51.46501930441775], [12.15317907338934, 51.46292971832521], [12.148865853644388, 51.463133526382514], [12.148516793398647, 51.45938484503525], [12.152881697867356, 51.457459915010766], [12.153233131824166, 51.452256449320515], [12.158193548644217, 51.452094099848495], [12.158268735028688, 51.44530704722193], [12.154312695213356, 51.44544414433211], [12.15429206323905, 51.443489821986375], [12.157909117249101, 51.44304012683548], [12.157280659615417, 51.43464193439246], [12.184621132366773, 51.430359981099095], [12.185861272268331, 51.420773659938604], [12.194245410665422, 51.42123401534677], [12.189715579607508, 51.41358481002256], [12.182905740264175, 51.41417547910642], [12.183200865303421, 51.41062353967322], [12.173685653721439, 51.41016918348627], [12.177961873123747, 51.40382456009864], [12.177916383751107, 51.40070856157576], [12.174482700866568, 51.40126229415743], [12.177444599940582, 51.39048614000772], [12.18233944457459, 51.39041208895411], [12.182610843154194, 51.389088451270815], [12.180691478745105, 51.38639964092429], [12.17749856128667, 51.38652796519686], [12.172525893160113, 51.38468208364956], [12.173541458516429, 51.382716244416635], [12.176005025323473, 51.383629606341245], [12.178654433414039, 51.381001474156236], [12.174835351742503, 51.37933385857931], [12.177795164036533, 51.377443483522704], [12.175638050694705, 51.375425308225324], [12.180985752900057, 51.37555633949289], [12.183040622745489, 51.37869750510723], [12.186561870675554, 51.37765923011494], [12.18865234924322, 51.379134854375266], [12.19061731037879, 51.37755881346534], [12.189468458522327, 51.374887278473025], [12.18873097754261, 51.37588296681014], [12.18713448466625, 51.37480451752438], [12.186563929991854, 51.37549614968865], [12.187364228081696, 51.37391015978029], [12.18570166563616, 51.37321245851897], [12.183650826305804, 51.37409729421151], [12.183021441246227, 51.37174245974472], [12.184471434309236, 51.37137654929906], [12.182139658793568, 51.36853131573062], [12.185565604536981, 51.36738032798745], [12.18779278710062, 51.364553057180316], [12.191677452649992, 51.36447738280306], [12.190437227811517, 51.36089676605238], [12.196090303884828, 51.36043489014036], [12.195534010671787, 51.35441012738178], [12.190510836556157, 51.354255233731095], [12.188926159621177, 51.34730756492465], [12.191390448765382, 51.34713169611744], [12.193389587382198, 51.343094775236366], [12.19444287939443, 51.330509325480946], [12.16701868500047, 51.326743625035036], [12.164922752687692, 51.32547268841828], [12.166591556944065, 51.320871174109655], [12.156201608480423, 51.32117134504943], [12.14753621941179, 51.31994040387666], [12.154706010700874, 51.31001094332733], [12.158105039303626, 51.30160917186526], [12.1553851092747, 51.30127181362421], [12.157345506672081, 51.29234002446101], [12.168855192195048, 51.29368690079719], [12.169784827331595, 51.2856751118437], [12.172202652826297, 51.2856894102759], [12.17174316779431, 51.27609049464097], [12.147656990203219, 51.27874103933787], [12.146214388008342, 51.27548228757174], [12.140458747800082, 51.27539698787179], [12.144805794768912, 51.27021071064474], [12.133100309178587, 51.268653140741385], [12.113826125054345, 51.26854435155631], [12.112281387075567, 51.26093890222332], [12.094231541308414, 51.26080719213476], [12.076961450077475, 51.25743253504667], [12.075754481075766, 51.249137024681325], [12.051539997141541, 51.25337596228004], [12.054160303101568, 51.25916678771726], [12.046049577690699, 51.261894985378014], [12.045604943224992, 51.263045329457896], [12.057673532725104, 51.267373718364794], [12.060565329447796, 51.2704194368051], [12.053308194335077, 51.2714724809714], [12.053159683125305, 51.27527426299167], [12.047866884788556, 51.27805881664599], [12.050037576915148, 51.280679759627134], [12.055541946011521, 51.28231979169539], [12.057297235529369, 51.28517178760171], [12.061843869058801, 51.28593201441649], [12.060543215188, 51.28825326022345], [12.056349596648603, 51.288802648625904], [12.05583866273144, 51.28652787459272], [12.054005328218668, 51.2860854441803], [12.046360161318551, 51.286471368304284], [12.03543320388733, 51.28526113255374], [12.000274596632051, 51.27741274843893], [11.999861337277846, 51.282009946975826], [11.988551318665237, 51.28084568794019], [11.989545418352897, 51.278580212865776], [11.98389522756553, 51.27774593354829], [11.984334886300596, 51.273918650219706], [11.980073745527696, 51.273593043930106], [11.980183356001573, 51.2754934677206], [11.969977060023334, 51.27544860392336], [11.976559619196749, 51.290233916736334], [11.977039887115321, 51.29607844301326], [11.992570647270444, 51.29786153984742], [11.991932612752372, 51.30014983775497], [12.025079236842807, 51.30384247480638], [12.029236146550504, 51.301979473676234], [12.03034040661107, 51.29956535479552], [12.03307850086309, 51.300228782221744], [12.037134151005574, 51.29778865359454], [12.049785543349829, 51.3001439679714], [12.05006604092668, 51.3106648173485], [12.054780716249592, 51.31409772700767], [12.05507668468848, 51.316131907160106], [12.052373296376294, 51.31670880789359], [12.04463182497407, 51.31528837972943], [12.042939003891629, 51.31364819875151], [12.03978921990719, 51.31408511229585], [12.041981777918817, 51.32476691274132], [12.039634326936723, 51.32605610326312], [12.032809116390045, 51.32646394847655], [12.030522929765528, 51.324928898289095], [12.028006838976658, 51.32518170447055], [12.026814064887901, 51.32580346459518], [12.025479671138005, 51.32972111334585]]]]}}, {"type": "Feature", "properties": {"wkr": 33, "wkr_name": "Merseburg"}, "geometry": {"type": "MultiPolygon", "coordinates": [[[[12.025240201665033, 51.33201613508976], [12.025204902986129, 51.33227624503945], [12.025240201665001, 51.332016135090086], [12.025240201665033, 51.33201613508976]]], [[[12.025240201665056, 51.332016135089546], [12.025240201665033, 51.33201613508976], [12.025256037545322, 51.33189944237208], [12.025240201665056, 51.332016135089546]]], [[[12.025177796281932, 51.33247598802198], [12.025479671138005, 51.32972111334585], [12.026814064887901, 51.32580346459518], [12.028006838976658, 51.32518170447055], [12.030522929765528, 51.324928898289095], [12.032809116390045, 51.32646394847655], [12.039634326936723, 51.32605610326312], [12.041981777918817, 51.32476691274132], [12.03978921990719, 51.31408511229585], [12.042939003891629, 51.31364819875151], [12.04463182497407, 51.31528837972943], [12.052373296376294, 51.31670880789359], [12.05507668468848, 51.316131907160106], [12.054780716249592, 51.31409772700767], [12.05006604092668, 51.3106648173485], [12.049785543349829, 51.3001439679714], [12.037134151005574, 51.29778865359454], [12.03307850086309, 51.300228782221744], [12.03034040661107, 51.29956535479552], [12.029236146550504, 51.301979473676234], [12.025079236842807, 51.30384247480638], [11.991932612752372, 51.30014983775497], [11.992570647270444, 51.29786153984742], [11.977039887115321, 51.29607844301326], [11.976559619196749, 51.290233916736334], [11.970844770291647, 51.2794808653357], [11.968833414680057, 51.269773188882965], [11.943671624063121, 51.27131693390215], [11.925588669753132, 51.27028466027859], [11.929345166090132, 51.2549176383037], [11.926814872633487, 51.25434467019719], [11.927758383697505, 51.24645346307881], [11.923312018748343, 51.2405489632106], [11.924179585729275, 51.23562447522328], [11.893390352255478, 51.23458161875264], [11.892969137090379, 51.238459381650486], [11.889277112272374, 51.238461135444254], [11.885753672748644, 51.24442014360481], [11.872951523777926, 51.24295752440382], [11.86679883277019, 51.26296204359305], [11.863235484383274, 51.26169903198953], [11.860479096855885, 51.26961974464824], [11.847294832557797, 51.26882867121194], [11.846403001617842, 51.2728539669799], [11.83763695074119, 51.27298436536812], [11.836428010134492, 51.27471718236301], [11.835287174253256, 51.27336461202641], [11.824040672530305, 51.27150234291151], [11.817230483356497, 51.27950844689653], [11.8216290902563, 51.278722116880544], [11.818903521191645, 51.28714238978057], [11.830712557926372, 51.28839556588306], [11.828878461829843, 51.29855249819107], [11.834708964182166, 51.29790422328198], [11.837797625070552, 51.30241920551085], [11.837322746212282, 51.304453195850336], [11.839920728723138, 51.30650609126163], [11.843264812361873, 51.30602204972352], [11.847552120832997, 51.33281773945034], [11.86354289626245, 51.33412719164373], [11.864401160337428, 51.336400755088924], [11.870390914906798, 51.33700531166531], [11.870257837916999, 51.33936462991099], [11.873348898342279, 51.33924132955425], [11.87360757312481, 51.34142977337507], [11.880196415014613, 51.34100096788583], [11.899839790559627, 51.34410797183118], [11.89820979835117, 51.34747640662741], [11.901662147604997, 51.34842551849189], [11.901293150850435, 51.349477613969015], [11.913520611073434, 51.351257163284075], [11.912701465052942, 51.35434901821462], [11.938984713657907, 51.35796223075472], [11.938319387207828, 51.3588524244033], [11.942389305882749, 51.359712212836875], [11.940480711839415, 51.36575974901283], [11.95483555919768, 51.370013933667366], [11.949480137432131, 51.37200170099441], [11.952991243173342, 51.37296101464727], [11.950963440923307, 51.37619687098447], [11.95419112778154, 51.37794905413901], [11.961760497871948, 51.37810093589651], [11.984087631474928, 51.3841533274748], [11.994041896174148, 51.38553774198089], [11.995316597399542, 51.39017427949312], [11.997939574706653, 51.38790081468623], [11.99897872291693, 51.38933634791863], [12.000811291579648, 51.388197121595226], [12.005417038592322, 51.388741115680126], [12.003376100651876, 51.38597271736026], [12.006539672057233, 51.38426670177641], [12.01200352950916, 51.38653285499682], [12.013440258681463, 51.382437656296226], [12.017371573668742, 51.3844015495114], [12.018932906013497, 51.382097099492576], [12.0247393837597, 51.382867767940645], [12.020423480537351, 51.38162658690929], [12.01969489127635, 51.378991199293196], [12.023838850308229, 51.379091491983466], [12.022189583405618, 51.37727221332144], [12.031126125776362, 51.3756428704092], [12.032454003480636, 51.37054122060756], [12.037401493328629, 51.37028820762791], [12.036381063230264, 51.36675750197837], [12.038422575960901, 51.36626113650008], [12.036747501237974, 51.365241294545804], [12.036460579491449, 51.360074106353984], [12.039270344617636, 51.35611048651358], [12.033474991447827, 51.35466503551065], [12.038585390774136, 51.34780421690277], [12.03477983864362, 51.347724460469664], [12.036334022767898, 51.34594760077008], [12.031444036355046, 51.34581351942276], [12.034455435985858, 51.34174507214003], [12.030732238457455, 51.34181946529522], [12.031687767041879, 51.3390573102253], [12.027815294666494, 51.33959613125697], [12.026471427474043, 51.33672785178115], [12.021994782773058, 51.33547887863228], [12.023164352268546, 51.33411443003406], [12.027065583087856, 51.33516801422472], [12.02716610287854, 51.33311641220761], [12.025154018452653, 51.33265296505447], [12.025177796281932, 51.33247598802198]]]]}}, {"type": "Feature", "properties": {"wkr": 32, "wkr_name": "Querfurt"}, "geometry": {"type": "MultiPolygon", "coordinates": [[[[11.654281709330983, 51.111645767831966], [11.646911714267027, 51.10690402357613], [11.648030003718272, 51.109145715481496], [11.645169328304219, 51.11011219069895], [11.640843308664817, 51.10924836064243], [11.63845286178791, 51.11070151934489], [11.635452641617979, 51.10867659909522], [11.63623325149935, 51.10719201365901], [11.62429584425426, 51.10414738513875], [11.620073035660342, 51.09863832201327], [11.621380206187517, 51.09716631251541], [11.617551016092296, 51.097031795893585], [11.615377139053493, 51.097674909825024], [11.620484083401413, 51.10481360328612], [11.614987417265233, 51.107820947416776], [11.606348850665736, 51.11072599337227], [11.60754887610889, 51.11157760510076], [11.600495776535922, 51.11471260058606], [11.571795698172041, 51.120580034220524], [11.568129165646003, 51.118445294312814], [11.562345271677616, 51.11136203245753], [11.56034393493338, 51.1121587142021], [11.558172162806873, 51.10881905172253], [11.554343437366965, 51.109395417606436], [11.555589942191833, 51.11148279522916], [11.547701525129582, 51.111723303343126], [11.547364895630517, 51.10906376953996], [11.549051154452592, 51.10873459755965], [11.547197513356783, 51.108031195342086], [11.54571539654375, 51.10235549622747], [11.523572824460864, 51.10486891683023], [11.51199479648815, 51.107909261918856], [11.510577495275333, 51.102996349641494], [11.504846816388156, 51.10406956098383], [11.50473115042774, 51.10245633059142], [11.48518945705649, 51.10247574692921], [11.48390891069995, 51.107846380128514], [11.476319857048715, 51.107894383064995], [11.463325559899953, 51.11268628766868], [11.465553026214774, 51.11834318245986], [11.463829419412018, 51.11826980335314], [11.465505040065036, 51.1273243257779], [11.462677854862179, 51.126776289904676], [11.463282440317164, 51.13024299230021], [11.459876173995596, 51.130256447136404], [11.458706748318942, 51.13756776037698], [11.45101117581564, 51.14662815761693], [11.46739669505211, 51.14764218359392], [11.467856741193767, 51.148733433275254], [11.471863042219852, 51.148162389864396], [11.47920412259299, 51.15800606882164], [11.47301375000636, 51.16134463418474], [11.474970903258653, 51.16573331963056], [11.484922312102634, 51.16541322602601], [11.485645919346599, 51.16813796994511], [11.470796455901999, 51.169943124800916], [11.472041506372001, 51.17435499568486], [11.470067932488694, 51.180352808306324], [11.46683131154761, 51.180474470294925], [11.470302596459828, 51.18526244399862], [11.46887931940161, 51.1924440770972], [11.4553225306862, 51.19524152238281], [11.45311358575672, 51.19194158588838], [11.449917013691664, 51.19306332028641], [11.449458208494738, 51.1992459331552], [11.44761154222327, 51.19930024659669], [11.44526538995554, 51.20378612840706], [11.446820006839435, 51.20888114827694], [11.43100180656383, 51.21210434944446], [11.42835384918186, 51.212305148387834], [11.414652350549884, 51.20806903036562], [11.40532487698648, 51.20736858747679], [11.408091608488473, 51.203572896143775], [11.406052430365133, 51.20272581995291], [11.401013245078826, 51.203596020151814], [11.401842611784152, 51.2058025469028], [11.400293776384299, 51.206256966233404], [11.398321440500986, 51.20615568454582], [11.395916850736919, 51.20386692269908], [11.391309975897634, 51.20335745006365], [11.389961623530414, 51.20754017466997], [11.38783813207083, 51.208956639201915], [11.39093330742158, 51.21062301541271], [11.389354147834569, 51.21306033187461], [11.391520281958728, 51.215594058594334], [11.388537425576661, 51.215678303432334], [11.390628762651012, 51.217433087819806], [11.382434987501103, 51.219306039458026], [11.371551424073976, 51.21941775523036], [11.36488225808187, 51.22132671991035], [11.367706490818602, 51.228554297703134], [11.376476805743247, 51.234110004523515], [11.378323829291036, 51.2376363529966], [11.376316292465617, 51.23929252507128], [11.38032119581331, 51.24147133880496], [11.382705344806958, 51.24507293958226], [11.385657933814594, 51.245944976526715], [11.387127866309763, 51.24413817710955], [11.402382678894057, 51.242575684904445], [11.399381240698931, 51.23661627223187], [11.411826870815831, 51.240373579694186], [11.419969642672722, 51.246382580952], [11.418263728203701, 51.24760998973111], [11.421830564155272, 51.253049976378904], [11.42617677417079, 51.25581277852008], [11.429862683885657, 51.25425949647448], [11.433121763620965, 51.25697653325447], [11.432453373870091, 51.258091638525656], [11.439540831366296, 51.2633836524055], [11.441293888856098, 51.26682888042827], [11.437005451080177, 51.268624948767666], [11.441777743140797, 51.273204059091185], [11.44657892391479, 51.271053173940786], [11.456318658232531, 51.27737642249599], [11.453165425854934, 51.279441454135316], [11.451579407724047, 51.28092270240304], [11.45411365235646, 51.27944765420024], [11.45271689136279, 51.281239733837076], [11.454558823505515, 51.28644542887787], [11.460080577894646, 51.29397632643626], [11.462502752695922, 51.290589565919326], [11.46792608916603, 51.28837939360656], [11.473942943829812, 51.29499856559498], [11.472422819649626, 51.298351673159246], [11.475801935335207, 51.29569944939269], [11.475232742163314, 51.29862739046427], [11.466714957607948, 51.30469324847655], [11.450941518082479, 51.31301418091613], [11.450521819062818, 51.31426995989888], [11.446296266172578, 51.31232565699628], [11.447328138568826, 51.316119888023735], [11.444094372806575, 51.31780372862192], [11.436585780905226, 51.31899670793581], [11.433788096066369, 51.32053231672302], [11.434650852948304, 51.32198719670033], [11.427680852389782, 51.32465182509473], [11.426219692621409, 51.326380499107024], [11.428280459972715, 51.32740955711136], [11.421013661916266, 51.33144401443326], [11.413465997696822, 51.333072310348115], [11.41981236148261, 51.33609235242737], [11.426188282958382, 51.336247025345145], [11.428620679425743, 51.33969875712265], [11.42854730965244, 51.342848988141434], [11.412329191539154, 51.34268205942404], [11.408606939276588, 51.34019035856823], [11.399529751208794, 51.34480452401146], [11.401219996631756, 51.34937167559869], [11.397109143580703, 51.34943765078031], [11.394654101607584, 51.35414940021862], [11.39280998530454, 51.354224153446964], [11.394267348204396, 51.357736161563984], [11.391535965469268, 51.36066518456321], [11.392859185083358, 51.36552018251877], [11.389656303843678, 51.36771024599841], [11.391118421584974, 51.37253058698133], [11.395982419941054, 51.373108216636034], [11.397881365115412, 51.377119462787846], [11.396931280259096, 51.381309805740365], [11.393835623626137, 51.38135270466216], [11.393345338030356, 51.3837972127474], [11.380021561118886, 51.38670430221], [11.37852770352494, 51.38528002170397], [11.370094744524252, 51.385090330382944], [11.368611598387117, 51.38760904215791], [11.36536554694182, 51.38553074874809], [11.365200366967176, 51.383047175464114], [11.361705885844538, 51.383254754534384], [11.361367594673657, 51.38229251597511], [11.357044161205486, 51.38982925749747], [11.350338764188624, 51.3880838065069], [11.34755560913221, 51.384553706383194], [11.342567317500144, 51.38777218913871], [11.340469485414946, 51.39241945594063], [11.334243656119778, 51.38969228892341], [11.330805845501562, 51.39036817322313], [11.329008243589323, 51.40012395765684], [11.321190875692121, 51.41030913136679], [11.334478646665211, 51.419407701707065], [11.317221271458779, 51.42434835233175], [11.32959717693993, 51.44029243786427], [11.340284773657439, 51.44121126694973], [11.341070860063391, 51.443603941961484], [11.338029528573891, 51.443554478810704], [11.340618263990722, 51.44919678261918], [11.337910826198293, 51.449440559422136], [11.339013334265525, 51.45441004045134], [11.342240249983998, 51.45967632567157], [11.345972547756542, 51.457400176394714], [11.352231930423807, 51.4566773721052], [11.352008808104692, 51.465061923090936], [11.356676622559933, 51.4742645332689], [11.371552971368661, 51.47447236087282], [11.370573063498213, 51.48047349741652], [11.375274267786835, 51.4800345956595], [11.378129694167836, 51.48299044934605], [11.38566868571045, 51.48630704256267], [11.38376121723768, 51.486453710134064], [11.384709561134498, 51.48734097198271], [11.381322381285035, 51.48933773647111], [11.374954328435727, 51.488520201505644], [11.37424916306014, 51.48980338375842], [11.374026990067165, 51.49127642758064], [11.37915739785697, 51.49137993363302], [11.376351153592347, 51.49720526923859], [11.384448113401172, 51.497787520649936], [11.380985418207548, 51.50516734759409], [11.377870766657479, 51.50358069495456], [11.375204090628253, 51.50395190853486], [11.378798831687396, 51.507276624282305], [11.379705546418545, 51.50667498040417], [11.381259985986471, 51.5108216372445], [11.373328102866958, 51.510283583999815], [11.37967557273255, 51.521143729744786], [11.374834613720763, 51.5208801439514], [11.376207251541146, 51.516442987668896], [11.373278303214656, 51.519069217303645], [11.371594732836575, 51.51840687066921], [11.374756768398502, 51.5155656598704], [11.369521359502915, 51.51759911506232], [11.374349404513367, 51.51387126623334], [11.36743077241553, 51.512874532211356], [11.363561875898187, 51.508344753140236], [11.362591840665571, 51.510133493717575], [11.364551161655175, 51.51128576901238], [11.366392419090893, 51.513485745786156], [11.364290511960224, 51.514704823320464], [11.365894529503915, 51.51342594176942], [11.362853484025505, 51.51081077826695], [11.359446853898657, 51.519790480266735], [11.349799509952216, 51.51642474285938], [11.349035657836144, 51.51787068765841], [11.351579736780462, 51.519464117013044], [11.346101607846643, 51.5197374134966], [11.347154389053092, 51.52164347617719], [11.344746912036575, 51.52260876547085], [11.342837681441775, 51.52219730135598], [11.344119965750124, 51.52027363905884], [11.340633399555472, 51.520785878229], [11.34021919541517, 51.52293569947788], [11.33546119464881, 51.5249936526325], [11.33678700084292, 51.52592484548936], [11.329419190735935, 51.53094599826707], [11.332425520981843, 51.53232965872123], [11.332043633550736, 51.53622049291941], [11.33654765648051, 51.53492421172792], [11.3375420841165, 51.5381606879269], [11.34135850063816, 51.541346910000435], [11.343306777248072, 51.55010364436344], [11.346620163080711, 51.5514112089522], [11.34268680229856, 51.55541836147398], [11.339878896388425, 51.55429381562442], [11.336829579979216, 51.55685031187767], [11.338643950530564, 51.55891333158588], [11.346949607078633, 51.5602516163403], [11.356749412294564, 51.558527485178004], [11.366562612474668, 51.560981497233165], [11.372437432498385, 51.560363856640556], [11.368612178376033, 51.55904069232434], [11.366307945462431, 51.55589263355155], [11.360232677931851, 51.552552320062574], [11.360108393101068, 51.55090128686826], [11.377857953705973, 51.55410049954133], [11.380207305688021, 51.55238950309263], [11.376449082326271, 51.55133557394026], [11.37323336438931, 51.547499145509995], [11.370260312935873, 51.54954057415324], [11.363849654289913, 51.547442206208395], [11.3614850432777, 51.54363232469709], [11.364035024530711, 51.539902917553555], [11.370281521386822, 51.54099376462074], [11.375549499929756, 51.538980118404716], [11.383763947702352, 51.53880348014385], [11.398908117411024, 51.53994786792186], [11.405019469270403, 51.541706021899444], [11.40996254225206, 51.53489215425274], [11.410362111786151, 51.52855817715867], [11.413007227964941, 51.525780941063836], [11.405639913008207, 51.521925225426656], [11.401656129181115, 51.5215770065247], [11.39809359108768, 51.516893764384406], [11.401426529215454, 51.51292940906542], [11.3991138990578, 51.51187022188029], [11.400073127008806, 51.510442767306635], [11.403498972665822, 51.50831986420632], [11.409570860556812, 51.507065659450056], [11.409644034966567, 51.50595273280257], [11.402411115741776, 51.50644705970472], [11.405753536785369, 51.50423909678086], [11.405400765681684, 51.502514039434416], [11.403570010663525, 51.50129784802481], [11.394871285287191, 51.50005127851715], [11.396574668721943, 51.4993743885916], [11.401130086869593, 51.500489844539175], [11.395686393560032, 51.499061539004614], [11.396107076964629, 51.49753051705636], [11.409523378871315, 51.493566051642254], [11.415498133529137, 51.49366643587934], [11.422229231445979, 51.49112412788532], [11.420371288540844, 51.49053926737082], [11.421299567003283, 51.489451820170125], [11.426433805034176, 51.49104528202252], [11.43666120970624, 51.48947432152374], [11.449404631492506, 51.48385700223676], [11.44808657455978, 51.480806907730525], [11.465445107932185, 51.480438069285725], [11.46955430714567, 51.452544531231716], [11.482325640810197, 51.453347813291565], [11.48405323543119, 51.45161837023543], [11.49420308461179, 51.43643305336112], [11.49965984373024, 51.42359828706643], [11.503149721812223, 51.42124980709078], [11.501963437395776, 51.42037137277555], [11.499981485370759, 51.42196441378635], [11.49701492723275, 51.42012190711638], [11.503957999986225, 51.41449251335656], [11.508693175262199, 51.41714019761186], [11.513380965906242, 51.412742261746196], [11.52045429712555, 51.416600705494034], [11.527491857331412, 51.4163733870704], [11.52422859734225, 51.42004418767997], [11.523916239465485, 51.42430785349702], [11.532074498745674, 51.42692549967283], [11.532651165816675, 51.42929350081908], [11.536775003455476, 51.432723623262774], [11.545988145916104, 51.43476108911453], [11.542703627546329, 51.43652796837002], [11.543420345792029, 51.43738679380187], [11.549748787565736, 51.438148149882835], [11.552063478670746, 51.440933454596184], [11.568703483165976, 51.445628466313025], [11.576366632743905, 51.44659426079327], [11.576219447627478, 51.441826047471196], [11.600592144981041, 51.44366269830673], [11.604149703232583, 51.44502172763825], [11.603779928659216, 51.44704652894111], [11.60603595441085, 51.44714167568791], [11.605162934438681, 51.45279259032254], [11.63188038956833, 51.46073268610976], [11.631828124005015, 51.45885520011695], [11.63620004309057, 51.46027839643457], [11.638887429388856, 51.45773504472242], [11.641744174209993, 51.45863834640138], [11.643932426178335, 51.453685689533046], [11.64048877991271, 51.45290378815315], [11.650451422579707, 51.451798439670085], [11.651784189735146, 51.44740752787774], [11.667739453724174, 51.45082391059347], [11.67040938086544, 51.45276820196911], [11.669346730956248, 51.44884734848695], [11.672493787371788, 51.446122186966896], [11.672535510013518, 51.44376765620021], [11.673692022699239, 51.442343113252214], [11.678047569518762, 51.442252058678704], [11.672284641406522, 51.43540063359188], [11.67525970169644, 51.43294003783978], [11.684005461301526, 51.4315137131739], [11.68703853111433, 51.427121662954576], [11.68951596232644, 51.426826572207325], [11.69063528800739, 51.42237769820287], [11.71605730096581, 51.425380162338286], [11.719457101420323, 51.418040387482826], [11.711602753884957, 51.41589571026105], [11.716518614361966, 51.40796749733357], [11.704773771341603, 51.40360108194137], [11.713834408384518, 51.39003485058792], [11.751962093810242, 51.39774822438564], [11.753716226586947, 51.3978748014285], [11.756025501764894, 51.39553552948745], [11.78200263649792, 51.40129665880891], [11.779335146810586, 51.40486099911228], [11.785476786104283, 51.406149340179184], [11.78689704948377, 51.408537741823096], [11.797125491887199, 51.40850165355786], [11.79709833936378, 51.40979193057783], [11.800503522733369, 51.411013585286334], [11.80879889252772, 51.41095372294891], [11.809122724044526, 51.41322588129073], [11.811229510889474, 51.41308023133612], [11.811159051375125, 51.41805994307442], [11.829363153185252, 51.4205448604592], [11.841273730052599, 51.42523636471306], [11.844226481340021, 51.42009796463152], [11.847230820414454, 51.42062656891112], [11.847896686704273, 51.41885204649711], [11.853078414307147, 51.42082466327964], [11.85473213654766, 51.418122063614675], [11.862143763196059, 51.42052948898131], [11.863119161514243, 51.419300927544356], [11.873314547574417, 51.4226501215353], [11.884835138690285, 51.421932960196216], [11.899794140359608, 51.42273618543483], [11.89991121605256, 51.42087595109426], [11.903710217312415, 51.42096767541644], [11.90380704402173, 51.41804692900387], [11.905839187894399, 51.42021775624669], [11.908563788629367, 51.42037036573851], [11.902601922911842, 51.39620606991379], [11.906806016730542, 51.39659562681129], [11.907274744884731, 51.39283249305508], [11.912308938503715, 51.38585359992376], [11.904045289690863, 51.381997175265695], [11.905716417391014, 51.375451119651935], [11.910094173666312, 51.376127721746926], [11.909190854124699, 51.37393593403494], [11.911983487256528, 51.37357845432519], [11.916368233314495, 51.36656082774659], [11.9199227579565, 51.35550371261649], [11.912701465052942, 51.35434901821462], [11.913520611073434, 51.351257163284075], [11.901293150850435, 51.349477613969015], [11.901662147604997, 51.34842551849189], [11.89820979835117, 51.34747640662741], [11.899839790559627, 51.34410797183118], [11.880196415014613, 51.34100096788583], [11.87360757312481, 51.34142977337507], [11.873348898342279, 51.33924132955425], [11.870257837916999, 51.33936462991099], [11.870390914906798, 51.33700531166531], [11.864401160337428, 51.336400755088924], [11.86354289626245, 51.33412719164373], [11.847552120832997, 51.33281773945034], [11.843264812361873, 51.30602204972352], [11.839920728723138, 51.30650609126163], [11.837322746212282, 51.304453195850336], [11.837797625070552, 51.30241920551085], [11.834708964182166, 51.29790422328198], [11.828878461829843, 51.29855249819107], [11.830712557926372, 51.28839556588306], [11.818903521191645, 51.28714238978057], [11.8216290902563, 51.278722116880544], [11.816878401698448, 51.280076532378025], [11.824040672530305, 51.27150234291151], [11.835287174253256, 51.27336461202641], [11.836428010134492, 51.27471718236301], [11.83763695074119, 51.27298436536812], [11.846403001617842, 51.2728539669799], [11.847294832557797, 51.26882867121194], [11.860479096855885, 51.26961974464824], [11.863235484383274, 51.26169903198953], [11.86679883277019, 51.26296204359305], [11.872951523777926, 51.24295752440382], [11.85891266627263, 51.23897994608389], [11.8586598232019, 51.23663214372206], [11.850217150387552, 51.23545094976137], [11.846125461359291, 51.23718296645523], [11.838276995154725, 51.24715343684342], [11.825377767154459, 51.237734021497445], [11.822980803248573, 51.24032618235006], [11.822794761724838, 51.24658175137967], [11.819280976163439, 51.249410637395975], [11.817886065874989, 51.2479744358445], [11.809434076329396, 51.24536981192787], [11.809029823425643, 51.24648959495065], [11.80225803615959, 51.24623461320632], [11.799885809765971, 51.2504414068307], [11.794119172810852, 51.247378040018354], [11.789292665034148, 51.24829717240831], [11.786278445032098, 51.247477379521136], [11.786787083014179, 51.25026845715047], [11.784546754262678, 51.25274809756008], [11.791182480411505, 51.25641958740084], [11.78433165354269, 51.26011730394596], [11.786160258535883, 51.267428453985204], [11.782586739424088, 51.2704534254336], [11.780841935065876, 51.269197697568636], [11.778512406819043, 51.270766093251], [11.777566775517442, 51.27010476504289], [11.770613019187762, 51.27524206409679], [11.766996944808183, 51.273955984630994], [11.765390409979117, 51.278315291505706], [11.763615979940822, 51.27969671646731], [11.762344437552729, 51.27925485967452], [11.764313846899762, 51.28106142452424], [11.759936194520252, 51.28383554936358], [11.752141468601549, 51.28108289150267], [11.710744086182919, 51.271478633111], [11.701119791158332, 51.26694719985615], [11.692030585513091, 51.27522796012514], [11.689511781655744, 51.27470370877814], [11.688208606790393, 51.276945966115925], [11.677377693216643, 51.276355459705066], [11.676216612422529, 51.279212614216995], [11.67264371850452, 51.280813881256464], [11.670592339492254, 51.28020125357988], [11.669998314700637, 51.28530526423851], [11.671233219455758, 51.28567678634803], [11.66964167106304, 51.287792357203905], [11.677485872263603, 51.29130552933484], [11.675233218497072, 51.29243787791818], [11.66779369211711, 51.29023214653566], [11.667855797069823, 51.285646716964706], [11.663361690222112, 51.28305132395339], [11.661250988662875, 51.28416661947641], [11.662903394637757, 51.286110465194746], [11.658572120814519, 51.29016674046763], [11.655364098217268, 51.29027499450258], [11.653771020959507, 51.292122893140615], [11.651523183230141, 51.29109485303793], [11.65002249995278, 51.29222852133278], [11.649679816116516, 51.29610828962852], [11.646538343406514, 51.29591736412547], [11.645629317290494, 51.29413649877633], [11.639293060064542, 51.29115406176737], [11.643038167839585, 51.29881144121833], [11.640372919725653, 51.301169787096505], [11.63961483389153, 51.300378209671905], [11.63728811611731, 51.30157078501071], [11.637700432195661, 51.30312342745129], [11.62948266095784, 51.30597685530293], [11.635214069444043, 51.31418204960395], [11.630023675260857, 51.31598290305584], [11.630851206527666, 51.31736748944815], [11.623183997888415, 51.31991611356865], [11.620731270185923, 51.31587190929204], [11.618052684226777, 51.31696734290194], [11.61652739649068, 51.320317945319516], [11.614510985889574, 51.32021311213777], [11.613600973574929, 51.31653354935683], [11.605468788911848, 51.31561012488267], [11.59752241619862, 51.30240764372332], [11.582084412149916, 51.30636021363794], [11.581246966848527, 51.30079078362515], [11.578582136002336, 51.30099547437063], [11.572929344461931, 51.29819528454275], [11.566716429537387, 51.29730635538933], [11.567452367752391, 51.29380726504762], [11.572804696973174, 51.28992320694758], [11.56743767197373, 51.28785058637222], [11.568125765383767, 51.284300146981], [11.56611059661859, 51.281791205736894], [11.56066287432204, 51.280871750299916], [11.561132643941692, 51.27803773632801], [11.554632885853861, 51.275054249532985], [11.549882615046524, 51.274671664901135], [11.542480552787536, 51.27865119521193], [11.540633923752699, 51.28150783101369], [11.53021521595022, 51.283616145602316], [11.527191178943681, 51.28634573013735], [11.521516407187079, 51.28473910379079], [11.52058264903371, 51.281995693863614], [11.522002010670015, 51.281388077919445], [11.518356110495455, 51.27628869500006], [11.524987517444217, 51.274616312125715], [11.531111422182041, 51.268459820382894], [11.527857845374447, 51.26395644658754], [11.523310642779796, 51.26319180421047], [11.53245457868304, 51.25087102504932], [11.539458924829432, 51.251006021505916], [11.539206231911207, 51.252809788438256], [11.550552941592926, 51.2576370212615], [11.550178813444223, 51.25996105687846], [11.559644349057738, 51.260827623422834], [11.564209218722741, 51.259460940942304], [11.575078227635089, 51.26150026838946], [11.579282143395794, 51.26107160687682], [11.581084488816465, 51.26026282131914], [11.580364388102286, 51.25836373104312], [11.584399710551088, 51.258168153291486], [11.589314713682322, 51.25529873954335], [11.593066779632926, 51.25523172664878], [11.59621602086372, 51.25683048565758], [11.595624722902897, 51.25554073344094], [11.599092908474464, 51.25484571561348], [11.598156909677003, 51.253278604454756], [11.6005226711015, 51.25118880940581], [11.596597280784122, 51.24790279304599], [11.60248079762808, 51.24378494703078], [11.599678449467527, 51.24102751425934], [11.60812033670665, 51.24123728713491], [11.608410769792957, 51.23923374549589], [11.616794278733552, 51.23990308106707], [11.620295881581086, 51.23532310704295], [11.617603948299857, 51.23215879306011], [11.624017720865028, 51.230373808719676], [11.62288564237099, 51.22650980352187], [11.639541834739704, 51.22397289756509], [11.64721190859903, 51.22574468195938], [11.648424886505827, 51.22415024948197], [11.643575971342536, 51.221661676499316], [11.64296791352028, 51.217761973955874], [11.636943111113334, 51.21294620220619], [11.636614357463522, 51.211049637748275], [11.634456206121396, 51.210738861185106], [11.63587869273815, 51.206477068393895], [11.64189049475511, 51.20832934987082], [11.640499071558837, 51.20605875936014], [11.64288637985672, 51.20656324443979], [11.644938226996555, 51.20441609476354], [11.641503344472811, 51.20293058950298], [11.638433824220112, 51.197522442598846], [11.636547377479106, 51.196928277747034], [11.637759169487172, 51.195468931918015], [11.632055823037906, 51.19378573590773], [11.626574312300052, 51.193856020197046], [11.621650339553117, 51.19196672033362], [11.612443144315899, 51.19186197484074], [11.609178872305572, 51.183779412555644], [11.609846076594717, 51.18118395654034], [11.605932614607235, 51.175716357141404], [11.607053316754323, 51.174607289707644], [11.610032355208297, 51.17473303838107], [11.611815578649379, 51.1720668378936], [11.614976731750321, 51.17109835809975], [11.625345953549163, 51.17210673060192], [11.637866348971977, 51.171116712023746], [11.646106556220222, 51.171936906475665], [11.647074899469272, 51.16604880168391], [11.656848569798859, 51.16912532618551], [11.662415501724581, 51.16669473589784], [11.661458508207701, 51.16837230549884], [11.664450793507882, 51.16857357886135], [11.664414071038811, 51.17137623368703], [11.66960732252938, 51.17261236860388], [11.670925495781372, 51.17443428332618], [11.674304169400028, 51.1746187894079], [11.674752166261653, 51.17788274833346], [11.684055018431684, 51.17849602127842], [11.685299924440724, 51.17325260713097], [11.689408346545825, 51.1728671599809], [11.689720127942728, 51.171507588005866], [11.699285773539803, 51.1726987636174], [11.699754634578952, 51.17023519985378], [11.710599192812055, 51.17071340388683], [11.718280674206541, 51.17521313490419], [11.719785085018563, 51.1739481928965], [11.724169032430574, 51.174214750275524], [11.737354566189838, 51.16288998210769], [11.737074264232158, 51.16049223930447], [11.73951546354527, 51.15987265926588], [11.740652166670959, 51.156056175128256], [11.738177657202153, 51.15570766718713], [11.737373464786979, 51.15331652410592], [11.725550222682202, 51.153361276194225], [11.723890946193608, 51.15268655831196], [11.72514012588595, 51.15165791030095], [11.720173501044789, 51.149813936946664], [11.718827993455486, 51.15030821370835], [11.70102690701416, 51.14236578243689], [11.690659615799166, 51.15229162974085], [11.687861426987203, 51.15187626562533], [11.686079730721902, 51.15348064434507], [11.680196029952423, 51.153772147785666], [11.679631575860764, 51.15578972145914], [11.675165699419296, 51.15319767495871], [11.671416351030912, 51.147554735299266], [11.67318213885626, 51.14281927859592], [11.670414983777032, 51.14423473478627], [11.667844342897824, 51.14088414839109], [11.664273758454726, 51.14064846541069], [11.667576183539566, 51.13358163587097], [11.659486703086673, 51.134086164004266], [11.647587535709592, 51.13117952862758], [11.653011046277443, 51.12087613995712], [11.655823778011712, 51.11893632074222], [11.660871458008753, 51.12059389541252], [11.663280004974023, 51.11779953386988], [11.658055478552459, 51.11615840878955], [11.659372391136737, 51.114784255606494], [11.653261748110872, 51.11285008535764], [11.654281709330983, 51.111645767831966]]], [[[11.443992114629905, 51.19832823780526], [11.439773599942473, 51.19857731345382], [11.439762614657852, 51.19988355241349], [11.442080121741691, 51.19998025391638], [11.442577629475126, 51.19876899284269], [11.447580017065603, 51.199005365205345], [11.448102344533021, 51.1962701640669], [11.44574927024985, 51.194290993543675], [11.443992114629905, 51.19832823780526]]]]}}, {"type": "Feature", "properties": {"wkr": 39, "wkr_name": "Weißenfels"}, "geometry": {"type": "Polygon", "coordinates": [[[12.17167667014234, 51.2760245739345], [12.168810858782274, 51.269957215413626], [12.165511198711787, 51.26808903204512], [12.166004399292921, 51.265951300394136], [12.173337213486716, 51.26602177250364], [12.173319190502593, 51.25812482087595], [12.189237981150411, 51.25760473819753], [12.193806978929507, 51.24054043795385], [12.195333866245802, 51.23828760862269], [12.198999944920311, 51.23917849273388], [12.199468835168684, 51.2384606235758], [12.197087162647913, 51.23784808013616], [12.197994972152966, 51.23625541780291], [12.192172898208415, 51.23571202798796], [12.1970377881605, 51.21829445408985], [12.197782556818105, 51.216754737335734], [12.203416943264958, 51.21671548406438], [12.204800670038097, 51.21412802674512], [12.201126338982407, 51.21339460436812], [12.189437965624517, 51.20391468650228], [12.191734787032145, 51.19569447268375], [12.185530778073902, 51.194411901924234], [12.187151415885072, 51.19140607917379], [12.180615004979225, 51.190030149036076], [12.179027702049524, 51.194050677880966], [12.169598224581176, 51.193635837740715], [12.165920323025421, 51.19563826215333], [12.165705993404938, 51.19779466069186], [12.158350714661635, 51.19877694157408], [12.157876680454022, 51.19130728121721], [12.168298576525919, 51.18990048573881], [12.16817827357051, 51.187214721032426], [12.153914938346446, 51.18628803070518], [12.146674718020916, 51.18474128710447], [12.146311880448494, 51.18361576084279], [12.138274115205423, 51.1826442730289], [12.136303194797563, 51.18200475790607], [12.140577494085798, 51.18001679091379], [12.119867181383142, 51.17365909519379], [12.117261642659555, 51.17936165936175], [12.11372002863817, 51.178538429580634], [12.114743224966338, 51.17698602009137], [12.112270685021723, 51.17651863094483], [12.11103389466033, 51.17839146757641], [12.10182230359987, 51.17684054738236], [12.09683747971619, 51.18683560877346], [12.105189657808198, 51.18868804987079], [12.102779975536729, 51.19323878855918], [12.096819637841325, 51.19206737125409], [12.093195443296654, 51.19626626274266], [12.095716464182908, 51.20532170524576], [12.083089603793995, 51.20488981134476], [12.048217980912845, 51.1978086713347], [12.050738130751045, 51.1926714567607], [12.040134866302258, 51.18903974277882], [12.04079820163361, 51.186423247258496], [12.034816947977761, 51.18559628283448], [12.035378291035878, 51.18228729593788], [12.02630739252045, 51.18055124676368], [12.027866236661087, 51.17732289940649], [12.023483756978976, 51.176659768520395], [12.025220965719145, 51.17181943139897], [12.015739219279737, 51.16691363820315], [12.016513913720788, 51.1659067893818], [12.035526418947716, 51.164862762915355], [12.040225640103756, 51.15953871205632], [12.04394183790309, 51.16073069164739], [12.04704198065144, 51.15733524339054], [12.049689220752542, 51.15717415030411], [12.052514852368203, 51.15887328209804], [12.055768294193145, 51.16012763568746], [12.05334294667609, 51.15833938197084], [12.056377426667629, 51.158466114446774], [12.058104085168267, 51.15599555790354], [12.056983416006545, 51.150674327342955], [12.047811717520029, 51.149818480345616], [12.047879277059634, 51.14787655039017], [12.044186783146218, 51.14771089738744], [12.041254030431103, 51.14274079926566], [12.044340012810986, 51.13841324857672], [12.055880843929405, 51.12955662381401], [12.056737006711144, 51.12720824928986], [12.051211766821659, 51.125122842315584], [12.053490784846396, 51.121439940822604], [12.06607783175702, 51.12405815481003], [12.068443225717422, 51.122442808427635], [12.064983458660466, 51.12933022092903], [12.074268754501562, 51.130905183989846], [12.073527183271299, 51.13575865997191], [12.09306132643149, 51.13319625305744], [12.106074008054684, 51.13411237758609], [12.107889225243708, 51.12512758128035], [12.100638822391279, 51.12356435655996], [12.102978766132573, 51.10566950958039], [12.096806176860381, 51.10213185431023], [12.083706566515962, 51.09946287782844], [12.084050910350156, 51.09714560563766], [12.075342098671836, 51.09537847683441], [12.07666422292324, 51.092878001301514], [12.061997617930945, 51.092661155997234], [12.06089588047325, 51.093489515807605], [12.057946622877033, 51.09266888988236], [12.055483769573636, 51.087424272678405], [12.049637080606105, 51.08751189805382], [12.045876112006363, 51.08405515317678], [12.045934817241003, 51.082235991449934], [12.039652236072794, 51.08185127449683], [12.036762386317307, 51.08406865957413], [12.037549594291864, 51.085417400824205], [12.032743164606703, 51.08577733539898], [12.030898647667923, 51.08877849646988], [12.026457867827046, 51.089730557485396], [12.026521865000579, 51.09127197134444], [12.021877827627115, 51.08992976910566], [12.017370853247176, 51.09058015867746], [12.010986298997079, 51.087265160153024], [12.006224093185413, 51.08639659185781], [12.002778817867261, 51.086121893818266], [12.000803238853408, 51.08853195349972], [11.998281869389443, 51.08705839712821], [11.997473648990566, 51.08822284312024], [11.992396292204738, 51.08684038655512], [11.992154647742074, 51.089246218060204], [11.987243006263666, 51.09516725990046], [11.988512988179895, 51.09581579260126], [11.986693088573755, 51.098318512534135], [11.988047320555674, 51.09935003975776], [11.984285888800017, 51.10619025323538], [11.968638327930647, 51.09732419967733], [11.966459916868592, 51.096831744152226], [11.96227914485366, 51.09977826029172], [11.960613884799178, 51.09853612213323], [11.95868392676567, 51.10014154763931], [11.950993072301387, 51.10873722546193], [11.951766829818272, 51.12380710380965], [11.949617274778346, 51.12565558760984], [11.947701919047384, 51.12471536059998], [11.947054116662125, 51.12959740167273], [11.927648528198041, 51.12701159229041], [11.928223244879876, 51.12272623337641], [11.920372618379544, 51.12280589873572], [11.90968623694756, 51.120770169264425], [11.906608654637488, 51.12415726186799], [11.909801584023313, 51.125619750908264], [11.911472249544218, 51.12854672686481], [11.913682118312991, 51.128596207982284], [11.913366019934154, 51.132759723981714], [11.900435707753951, 51.13365677766731], [11.899706513398753, 51.132818015569406], [11.890621097597586, 51.134310610534946], [11.892567191882186, 51.135528974302545], [11.890937140796408, 51.136989585458416], [11.89315833011179, 51.13755017029805], [11.893767917716627, 51.14210732884995], [11.882155574450303, 51.14108656063978], [11.886163010349907, 51.1461938249773], [11.891339923186246, 51.14807515079286], [11.899882194067128, 51.14892123113], [11.907712670369692, 51.158227732360565], [11.918167606728321, 51.1607401675453], [11.918003870201776, 51.16177571059263], [11.917133275832063, 51.16350140416749], [11.905394311644914, 51.16335360995166], [11.902320641653871, 51.16766710667079], [11.90272711701045, 51.17274702399129], [11.891553085702762, 51.175466164697944], [11.887100879744755, 51.185187281990125], [11.88410346783387, 51.18506579191241], [11.88330145259015, 51.18717221297358], [11.887710740171785, 51.1884292445347], [11.891700055546172, 51.187578748154756], [11.887344265069494, 51.20222248528883], [11.894120285320646, 51.203741365780076], [11.889062433654095, 51.214269274833036], [11.89005274991382, 51.219471524756734], [11.881073329453175, 51.21987339698769], [11.88084949440698, 51.232491855416775], [11.872636718569408, 51.230820229469316], [11.869867335808076, 51.23890825013118], [11.86286118158087, 51.23710323137375], [11.858721315782015, 51.23876587956901], [11.874901141740693, 51.243394827795996], [11.885753672748644, 51.24442014360481], [11.889277112272374, 51.238461135444254], [11.892969137090379, 51.238459381650486], [11.893390352255478, 51.23458161875264], [11.924179585729275, 51.23562447522328], [11.923312018748343, 51.2405489632106], [11.927758383697505, 51.24645346307881], [11.926814872633487, 51.25434467019719], [11.929345166090132, 51.2549176383037], [11.925588669753132, 51.27028466027859], [11.943671624063121, 51.27131693390215], [11.968833414680057, 51.269773188882965], [11.969977060023334, 51.27544860392336], [11.980183356001573, 51.2754934677206], [11.980073745527696, 51.273593043930106], [11.984334886300596, 51.273918650219706], [11.98389522756553, 51.27774593354829], [11.989545418352897, 51.278580212865776], [11.988551318665237, 51.28084568794019], [11.999861337277846, 51.282009946975826], [12.000274596632051, 51.27741274843893], [12.002924178828554, 51.27769119872167], [12.03543320388733, 51.28526113255374], [12.046360161318551, 51.286471368304284], [12.054005328218668, 51.2860854441803], [12.05583866273144, 51.28652787459272], [12.056349596648603, 51.288802648625904], [12.058279455522703, 51.28880846326218], [12.062120626765305, 51.287324891837855], [12.061843869058801, 51.28593201441649], [12.057297235529369, 51.28517178760171], [12.055541946011521, 51.28231979169539], [12.050037576915148, 51.280679759627134], [12.047866884788556, 51.27805881664599], [12.053159683125305, 51.27527426299167], [12.053308194335077, 51.2714724809714], [12.060565329447796, 51.2704194368051], [12.057673532725104, 51.267373718364794], [12.045604943224992, 51.263045329457896], [12.046049577690699, 51.261894985378014], [12.054160303101568, 51.25916678771726], [12.051539997141541, 51.25337596228004], [12.075754481075766, 51.249137024681325], [12.076961450077475, 51.25743253504667], [12.094231541308414, 51.26080719213476], [12.112281387075567, 51.26093890222332], [12.113826125054345, 51.26854435155631], [12.133100309178587, 51.268653140741385], [12.144805794768912, 51.27021071064474], [12.140458747800082, 51.27539698787179], [12.146214388008342, 51.27548228757174], [12.147656990203219, 51.27874103933787], [12.17167667014234, 51.2760245739345]]]}}, {"type": "Feature", "properties": {"wkr": 40, "wkr_name": "Naumburg"}, "geometry": {"type": "Polygon", "coordinates": [[[11.651762857441645, 51.109422368610765], [11.654281709330983, 51.111645767831966], [11.653261748110872, 51.11285008535764], [11.659372391136737, 51.114784255606494], [11.658055478552459, 51.11615840878955], [11.663280004974023, 51.11779953386988], [11.660871458008753, 51.12059389541252], [11.655823778011712, 51.11893632074222], [11.653011046277443, 51.12087613995712], [11.647587535709592, 51.13117952862758], [11.659486703086673, 51.134086164004266], [11.667576183539566, 51.13358163587097], [11.664273758454726, 51.14064846541069], [11.667844342897824, 51.14088414839109], [11.670414983777032, 51.14423473478627], [11.67318213885626, 51.14281927859592], [11.671416351030912, 51.147554735299266], [11.675165699419296, 51.15319767495871], [11.679631575860764, 51.15578972145914], [11.680196029952423, 51.153772147785666], [11.686079730721902, 51.15348064434507], [11.687861426987203, 51.15187626562533], [11.690659615799166, 51.15229162974085], [11.70102690701416, 51.14236578243689], [11.718827993455486, 51.15030821370835], [11.720173501044789, 51.149813936946664], [11.72514012588595, 51.15165791030095], [11.723890946193608, 51.15268655831196], [11.725550222682202, 51.153361276194225], [11.737373464786979, 51.15331652410592], [11.738177657202153, 51.15570766718713], [11.740652166670959, 51.156056175128256], [11.73951546354527, 51.15987265926588], [11.737074264232158, 51.16049223930447], [11.737354566189838, 51.16288998210769], [11.724169032430574, 51.174214750275524], [11.719785085018563, 51.1739481928965], [11.718280674206541, 51.17521313490419], [11.710599192812055, 51.17071340388683], [11.699754634578952, 51.17023519985378], [11.699285773539803, 51.1726987636174], [11.689720127942728, 51.171507588005866], [11.689408346545825, 51.1728671599809], [11.685299924440724, 51.17325260713097], [11.684055018431684, 51.17849602127842], [11.674752166261653, 51.17788274833346], [11.674304169400028, 51.1746187894079], [11.670925495781372, 51.17443428332618], [11.66960732252938, 51.17261236860388], [11.664414071038811, 51.17137623368703], [11.664450793507882, 51.16857357886135], [11.661458508207701, 51.16837230549884], [11.662415501724581, 51.16669473589784], [11.656848569798859, 51.16912532618551], [11.647074899469272, 51.16604880168391], [11.646106556220222, 51.171936906475665], [11.637866348971977, 51.171116712023746], [11.625345953549163, 51.17210673060192], [11.614976731750321, 51.17109835809975], [11.611815578649379, 51.1720668378936], [11.610032355208297, 51.17473303838107], [11.607053316754323, 51.174607289707644], [11.605932614607235, 51.175716357141404], [11.609846076594717, 51.18118395654034], [11.609178872305572, 51.183779412555644], [11.612443144315899, 51.19186197484074], [11.621650339553117, 51.19196672033362], [11.626574312300052, 51.193856020197046], [11.632055823037906, 51.19378573590773], [11.637759169487172, 51.195468931918015], [11.636547377479106, 51.196928277747034], [11.638433824220112, 51.197522442598846], [11.641503344472811, 51.20293058950298], [11.644938226996555, 51.20441609476354], [11.64288637985672, 51.20656324443979], [11.640499071558837, 51.20605875936014], [11.64189049475511, 51.20832934987082], [11.63587869273815, 51.206477068393895], [11.634456206121396, 51.210738861185106], [11.636614357463522, 51.211049637748275], [11.636943111113334, 51.21294620220619], [11.64296791352028, 51.217761973955874], [11.643575971342536, 51.221661676499316], [11.648424886505827, 51.22415024948197], [11.64721190859903, 51.22574468195938], [11.639541834739704, 51.22397289756509], [11.62288564237099, 51.22650980352187], [11.624017720865028, 51.230373808719676], [11.617603948299857, 51.23215879306011], [11.620295881581086, 51.23532310704295], [11.616794278733552, 51.23990308106707], [11.608410769792957, 51.23923374549589], [11.60812033670665, 51.24123728713491], [11.599678449467527, 51.24102751425934], [11.60248079762808, 51.24378494703078], [11.596597280784122, 51.24790279304599], [11.6005226711015, 51.25118880940581], [11.598156909677003, 51.253278604454756], [11.599092908474464, 51.25484571561348], [11.595624722902897, 51.25554073344094], [11.59621602086372, 51.25683048565758], [11.593066779632926, 51.25523172664878], [11.589314713682322, 51.25529873954335], [11.584399710551088, 51.258168153291486], [11.580364388102286, 51.25836373104312], [11.581084488816465, 51.26026282131914], [11.579282143395794, 51.26107160687682], [11.575078227635089, 51.26150026838946], [11.564209218722741, 51.259460940942304], [11.559644349057738, 51.260827623422834], [11.550178813444223, 51.25996105687846], [11.550552941592926, 51.2576370212615], [11.539206231911207, 51.252809788438256], [11.539458924829432, 51.251006021505916], [11.53245457868304, 51.25087102504932], [11.523310642779796, 51.26319180421047], [11.527857845374447, 51.26395644658754], [11.531111422182041, 51.268459820382894], [11.524987517444217, 51.274616312125715], [11.518356110495455, 51.27628869500006], [11.522002010670015, 51.281388077919445], [11.52058264903371, 51.281995693863614], [11.521516407187079, 51.28473910379079], [11.526968257395525, 51.28637219975707], [11.53021521595022, 51.283616145602316], [11.540633923752699, 51.28150783101369], [11.542480552787536, 51.27865119521193], [11.549882615046524, 51.274671664901135], [11.553844794737772, 51.274789809976006], [11.560761059369444, 51.2777027803344], [11.56066287432204, 51.280871750299916], [11.564908658599842, 51.280967572321735], [11.568125765383767, 51.284300146981], [11.56743767197373, 51.28785058637222], [11.572804696973174, 51.28992320694758], [11.567452367752391, 51.29380726504762], [11.566716429537387, 51.29730635538933], [11.572929344461931, 51.29819528454275], [11.578582136002336, 51.30099547437063], [11.581246966848527, 51.30079078362515], [11.582084412149916, 51.30636021363794], [11.59752241619862, 51.30240764372332], [11.605468788911848, 51.31561012488267], [11.613600973574929, 51.31653354935683], [11.614510985889574, 51.32021311213777], [11.61652739649068, 51.320317945319516], [11.619535014871067, 51.31592915148457], [11.623183997888415, 51.31991611356865], [11.630851206527666, 51.31736748944815], [11.630023675260857, 51.31598290305584], [11.635214069444043, 51.31418204960395], [11.62948266095784, 51.30597685530293], [11.637700432195661, 51.30312342745129], [11.63728811611731, 51.30157078501071], [11.63961483389153, 51.300378209671905], [11.640372919725653, 51.301169787096505], [11.643038167839585, 51.29881144121833], [11.639293060064542, 51.29115406176737], [11.645629317290494, 51.29413649877633], [11.646538343406514, 51.29591736412547], [11.649679816116516, 51.29610828962852], [11.65002249995278, 51.29222852133278], [11.651523183230141, 51.29109485303793], [11.653771020959507, 51.292122893140615], [11.655364098217268, 51.29027499450258], [11.658572120814519, 51.29016674046763], [11.662903394637757, 51.286110465194746], [11.661250988662875, 51.28416661947641], [11.663361690222112, 51.28305132395339], [11.667855797069823, 51.285646716964706], [11.66779369211711, 51.29023214653566], [11.675233218497072, 51.29243787791818], [11.677485872263603, 51.29130552933484], [11.66964167106304, 51.287792357203905], [11.671233219455758, 51.28567678634803], [11.669998314700637, 51.28530526423851], [11.670592339492254, 51.28020125357988], [11.67264371850452, 51.280813881256464], [11.676216612422529, 51.279212614216995], [11.677377693216643, 51.276355459705066], [11.688208606790393, 51.276945966115925], [11.689511781655744, 51.27470370877814], [11.692030585513091, 51.27522796012514], [11.701119791158332, 51.26694719985615], [11.710744086182919, 51.271478633111], [11.752141468601549, 51.28108289150267], [11.759936194520252, 51.28383554936358], [11.764313846899762, 51.28106142452424], [11.762344437552729, 51.27925485967452], [11.763615979940822, 51.27969671646731], [11.765390409979117, 51.278315291505706], [11.766996944808183, 51.273955984630994], [11.770613019187762, 51.27524206409679], [11.777566775517442, 51.27010476504289], [11.778512406819043, 51.270766093251], [11.780841935065876, 51.269197697568636], [11.782586739424088, 51.2704534254336], [11.786160258535883, 51.267428453985204], [11.78433165354269, 51.26011730394596], [11.791182480411505, 51.25641958740084], [11.784546754262678, 51.25274809756008], [11.786787083014179, 51.25026845715047], [11.786278445032098, 51.247477379521136], [11.789292665034148, 51.24829717240831], [11.794119172810852, 51.247378040018354], [11.799885809765971, 51.2504414068307], [11.80225803615959, 51.24623461320632], [11.809029823425643, 51.24648959495065], [11.809434076329396, 51.24536981192787], [11.817886065874989, 51.2479744358445], [11.819280976163439, 51.249410637395975], [11.822794761724838, 51.24658175137967], [11.822980803248573, 51.24032618235006], [11.825377767154459, 51.237734021497445], [11.838276995154725, 51.24715343684342], [11.848512931356666, 51.23595832346908], [11.8586598232019, 51.23663214372206], [11.8586496236881, 51.23824122428411], [11.86286118158087, 51.23710323137375], [11.869867335808076, 51.23890825013118], [11.872636718569408, 51.230820229469316], [11.88084949440698, 51.232491855416775], [11.881073329453175, 51.21987339698769], [11.89005274991382, 51.219471524756734], [11.889062433654095, 51.214269274833036], [11.894120285320646, 51.203741365780076], [11.887344265069494, 51.20222248528883], [11.891700055546172, 51.187578748154756], [11.887710740171785, 51.1884292445347], [11.88330145259015, 51.18717221297358], [11.88410346783387, 51.18506579191241], [11.887100879744755, 51.185187281990125], [11.891553085702762, 51.175466164697944], [11.90272711701045, 51.17274702399129], [11.902320641653871, 51.16766710667079], [11.905394311644914, 51.16335360995166], [11.917133275832063, 51.16350140416749], [11.918167606728321, 51.1607401675453], [11.907712670369692, 51.158227732360565], [11.899882194067128, 51.14892123113], [11.891339923186246, 51.14807515079286], [11.886163010349907, 51.1461938249773], [11.882155574450303, 51.14108656063978], [11.893767917716627, 51.14210732884995], [11.89315833011179, 51.13755017029805], [11.890937140796408, 51.136989585458416], [11.892567191882186, 51.135528974302545], [11.890621097597586, 51.134310610534946], [11.899706513398753, 51.132818015569406], [11.900435707753951, 51.13365677766731], [11.913366019934154, 51.132759723981714], [11.913682118312991, 51.128596207982284], [11.911472249544218, 51.12854672686481], [11.909801584023313, 51.125619750908264], [11.906608654637488, 51.12415726186799], [11.90968623694756, 51.120770169264425], [11.920372618379544, 51.12280589873572], [11.928223244879876, 51.12272623337641], [11.927648528198041, 51.12701159229041], [11.947054116662125, 51.12959740167273], [11.947701919047384, 51.12471536059998], [11.949617274778346, 51.12565558760984], [11.951766829818272, 51.12380710380965], [11.950993072301387, 51.10873722546193], [11.960613884799178, 51.09853612213323], [11.96227914485366, 51.09977826029172], [11.966459916868592, 51.096831744152226], [11.968638327930647, 51.09732419967733], [11.984285888800017, 51.10619025323538], [11.988047320555674, 51.09935003975776], [11.986693088573755, 51.098318512534135], [11.988512988179895, 51.09581579260126], [11.987243006263666, 51.09516725990046], [11.992154647742074, 51.089246218060204], [11.992396292204738, 51.08684038655512], [11.997473648990566, 51.08822284312024], [11.998281869389443, 51.08705839712821], [12.000803238853408, 51.08853195349972], [12.002778817867261, 51.086121893818266], [12.011263072102317, 51.087643801597004], [12.022159709619748, 51.07485076941077], [12.02752648125126, 51.06369038686155], [12.012344755410789, 51.05496591872048], [12.00315741527109, 51.053685514627254], [12.004099575796465, 51.04783557380907], [11.995245086352737, 51.047218894451845], [11.986516019539799, 51.049067827039636], [11.966853344765683, 51.047436959905816], [11.9642591692434, 51.0441727910231], [11.967502176458986, 51.04289914614769], [11.969966554329542, 51.035083840979226], [11.954514502663486, 51.03388275333558], [11.95055526439639, 51.02735065354682], [11.943106771657169, 51.03254971532367], [11.936925883539667, 51.02961190054657], [11.933589399921614, 51.03066245809296], [11.927662705900559, 51.0275165562586], [11.921411013322952, 51.02632399754866], [11.911834025429737, 51.028345738826424], [11.911180949365226, 51.0295001450313], [11.914645127959822, 51.03146122935429], [11.91303508439836, 51.03604696675671], [11.915562978439018, 51.037522450185456], [11.910243248101493, 51.04098990769246], [11.910896774896774, 51.04474678275975], [11.908236003881596, 51.04557889833488], [11.905378350482046, 51.044389221499124], [11.903556171019245, 51.04640171458331], [11.904947613104337, 51.04465871897799], [11.903576859896603, 51.044114350744785], [11.899065126912864, 51.04587960438824], [11.897249999088405, 51.04500492892291], [11.894424910428548, 51.04865132753528], [11.896587041709715, 51.050506692290746], [11.890561463880198, 51.05331710417127], [11.88983548714244, 51.05531959562167], [11.886494827975703, 51.056422489753224], [11.884830230198492, 51.055623504209365], [11.87822528267423, 51.05655291216653], [11.877983992098104, 51.05745554885219], [11.871748228635607, 51.05610799483363], [11.86784088665457, 51.05429252647369], [11.86887896107453, 51.052533287849364], [11.864676463598636, 51.052413735033625], [11.863119652713493, 51.05117672269379], [11.86006972628745, 51.054609648945856], [11.852197902972154, 51.05178675480415], [11.847426627942387, 51.05296357096823], [11.831081588915966, 51.051795578130815], [11.813886778756432, 51.04706742006512], [11.804550828535938, 51.04601618247256], [11.803282475795136, 51.0485225093097], [11.798790373574025, 51.0482453645401], [11.797581039385737, 51.050418308082946], [11.79203989163369, 51.049998095815084], [11.78992840348821, 51.05113106097002], [11.786702515143, 51.05015345376316], [11.786859269034256, 51.05263979152791], [11.7743024983014, 51.05314831151846], [11.770642468881721, 51.0494042937537], [11.772132933085741, 51.04509476862919], [11.766240699673206, 51.04311408793891], [11.759726964061493, 51.04284976251883], [11.760029208637388, 51.04774990010597], [11.752047075405816, 51.048596216464695], [11.751464494485921, 51.051792858996805], [11.746228194879736, 51.0518793102216], [11.745525682536057, 51.05400442558541], [11.748484535269595, 51.05398286633931], [11.753488324524485, 51.05710683932692], [11.75254395007676, 51.05824721540079], [11.739798654359472, 51.062747335448215], [11.737549752205402, 51.0623038343773], [11.73234531810726, 51.06841273159994], [11.730670866227456, 51.06778611111994], [11.729362170914674, 51.06903158883313], [11.723614532102586, 51.06808487077881], [11.720830318945097, 51.0708913748973], [11.713016943066442, 51.07036766236066], [11.708902899493138, 51.068003052159696], [11.70082698924634, 51.069414294216315], [11.701981692992637, 51.07371519931025], [11.699543213040041, 51.07653108207974], [11.701432643010753, 51.07843524980244], [11.697195989340589, 51.08432135331284], [11.69875130537294, 51.08537160740802], [11.701637504444587, 51.08491211170038], [11.701392707633804, 51.08596023154989], [11.699297472877438, 51.08579702019972], [11.699017622631862, 51.08780376496265], [11.696312293294786, 51.08745788337805], [11.695222597612823, 51.08965752725315], [11.697095771080848, 51.091214593896105], [11.69366191273864, 51.09292360795496], [11.694561902298869, 51.094475984523825], [11.69196520430752, 51.09589274400983], [11.691473256014998, 51.09746119530047], [11.693407115490368, 51.09745926541596], [11.69244151855312, 51.099811800319394], [11.68888539955773, 51.100656419270855], [11.689192943534259, 51.09864574108003], [11.67525374580288, 51.10419921767616], [11.67123501425517, 51.10250837815428], [11.665831895100288, 51.108156849742024], [11.66865319653274, 51.10939492863784], [11.667970191803501, 51.1102721875379], [11.662212499703939, 51.10938138279703], [11.662554628742802, 51.111139454463604], [11.651762857441645, 51.109422368610765]]]}}, {"type": "Feature", "properties": {"wkr": 41, "wkr_name": "Zeitz"}, "geometry": {"type": "Polygon", "coordinates": [[[11.95055526439639, 51.02735065354682], [11.954514502663486, 51.03388275333558], [11.969966554329542, 51.035083840979226], [11.967502176458986, 51.04289914614769], [11.9642591692434, 51.0441727910231], [11.966853344765683, 51.047436959905816], [11.986516019539799, 51.049067827039636], [11.995245086352737, 51.047218894451845], [12.004099575796465, 51.04783557380907], [12.00315741527109, 51.053685514627254], [12.012344755410789, 51.05496591872048], [12.02752648125126, 51.06369038686155], [12.022159709619748, 51.07485076941077], [12.011263072102317, 51.087643801597004], [12.014042872109583, 51.08946293275407], [12.017370853247176, 51.09058015867746], [12.025277679477904, 51.0902809816036], [12.026521865000579, 51.09127197134444], [12.026457867827046, 51.089730557485396], [12.030898647667923, 51.08877849646988], [12.032743164606703, 51.08577733539898], [12.037549594291864, 51.085417400824205], [12.036762386317307, 51.08406865957413], [12.039652236072794, 51.08185127449683], [12.045934817241003, 51.082235991449934], [12.045876112006363, 51.08405515317678], [12.049637080606105, 51.08751189805382], [12.055483769573636, 51.087424272678405], [12.057946622877033, 51.09266888988236], [12.06089588047325, 51.093489515807605], [12.061997617930945, 51.092661155997234], [12.07666422292324, 51.092878001301514], [12.075342098671836, 51.09537847683441], [12.084050910350156, 51.09714560563766], [12.083706566515962, 51.09946287782844], [12.096806176860381, 51.10213185431023], [12.102978766132573, 51.10566950958039], [12.100638822391279, 51.12356435655996], [12.107889225243708, 51.12512758128035], [12.106074008054684, 51.13411237758609], [12.09306132643149, 51.13319625305744], [12.073527183271299, 51.13575865997191], [12.074268754501562, 51.130905183989846], [12.064983458660466, 51.12933022092903], [12.068443225717422, 51.122442808427635], [12.06607783175702, 51.12405815481003], [12.053490784846396, 51.121439940822604], [12.051211766821659, 51.125122842315584], [12.056737006711144, 51.12720824928986], [12.055880843929405, 51.12955662381401], [12.044340012810986, 51.13841324857672], [12.041254030431103, 51.14274079926566], [12.044186783146218, 51.14771089738744], [12.047879277059634, 51.14787655039017], [12.047811717520029, 51.149818480345616], [12.056983416006545, 51.150674327342955], [12.058104085168267, 51.15599555790354], [12.056377426667629, 51.158466114446774], [12.05334294667609, 51.15833938197084], [12.055768294193145, 51.16012763568746], [12.049689220752542, 51.15717415030411], [12.04704198065144, 51.15733524339054], [12.04394183790309, 51.16073069164739], [12.040225640103756, 51.15953871205632], [12.035526418947716, 51.164862762915355], [12.016513913720788, 51.1659067893818], [12.015739219279737, 51.16691363820315], [12.025220965719145, 51.17181943139897], [12.023483756978976, 51.176659768520395], [12.027866236661087, 51.17732289940649], [12.02630739252045, 51.18055124676368], [12.035378291035878, 51.18228729593788], [12.034816947977761, 51.18559628283448], [12.04079820163361, 51.186423247258496], [12.040134866302258, 51.18903974277882], [12.050738130751045, 51.1926714567607], [12.048217980912845, 51.1978086713347], [12.083089603793995, 51.20488981134476], [12.095716464182908, 51.20532170524576], [12.093195443296654, 51.19626626274266], [12.096819637841325, 51.19206737125409], [12.102779975536729, 51.19323878855918], [12.105189657808198, 51.18868804987079], [12.09683747971619, 51.18683560877346], [12.10182230359987, 51.17684054738236], [12.11103389466033, 51.17839146757641], [12.112270685021723, 51.17651863094483], [12.114743224966338, 51.17698602009137], [12.11372002863817, 51.178538429580634], [12.117261642659555, 51.17936165936175], [12.119867181383142, 51.17365909519379], [12.140577494085798, 51.18001679091379], [12.136303194797563, 51.18200475790607], [12.138274115205423, 51.1826442730289], [12.146311880448494, 51.18361576084279], [12.146674718020916, 51.18474128710447], [12.153914938346446, 51.18628803070518], [12.16817827357051, 51.187214721032426], [12.168298576525919, 51.18990048573881], [12.157876680454022, 51.19130728121721], [12.158350714661635, 51.19877694157408], [12.165705993404938, 51.19779466069186], [12.165920323025421, 51.19563826215333], [12.169598224581176, 51.193635837740715], [12.179027702049524, 51.194050677880966], [12.180615004979225, 51.190030149036076], [12.173650637416387, 51.190110153720504], [12.174866347806594, 51.1811847409916], [12.190104516014829, 51.18503952695584], [12.213263087370954, 51.1834996463882], [12.212136109848123, 51.17905638949802], [12.208389007771048, 51.17611669813804], [12.2118085589215, 51.17523499900374], [12.211497831196017, 51.17224023955796], [12.206382606912923, 51.17095368352648], [12.202397241466398, 51.16576531784073], [12.202001080055483, 51.16154603395162], [12.19739899024594, 51.15957939677876], [12.197988007049295, 51.148661725104056], [12.196361564389592, 51.14180618455191], [12.230150937994974, 51.136549114300365], [12.230378611000242, 51.13521791610768], [12.232220676874451, 51.13543812574681], [12.241649136855132, 51.130467429697745], [12.237348690389492, 51.12760884442942], [12.2388413199128, 51.12619456716624], [12.236664596344314, 51.12404684956227], [12.23320157514626, 51.12305718350696], [12.231285799680085, 51.124008040069725], [12.22817238693344, 51.12004679573422], [12.225033992339958, 51.12056801476639], [12.226106513456692, 51.12217418504437], [12.222304330940828, 51.12338384506141], [12.220505067439657, 51.12281434671492], [12.220353480490797, 51.12095021500125], [12.223153645781355, 51.1208532744992], [12.222114488532927, 51.1190672588063], [12.22453066054916, 51.11948544074746], [12.223468089684786, 51.11565667596958], [12.224800620829255, 51.11458712613347], [12.22224039679811, 51.11173222129868], [12.223938926260702, 51.11084812433196], [12.221377649956041, 51.109726965259235], [12.22637431030794, 51.10791437408074], [12.227950025605686, 51.10540990215475], [12.232986188512127, 51.10401154102017], [12.231822825693522, 51.10296462388439], [12.238410091651586, 51.102138480271655], [12.238542650719948, 51.103001311660755], [12.24124544471085, 51.10289147720066], [12.241122377705503, 51.101779815605276], [12.243752573240817, 51.10173890739212], [12.243985982111306, 51.10013069733718], [12.252514126734605, 51.099465378046666], [12.253117139385523, 51.097289659734464], [12.261235189408799, 51.09790783518476], [12.261756651046161, 51.10009124294597], [12.278524346358127, 51.099289253851914], [12.278559687378529, 51.0950258809765], [12.280317535554767, 51.09590275934776], [12.283161502005749, 51.092546078984086], [12.282812850947884, 51.090264336773764], [12.284697470388714, 51.09052670245148], [12.28516361679456, 51.08865897560875], [12.288286490711515, 51.08825355024779], [12.27809484228446, 51.081750115135065], [12.273224031598582, 51.07492500808312], [12.266100542233456, 51.077980037347075], [12.269339448688935, 51.07174086452908], [12.267022270408962, 51.07162355663908], [12.266850544987406, 51.06936528208062], [12.261520147775245, 51.06830673239298], [12.258381028859336, 51.066240495809716], [12.260531415965133, 51.062100491843694], [12.259659279153292, 51.057455387323756], [12.26077349247101, 51.05598985978156], [12.26204009433333, 51.056462635199146], [12.262971297367882, 51.054008018553084], [12.260495030120854, 51.05365719502472], [12.262226871050391, 51.04954610489898], [12.256357337094698, 51.049291034951544], [12.25694403976624, 51.045360021957485], [12.25064558187824, 51.044565662224], [12.251860620685184, 51.03853454963827], [12.250599814625476, 51.03826624383538], [12.252851275099575, 51.03730362779132], [12.253245923187185, 51.039005279180934], [12.25574265522917, 51.03899891792228], [12.255524256820886, 51.03764093417378], [12.264837986844366, 51.037566062272646], [12.273213982516195, 51.040781481091116], [12.28115766468765, 51.0404900408709], [12.282717384030331, 51.03768285905579], [12.286636860813573, 51.038239061409726], [12.289404198880547, 51.0305145492884], [12.294131820206234, 51.03144595385234], [12.29450197298527, 51.03031574128071], [12.294609592492382, 51.02522526464886], [12.291728873795934, 51.02409267236067], [12.29342368924366, 51.02210434492904], [12.291802975327355, 51.0187360643758], [12.28757677417554, 51.016443550791664], [12.287301060344594, 51.01379339779733], [12.281827409905508, 51.010713793299836], [12.284896504641033, 51.00742773812645], [12.28087934076462, 51.00778882494226], [12.275803567241566, 51.004449394269955], [12.265072271718173, 50.99149309751805], [12.239807379114929, 50.97510609354603], [12.23617285366451, 50.96447367851875], [12.232442645351874, 50.961356590721834], [12.234395369798811, 50.9608566598627], [12.239426931484164, 50.9626211593594], [12.241565381749785, 50.96126443478635], [12.242022106690277, 50.95638678024242], [12.238458685888359, 50.95157507880679], [12.229212093377777, 50.9467603222134], [12.225763884942733, 50.94254532873408], [12.214350026349912, 50.937878378293064], [12.214053592621351, 50.94367506149699], [12.21041738458117, 50.94377059027954], [12.212010034571051, 50.9476273795297], [12.210473082986077, 50.94964005404249], [12.215353039441174, 50.95327388300537], [12.213169849799975, 50.95966999636339], [12.201630322340499, 50.95618868554334], [12.198338963463074, 50.9570019173515], [12.182404810158111, 50.97597427675096], [12.17488884784853, 50.97325504413865], [12.162306086396361, 50.96595791079926], [12.166089361587458, 50.959053366856395], [12.163549705127206, 50.95858873285031], [12.158495105707436, 50.9631506712855], [12.1515973819065, 50.964233380687084], [12.134824109989953, 50.96024688960384], [12.131926013031462, 50.960520089624545], [12.132719736939643, 50.96565454803515], [12.127453254982926, 50.96578897572476], [12.116147608033248, 50.96880251792735], [12.105873717548297, 50.97327792112014], [12.094607054805191, 50.97461824560404], [12.091181005906583, 50.976611537527376], [12.07336608610414, 50.97411649647668], [12.055232018596264, 50.96843435217694], [12.046692933070595, 50.96940356220593], [12.037847045083884, 50.97277464063435], [12.031348876309448, 50.97192004854449], [12.02323563510958, 50.96904526099759], [12.018862322367664, 50.96980944771893], [12.014077712464351, 50.968523850144315], [12.01394325607832, 50.96999550583125], [12.010931545800007, 50.97004473054099], [12.010592639257323, 50.97304569695319], [12.010906745857987, 50.974678481450084], [12.017236861856462, 50.9765294597028], [12.015069889499904, 50.983805473981], [12.008665874708324, 50.98400922693441], [12.00683409882293, 50.98597904083366], [12.007876559104195, 50.98970016411549], [12.00642460858604, 50.99106092730411], [11.999326987172214, 50.98846026722211], [11.996819278959407, 50.9930708745024], [11.97426022428191, 50.99023695255673], [11.972895533890272, 50.9943820832609], [11.969835460596148, 50.99456054195221], [11.968676187866684, 50.999115419856466], [11.976389826182505, 51.00013764336122], [11.977980295342029, 51.001924418672644], [11.97869612531424, 51.00409158542859], [11.975354067769262, 51.00677151492307], [11.974790182292923, 51.00983348373476], [11.976441091723302, 51.012303260093866], [11.980378464961818, 51.01259292307115], [11.980130699408756, 51.01375636621289], [11.971905268533698, 51.01842540096361], [11.969318644428187, 51.01754206400158], [11.968202076211677, 51.01982999650936], [11.967907935436118, 51.01892718180279], [11.964794850137425, 51.01919436204108], [11.96313581697098, 51.021945405900745], [11.962689901102689, 51.020797090235995], [11.95924681567677, 51.02053414562574], [11.955026832114461, 51.023243720465835], [11.954207815499563, 51.025708735201825], [11.95055526439639, 51.02735065354682]]]}}, {"type": "Feature", "properties": {"wkr": 2, "wkr_name": "Gardelegen-Klötze"}, "geometry": {"type": "Polygon", "coordinates": [[[11.056236096011268, 52.25876086419702], [11.05068614561457, 52.26459576085635], [11.053213675428324, 52.26649031384333], [11.042412381891234, 52.27216650625822], [11.036313947616762, 52.27227807493671], [11.0288441303322, 52.270176068893], [11.022613399810009, 52.279789280385366], [11.011632353050336, 52.28804833023392], [11.011808167720877, 52.290698486255636], [11.02229351276688, 52.296811345080634], [11.032007256689964, 52.298813413617644], [11.03772452287428, 52.301966897698], [11.035391789950214, 52.303988324449676], [11.037463022797501, 52.306225489175134], [11.036027060540698, 52.31025615722723], [11.033131830930934, 52.309695763116174], [11.032610064126258, 52.31209821174198], [11.020149556887255, 52.319218620035635], [11.019853630645533, 52.32101378484198], [11.012330799415336, 52.32595951648299], [11.0125713309018, 52.32796060182885], [11.00916641597129, 52.32819014153444], [11.008752650792339, 52.32677709691331], [11.006574144261025, 52.32722415968921], [11.005690837163078, 52.32898978684657], [11.001100642228971, 52.327453257383276], [10.999840824101936, 52.32983747227824], [11.004772783688942, 52.33072857114882], [11.001825886723964, 52.33629540687371], [10.995458509303258, 52.335674638223146], [10.994218604400395, 52.33661445407035], [10.987926543540357, 52.33497143727741], [10.983500080477524, 52.34172442854549], [10.992152390355203, 52.34433750085788], [10.994008974134358, 52.34200040381922], [10.996125937750545, 52.34207812326275], [11.00040000087249, 52.34310902145961], [11.002858139289442, 52.34513026874045], [11.004694785145782, 52.34380491861312], [11.00702785004816, 52.34576624945806], [11.008358936450746, 52.34499217775659], [11.023047988420766, 52.3473632584865], [11.023697412595224, 52.34432916479066], [11.030289382924394, 52.34574555517707], [11.032820156767011, 52.344097609550396], [11.036896005349494, 52.34403836234465], [11.04032351511294, 52.347234352711915], [11.044119437237427, 52.34709418032994], [11.044009092561332, 52.34933911256288], [11.054390644665911, 52.349055333423564], [11.058217893336478, 52.35047794349546], [11.061631149712118, 52.35756958011849], [11.063670759196192, 52.35424131601435], [11.068731026569127, 52.35538712193232], [11.069596388354396, 52.358635213434695], [11.06697895896022, 52.36981991737607], [11.07469727842014, 52.37278547991899], [11.073966576638542, 52.37446054847129], [11.069041871833749, 52.37441974929818], [11.06893272230639, 52.37650984319712], [11.065782756834423, 52.373478052163264], [11.063560907321005, 52.37495467948865], [11.0651436460625, 52.376896603353735], [11.059728727899994, 52.38110068229206], [11.054525144388823, 52.381390438830564], [11.046939226478857, 52.387845424446084], [11.039037650498214, 52.388891110897156], [11.041903487270208, 52.3862741899861], [11.036185173777804, 52.38523819046837], [11.034179678660593, 52.38864771761424], [11.025795120744062, 52.390622756521296], [11.021885771136521, 52.39345702255928], [11.018370587378746, 52.38840366943871], [11.015009462547415, 52.387844016797665], [11.019039254665657, 52.39210917874388], [11.016524346529406, 52.394833018862606], [11.018639467364165, 52.39714843546722], [11.008303912034068, 52.40455839712588], [11.004607864051055, 52.409482350077404], [10.991880999538969, 52.413460377161904], [10.994721551375063, 52.41507432105049], [10.989370569813595, 52.41861057564232], [10.986445352713702, 52.422628077046895], [10.972911142955175, 52.43072479271366], [10.965822307724995, 52.43249132694405], [10.96168233222331, 52.43515670456999], [10.956573410377882, 52.44463708027838], [10.948830010589129, 52.449051089871695], [10.947825593679166, 52.453842540165944], [10.933684214672192, 52.460364164506146], [10.934522129885249, 52.47645269558575], [10.941528033909245, 52.47636983751405], [10.943339341739021, 52.47939191288489], [10.94155759922153, 52.48391020750123], [10.944247331040707, 52.48664405227502], [10.943416938230838, 52.492325553984934], [10.949659304248158, 52.495887492562076], [10.950578149796383, 52.49522606807151], [10.959146582783797, 52.49750674218764], [10.959493142943053, 52.49671211883578], [10.975210432633117, 52.50128903136297], [10.981868468837492, 52.49702301956301], [11.007082958497437, 52.495734134019166], [11.008980479703164, 52.49653922140437], [10.958280823659255, 52.534476065162146], [10.94644919516178, 52.54729388079756], [10.941851187660673, 52.55359097355512], [10.942880972080033, 52.56056241696919], [10.937269532150792, 52.56750893280532], [10.941620346093668, 52.571191991204884], [10.940037403335792, 52.57576552840283], [10.941796877143267, 52.57974109935172], [10.94752081581223, 52.58245383570794], [10.939760740810906, 52.589561726938925], [10.95417200241165, 52.59338367807042], [10.955127623164334, 52.5953062262096], [10.957598570721565, 52.595583424283845], [10.959541342616188, 52.599831831556095], [10.971746967796598, 52.60331434229869], [10.975671084959773, 52.60679598901132], [10.974300416335126, 52.609719124379694], [10.976491938574016, 52.612658142489565], [10.976937324130427, 52.624063906764206], [10.993769515641324, 52.62890599189463], [11.0029637744576, 52.62690714015734], [11.00308636016788, 52.62286122276237], [11.010797014489595, 52.62039473405437], [11.031337649913704, 52.6255459867045], [11.034246896327797, 52.6298004370368], [11.032647659787441, 52.63813125185478], [11.032157497445645, 52.63927674335799], [11.024113004375234, 52.64096652408846], [11.023799172260851, 52.645714976762875], [11.025661149999275, 52.64921782785874], [11.037156281347775, 52.648768821789844], [11.038011107445373, 52.652562272819495], [11.047813078068486, 52.656029192969115], [11.046192641153974, 52.65776387379294], [11.047431096252451, 52.65911416459049], [11.062682138063487, 52.659160189613495], [11.070732112051079, 52.66263531572297], [11.070008739351582, 52.65204540835713], [11.072532969479424, 52.65270518288389], [11.077446792871006, 52.65581168649425], [11.078640993572387, 52.65943777429299], [11.080621483387759, 52.66037621472769], [11.077442926666675, 52.66443695112671], [11.07946797455487, 52.66623293388154], [11.07850545058786, 52.668440426524576], [11.082043655682478, 52.67179861019086], [11.088734495282678, 52.669747621084774], [11.091487538513054, 52.66649845498069], [11.091533126000602, 52.66404789958116], [11.094728142020108, 52.661438466056914], [11.092741618610049, 52.653585698477286], [11.099048724640639, 52.650411011603445], [11.116470472992754, 52.64668766954338], [11.121261163301158, 52.65295199275727], [11.127725827266762, 52.65036566439359], [11.141109296059721, 52.64805857611264], [11.150307577384522, 52.65486603283775], [11.132688027700004, 52.65478258102996], [11.128552407305074, 52.65807302693631], [11.122804262355032, 52.65971235987978], [11.124502787056008, 52.662563896885885], [11.136918024226254, 52.66243670114702], [11.136807544171043, 52.66392047785218], [11.141581686869388, 52.66395057834378], [11.142495942121116, 52.65998163833595], [11.14962152044137, 52.66037011185743], [11.145837678131537, 52.67020783331179], [11.147481480038822, 52.67271818036537], [11.162966143414065, 52.67963877799016], [11.167138532268579, 52.695777128039126], [11.172564012537752, 52.69539794691246], [11.171188637711891, 52.692127345583486], [11.181663015584148, 52.687097881160064], [11.206372315293276, 52.68624680676708], [11.213141060986898, 52.6972777451328], [11.22858570820119, 52.6959757367106], [11.235442711253208, 52.69716204528403], [11.240019476022594, 52.71057996468423], [11.23990763429269, 52.72084395037195], [11.272704881287224, 52.72334905161158], [11.271879518497757, 52.731536055371116], [11.276102769898632, 52.74877333637614], [11.274571270293873, 52.74896224634036], [11.27394593182127, 52.75187169824155], [11.269871001180794, 52.752367806488664], [11.269983211318593, 52.75357503235625], [11.25806432593937, 52.74859021570887], [11.237797994927023, 52.748039058764704], [11.23863996000027, 52.761768243722514], [11.240867147738802, 52.76445837642387], [11.245528854865366, 52.76512351967052], [11.24501788934808, 52.76765030457515], [11.259170738634415, 52.76619124685204], [11.27814279747723, 52.76048023462964], [11.282143662540403, 52.763706531848854], [11.284540660234034, 52.77066580641326], [11.29737255999331, 52.76979793936452], [11.298034044987093, 52.771993662362036], [11.31463914433422, 52.76799368647102], [11.33026276502866, 52.76864100334595], [11.330577830203527, 52.77178699766477], [11.33382808889329, 52.771509013222435], [11.334673403697105, 52.76606751943456], [11.3422293695418, 52.75524820601588], [11.344707994967413, 52.74801934457455], [11.362083004955027, 52.74470716167531], [11.375957847751456, 52.73559733099], [11.397261897079499, 52.745101637190245], [11.42789828944079, 52.76450500602049], [11.429617534823002, 52.76602032577968], [11.421925712337252, 52.77196702075102], [11.431050809594275, 52.77530319570561], [11.44047411996462, 52.77373180232507], [11.45505914928481, 52.774334813707135], [11.459504146190007, 52.77287464415655], [11.486300579139158, 52.77551560323277], [11.493633484615192, 52.77738382566713], [11.50017340547811, 52.774469133629566], [11.506614331885146, 52.773846835435535], [11.506598743466201, 52.77214707221012], [11.51078837863775, 52.76900383951698], [11.521170097241543, 52.77100652606434], [11.527078590418427, 52.76984576729538], [11.533711236034163, 52.77014239534882], [11.542328977630744, 52.772901421110376], [11.551718111038163, 52.769338261723775], [11.553826916758574, 52.76741584628861], [11.562721202071627, 52.766652538713004], [11.56263444875977, 52.76416504138989], [11.557058795786915, 52.76027735353349], [11.554545026242376, 52.756235560664706], [11.543441064878612, 52.75185340028529], [11.539880271880127, 52.748437712333114], [11.528124040579083, 52.746781670498784], [11.528526401715379, 52.7454876956774], [11.522745869949935, 52.74243196874643], [11.521451998630669, 52.73762956430082], [11.523961448605654, 52.73464183383306], [11.523164749117736, 52.733600233092865], [11.521419031473545, 52.73388179623015], [11.520573921799494, 52.725224621659926], [11.523579022126135, 52.72088675567775], [11.521772206947729, 52.716357453116174], [11.523390928982263, 52.712135201004], [11.516910384195189, 52.70333022197245], [11.485342824373436, 52.68766950207234], [11.48313711733132, 52.69093565780355], [11.473989902754136, 52.68735480619595], [11.478409778640932, 52.680802866545754], [11.473410349688168, 52.67433778331629], [11.474451202736365, 52.67244995993051], [11.480825437133085, 52.671732008700886], [11.482959037734856, 52.66952485241793], [11.490905522651309, 52.6519253325608], [11.47950059458652, 52.651223243995666], [11.47423882481366, 52.6494033099004], [11.471420033753118, 52.646490654445714], [11.466764214683408, 52.6459900926804], [11.465045368387448, 52.64388987365173], [11.461706125280886, 52.64305513626923], [11.454720698528087, 52.644532686824626], [11.45698566204898, 52.63901160218016], [11.454467485520146, 52.63839019776868], [11.437086064138798, 52.636902789610595], [11.42167957742747, 52.637080108233974], [11.424514493692552, 52.64197452461967], [11.421047355144976, 52.64149463613881], [11.416437626186825, 52.63679808926944], [11.410335662828299, 52.63853948868328], [11.41643297999454, 52.63679102848897], [11.415284113785685, 52.6347609484108], [11.404419442227422, 52.62905999694204], [11.396908625245635, 52.62248708611886], [11.398379917597726, 52.622164007396286], [11.398341879542254, 52.61991962664419], [11.416469599453274, 52.61837178230562], [11.414583108882434, 52.61639885565191], [11.418603462094266, 52.614237361950785], [11.420697975919875, 52.61078763316624], [11.438925421282466, 52.61089278852191], [11.438526869897121, 52.61505053884683], [11.440127781592567, 52.61549789636378], [11.439966728285695, 52.61241920060824], [11.44851719182925, 52.612441797888096], [11.45235887854178, 52.61138036893757], [11.450938061496702, 52.6069946676328], [11.457340137321614, 52.60499486465314], [11.460539455735539, 52.606698209684524], [11.464576087647862, 52.60459348297395], [11.468138514593967, 52.605120691799755], [11.47115905950027, 52.60918485274348], [11.486416812857245, 52.60690124702863], [11.487071602674567, 52.602121451784726], [11.493190623906182, 52.603477572471306], [11.492460478198602, 52.60737953033119], [11.506809821320312, 52.60802079032077], [11.509786934371816, 52.61080939000144], [11.516243631419306, 52.61179690792232], [11.522884136991827, 52.6158122237431], [11.532836410939323, 52.61515105025456], [11.535794980517464, 52.61585022333719], [11.534687156967662, 52.61693152171691], [11.538294717945377, 52.61737785622016], [11.550919028697622, 52.61605830306091], [11.552008499612308, 52.61456683771008], [11.564231414485242, 52.61374486881011], [11.588983712901374, 52.61675939834498], [11.588834155514666, 52.60555660731054], [11.591044874497385, 52.60581591021151], [11.591211194931939, 52.6036046135176], [11.587754277463931, 52.60386649603278], [11.587196538172323, 52.602693358319115], [11.590303067156123, 52.6005751181575], [11.58805795052467, 52.601309182080946], [11.58916750752509, 52.60053547277182], [11.587570536307213, 52.59915250635685], [11.584850054786534, 52.59896252815426], [11.58068183339436, 52.60218613433945], [11.579539534322457, 52.601441243090484], [11.580655019460217, 52.59839118522395], [11.583838019363808, 52.59753905374449], [11.587083634089527, 52.59400691500655], [11.586655444702863, 52.59142296274298], [11.583294021451978, 52.59084714890319], [11.579758007910675, 52.59185416266548], [11.577336391121364, 52.58939614826646], [11.578823514978428, 52.58862069100099], [11.578208556743874, 52.58677000260576], [11.589239307010455, 52.58505749482138], [11.581516018113561, 52.5684451489076], [11.578866378809606, 52.55616713991732], [11.571258510468288, 52.5472259597863], [11.574377267577471, 52.534336096453224], [11.572138987682264, 52.52880776854261], [11.568692579546253, 52.525440466259354], [11.5759858420281, 52.52147973212139], [11.591220461967344, 52.52012112865707], [11.586381000950224, 52.497013413933544], [11.590666114111798, 52.48785567591602], [11.60532215924223, 52.49373197964691], [11.562819182309088, 52.41025026431265], [11.446574037077996, 52.38671553363701], [11.443395996169798, 52.399857672588645], [11.454920030097469, 52.40077476183637], [11.451350864124603, 52.40791452214501], [11.405347394747501, 52.425372605952205], [11.388898740400741, 52.42193445158234], [11.382082959658733, 52.430635176154496], [11.373731998352975, 52.429804607447295], [11.35483612442118, 52.42480779367039], [11.351175084459905, 52.427516661922176], [11.349229428077804, 52.426569949919454], [11.348542820257697, 52.42257266425119], [11.34427868830065, 52.423792645186154], [11.345115403508904, 52.42595127706485], [11.33936205357364, 52.42787672919901], [11.336814442816026, 52.42450305919855], [11.321553445956772, 52.42455711187753], [11.321569990051728, 52.4307398145412], [11.309989318809864, 52.44034628937103], [11.30638545501817, 52.43994841926994], [11.30742926360833, 52.43914659529506], [11.294746045363363, 52.43826637201578], [11.285751640381937, 52.433577817862215], [11.284535154631314, 52.43017760327504], [11.275947210267466, 52.43014620098362], [11.274194310736465, 52.43301973549059], [11.269403973502621, 52.430783285315535], [11.264564096731544, 52.432332141228976], [11.262743938974996, 52.43089241709395], [11.261452573676117, 52.432907635412526], [11.24367867334079, 52.43739833821942], [11.232532338215682, 52.43638080861558], [11.23231292727593, 52.43484886029833], [11.209848439221334, 52.438235794660535], [11.15643893071636, 52.43397284773523], [11.156839717530863, 52.43238829611285], [11.166960490935718, 52.432869554255106], [11.167736362659973, 52.42502521308983], [11.172063975217034, 52.42484825544152], [11.174997853886634, 52.42041564177106], [11.179805080344975, 52.422383865777704], [11.183019331401065, 52.41920752570937], [11.18702633726736, 52.419632112408394], [11.189328438578542, 52.415090982064605], [11.196016609122891, 52.41592201401768], [11.197000709221461, 52.40786927809222], [11.203036313477194, 52.40719613358965], [11.20269922970262, 52.404606851778794], [11.19901898688777, 52.40484697359941], [11.199295082877002, 52.40315648122192], [11.195960034467198, 52.402662519154234], [11.196951950313258, 52.400082087147005], [11.191715017720371, 52.399254785752234], [11.190462334417447, 52.39491683993558], [11.195657840066668, 52.39496722227757], [11.19575846196929, 52.39286334618004], [11.190951743722765, 52.392475123073545], [11.190481412082498, 52.39075982784042], [11.185068647396273, 52.391379574416156], [11.187271509907868, 52.385673046954196], [11.175316339336744, 52.38579690064643], [11.175919058364547, 52.38404661590284], [11.178981693748355, 52.383254382826706], [11.182318602508804, 52.37774229049026], [11.176131116523603, 52.370943859382145], [11.171513490881757, 52.37106228425904], [11.171641211937558, 52.36848105698718], [11.167789021531016, 52.3681228517018], [11.168354675292914, 52.37033321895545], [11.160096544880897, 52.36868817849771], [11.139984895045934, 52.35951419369266], [11.138987556484878, 52.35805628290901], [11.134129733546647, 52.359102835933285], [11.128878489368251, 52.36307285219912], [11.123972766973191, 52.35882330141132], [11.126108246182532, 52.35573500102062], [11.134101607796643, 52.353370704825544], [11.138837630074606, 52.34547933238016], [11.136032080588143, 52.34470871290215], [11.137892345296903, 52.341988558699136], [11.135550625704845, 52.338627961190284], [11.126928489945389, 52.33834856080345], [11.127281221009484, 52.335818829302916], [11.127683733002753, 52.33440073998656], [11.133782399039179, 52.33591881384691], [11.138120521497537, 52.32900360374542], [11.137828712474498, 52.3273430823863], [11.1343366417852, 52.32733769605396], [11.134340270526753, 52.315925984785515], [11.131018746602507, 52.31515331443103], [11.132368117033995, 52.312975846497544], [11.134522121016325, 52.31250112403551], [11.135921998086186, 52.308924459996675], [11.132299587490548, 52.30826612179218], [11.13601417336484, 52.30824094808137], [11.138519003346744, 52.302753529234344], [11.142754720769029, 52.30263090088896], [11.147303217271674, 52.30433056195509], [11.15473819206356, 52.303744579082256], [11.154793569856027, 52.302436912869965], [11.169572009203682, 52.29755849442156], [11.180902298236473, 52.28213189500112], [11.183120038095224, 52.27586707856449], [11.181962520396526, 52.27242121177978], [11.184055201299726, 52.27064881666349], [11.173966074851371, 52.27012932174841], [11.173652613166718, 52.27137072268748], [11.169652254414617, 52.27115712188342], [11.166521798402844, 52.27066560563672], [11.16406092942979, 52.26865846701468], [11.157384290941321, 52.26846567049222], [11.145715582803659, 52.27085669833338], [11.146486274551851, 52.27406369917783], [11.13441125424812, 52.27120418433695], [11.1214213987413, 52.27335336692629], [11.117349290858547, 52.27508143448407], [11.116623363854888, 52.27351456966878], [11.107425285395873, 52.27049945918024], [11.107667014246028, 52.26670937349086], [11.1043526631704, 52.26518155070632], [11.104822999553162, 52.26181854525087], [11.101508672419813, 52.26179851217972], [11.099944046217898, 52.260030983277574], [11.102265234026753, 52.254008568361854], [11.098762777147599, 52.25275629114269], [11.096546565829708, 52.25457507838318], [11.087332678283826, 52.251744293012536], [11.079696388422981, 52.251479986336136], [11.079452514089386, 52.25955536894822], [11.076133188604743, 52.26016282395616], [11.064614425572941, 52.25702199377817], [11.059739062193023, 52.26191297233239], [11.056236096011268, 52.25876086419702]]]}}]}
