{"type": "FeatureCollection", "features": [{"type": "Feature", "properties": {"wkr": 1, "wkr_name": "Mitte 1"}, "geometry": {"type": "Polygon", "coordinates": [[[13.385370057428684, 52.53520126937872], [13.379709235086388, 52.54034727332246], [13.374561740320724, 52.53727713789532], [13.373220673449733, 52.538031837968234], [13.36860271602503, 52.53585791338598], [13.367751025945614, 52.53658755659806], [13.366612061549468, 52.536045870336146], [13.362564860254931, 52.53781624319514], [13.357463592854591, 52.535960724176], [13.364180057043608, 52.527946346114035], [13.360836118039174, 52.52691296269182], [13.362753126055386, 52.5246252134224], [13.373748132054805, 52.52780091959735], [13.373366473021422, 52.52652581480209], [13.37100326407391, 52.52649826902762], [13.370693533541676, 52.52351047792477], [13.371047354411278, 52.52271054243501], [13.373677838448462, 52.52259667194348], [13.375874577220593, 52.52129200714392], [13.376862205101041, 52.519636080335985], [13.376648899538111, 52.5162081650157], [13.399306106442838, 52.51766652910487], [13.40249982696843, 52.51882648914883], [13.400365090170729, 52.522292125500165], [13.397259526858964, 52.521988695149474], [13.394148249843335, 52.52249665500404], [13.395168009784186, 52.524411884020274], [13.398859149337175, 52.52547406018763], [13.398388418034818, 52.52656268367896], [13.403303495489522, 52.524992624236724], [13.403354687644098, 52.52703328417857], [13.401384923946011, 52.52971783083836], [13.405505972105582, 52.52950542954361], [13.406420078570642, 52.53234686874349], [13.408349442506697, 52.53434634415178], [13.407485638285578, 52.534688032842446], [13.404703633528676, 52.54018387218884], [13.403448421985754, 52.54036265512901], [13.393263093106675, 52.53745386273838], [13.391197806002657, 52.53617189350876], [13.389425865899426, 52.53708498105409], [13.388407026097248, 52.536353231257785], [13.387160162885003, 52.536972644566326], [13.385370057428684, 52.53520126937872]]]}}, {"type": "Feature", "properties": {"wkr": 2, "wkr_name": "Mitte 2"}, "geometry": {"type": "Polygon", "coordinates": [[[13.403568219811024, 52.52981093083598], [13.401384923946011, 52.52971783083836], [13.403354687644098, 52.52703328417857], [13.403303495489522, 52.524992624236724], [13.398388418034818, 52.52656268367896], [13.398859149337175, 52.52547406018763], [13.395168009784186, 52.524411884020274], [13.394148249843335, 52.52249665500404], [13.397259526858964, 52.521988695149474], [13.400365090170729, 52.522292125500165], [13.40249982696843, 52.51882648914883], [13.399306106442838, 52.51766652910487], [13.376648899538111, 52.5162081650157], [13.37737246455072, 52.51563724842135], [13.376374594970386, 52.50900397074455], [13.37893721055915, 52.506928974562946], [13.399228926941849, 52.508075948689125], [13.400228154336633, 52.509379116017165], [13.404436816771234, 52.50777131154199], [13.405284415364202, 52.50820964612471], [13.408028019726732, 52.5061783946949], [13.409969839391149, 52.5069242541018], [13.411523556403646, 52.50488958250602], [13.414072152493766, 52.50403712750306], [13.414905869937018, 52.50491750599219], [13.417600041612657, 52.504167425987205], [13.419429500684338, 52.50564803063093], [13.423036336998868, 52.50497850268935], [13.42719948581412, 52.505665872173125], [13.42939998175775, 52.50857131226239], [13.422780399137874, 52.512234689358294], [13.426751999457935, 52.5179577910635], [13.425925074912659, 52.51839044054656], [13.42691479552431, 52.519741889746825], [13.42839900749789, 52.519584424231454], [13.429179818006464, 52.52122307213164], [13.425567635345214, 52.522792329434466], [13.426500920363589, 52.52328906677491], [13.415428141230851, 52.52746114056243], [13.403568219811024, 52.52981093083598]]]}}, {"type": "Feature", "properties": {"wkr": 3, "wkr_name": "Mitte 3"}, "geometry": {"type": "Polygon", "coordinates": [[[13.339917214368173, 52.52637659489775], [13.317070081070485, 52.5287976659899], [13.314649221163569, 52.52961357565049], [13.314330958197024, 52.53044129532956], [13.313352337997802, 52.53025897665199], [13.316644904561887, 52.52096208000705], [13.317795272028395, 52.5203656856616], [13.318778571206272, 52.52111413260644], [13.318940192395651, 52.52307362108428], [13.320264339103394, 52.524184200685454], [13.325059687441934, 52.52445892932781], [13.329212636746604, 52.52190917580191], [13.329785382961457, 52.517810949838704], [13.332280918056837, 52.51670285242755], [13.334211690629411, 52.51677144261731], [13.336133690338109, 52.514374967794616], [13.335852122128625, 52.513293193602685], [13.330558399095468, 52.51282894207063], [13.334024321347949, 52.51171604059527], [13.33004226494786, 52.51007416606096], [13.33469220136856, 52.50873055620718], [13.33399994301022, 52.50651815086896], [13.335760244682149, 52.50579457817205], [13.338637143149615, 52.505919338528976], [13.339063870859121, 52.505072942831525], [13.341499116933713, 52.5049395436558], [13.362535885821787, 52.49966022569208], [13.369354641991494, 52.498736151421134], [13.373604021820809, 52.50416151623517], [13.3749766193177, 52.50337632180824], [13.377648566320207, 52.50796691388186], [13.376374594970386, 52.50900397074455], [13.37737246455072, 52.51563724842135], [13.376627720865653, 52.516306073463156], [13.376862205101041, 52.519636080335985], [13.375321811464138, 52.52186058182431], [13.373424073603, 52.522659034779224], [13.371047354411278, 52.52271054243501], [13.370693533541676, 52.52351047792477], [13.37100326407391, 52.52649826902762], [13.373366473021422, 52.52652581480209], [13.373748132054805, 52.52780091959735], [13.362891822712129, 52.524464593820106], [13.360836118039174, 52.52691296269182], [13.356381015706365, 52.525540180213206], [13.355364591826996, 52.52670071273551], [13.339917214368173, 52.52637659489775]]]}}, {"type": "Feature", "properties": {"wkr": 4, "wkr_name": "Mitte 4"}, "geometry": {"type": "Polygon", "coordinates": [[[13.349385197612332, 52.542173333302834], [13.361872557784546, 52.544855625045685], [13.351986635141289, 52.55044967391142], [13.334129205417433, 52.54115800037302], [13.327325228912917, 52.541429458235456], [13.327142230365814, 52.53973144137713], [13.329133269982883, 52.53822942401323], [13.311411631286393, 52.535612495423095], [13.313025495395838, 52.53187299274946], [13.317513538680396, 52.53237367074399], [13.316744345607276, 52.53090325834793], [13.314330958197024, 52.53044129532956], [13.314649221163569, 52.52961357565049], [13.31944250925195, 52.52836350929104], [13.339146947618923, 52.5264144123791], [13.355364591826996, 52.52670071273551], [13.356381015706365, 52.525540180213206], [13.364180057043608, 52.527946346114035], [13.357463592854591, 52.535960724176], [13.360797460058535, 52.53786800501253], [13.353928636315528, 52.539677545796486], [13.347957748249812, 52.5387883579465], [13.345020031747556, 52.53907526696594], [13.349385197612332, 52.542173333302834]]]}}, {"type": "Feature", "properties": {"wkr": 5, "wkr_name": "Mitte 5"}, "geometry": {"type": "Polygon", "coordinates": [[[13.359713132218152, 52.56185321477483], [13.349089578435123, 52.56192765262075], [13.337099082071452, 52.56445470825009], [13.331788285941007, 52.56165759597974], [13.326794754557898, 52.56238194546616], [13.324835763600829, 52.56076299377862], [13.317669285842557, 52.55971914716749], [13.30966660741061, 52.55772095887831], [13.301513800209516, 52.54880579501996], [13.317931282965757, 52.548235977248794], [13.32683173865905, 52.541605243415695], [13.328689385018164, 52.541097703290575], [13.334129205417433, 52.54115800037302], [13.351986635141289, 52.55044967391142], [13.355520846639733, 52.54845652393766], [13.359413299526112, 52.5507722035131], [13.362312634884736, 52.55085329724824], [13.362034453748192, 52.55200384545084], [13.366985754473971, 52.55213881672874], [13.36732108726894, 52.551524875572994], [13.371546838337673, 52.55397747707349], [13.3725167905159, 52.55681299945523], [13.377072013519449, 52.55643267002076], [13.377008194386573, 52.560662469249095], [13.370828997072486, 52.560539653145824], [13.366656387797901, 52.558226436889484], [13.365101455840485, 52.55811697378806], [13.364522920229492, 52.561175590427936], [13.360094586808382, 52.56047105472057], [13.359713132218152, 52.56185321477483]]]}}, {"type": "Feature", "properties": {"wkr": 6, "wkr_name": "Mitte 6"}, "geometry": {"type": "Polygon", "coordinates": [[[13.384612002324687, 52.56772543268794], [13.381159392212725, 52.56642158368611], [13.37858280824036, 52.56619155596217], [13.37692743694607, 52.560342381514694], [13.377072013519449, 52.55643267002076], [13.3725167905159, 52.55681299945523], [13.371546838337673, 52.55397747707349], [13.36732108726894, 52.551524875572994], [13.366985754473971, 52.55213881672874], [13.362034453748192, 52.55200384545084], [13.362312634884736, 52.55085329724824], [13.366683002828855, 52.548236217942105], [13.36916898497092, 52.54839172280301], [13.369352670307073, 52.545467017659185], [13.371018285389626, 52.544464136691964], [13.375714702860629, 52.54650063475466], [13.3785856896739, 52.54476689741135], [13.383479097882395, 52.54857024267461], [13.387298491512993, 52.54995385300639], [13.39684449223145, 52.550702459534364], [13.397626540017702, 52.551416601639104], [13.398066026481835, 52.5528049629169], [13.39590311954461, 52.56181959113327], [13.388653329999636, 52.567658132578494], [13.387900127762006, 52.567308841302534], [13.384612002324687, 52.56772543268794]]]}}, {"type": "Feature", "properties": {"wkr": 7, "wkr_name": "Mitte 7"}, "geometry": {"type": "Polygon", "coordinates": [[[13.366027139579248, 52.54861803063992], [13.362312634884736, 52.55085329724824], [13.359413299526112, 52.5507722035131], [13.355520846639733, 52.54845652393766], [13.361872557784546, 52.544855625045685], [13.357766302665258, 52.54358197250805], [13.349385197612332, 52.542173333302834], [13.345020031747556, 52.53907526696594], [13.347957748249812, 52.5387883579465], [13.35454062669069, 52.53962323708847], [13.361393192585796, 52.53757098844681], [13.362753655312664, 52.53779150157327], [13.366612061549468, 52.536045870336146], [13.367751025945614, 52.53658755659806], [13.36860271602503, 52.53585791338598], [13.373220673449733, 52.538031837968234], [13.374561740320724, 52.53727713789532], [13.379709235086388, 52.54034727332246], [13.385370057428684, 52.53520126937872], [13.387160162885003, 52.536972644566326], [13.388407026097248, 52.536353231257785], [13.389425865899426, 52.53708498105409], [13.391197806002657, 52.53617189350876], [13.393263093106675, 52.53745386273838], [13.403448421985754, 52.54036265512901], [13.402025856616875, 52.54012631665687], [13.400244975658586, 52.543363455192704], [13.399207139176669, 52.54653010210357], [13.400304743311503, 52.546645434651644], [13.398897155005368, 52.550884355976905], [13.387298491512993, 52.54995385300639], [13.383479097882395, 52.54857024267461], [13.3785856896739, 52.54476689741135], [13.375714702860629, 52.54650063475466], [13.371018285389626, 52.544464136691964], [13.37022709256394, 52.54465563622464], [13.370501000156104, 52.545207101226445], [13.369352670307073, 52.545467017659185], [13.36916898497092, 52.54839172280301], [13.366027139579248, 52.54861803063992]]]}}, {"type": "Feature", "properties": {"wkr": 8, "wkr_name": "Friedrichshain-Kreuzberg 1"}, "geometry": {"type": "Polygon", "coordinates": [[[13.404436816771234, 52.50777131154199], [13.400228154336633, 52.509379116017165], [13.399228926941849, 52.508075948689125], [13.37893721055915, 52.506928974562946], [13.377648566320207, 52.50796691388186], [13.3749766193177, 52.50337632180824], [13.373604021820809, 52.50416151623517], [13.369527622599968, 52.498868630072955], [13.368212739465909, 52.4933299982691], [13.376460465371617, 52.4915405104415], [13.378072042864538, 52.49189708194416], [13.383512450035196, 52.493694930085354], [13.385315300581771, 52.4989441169687], [13.390880195535647, 52.49784062797613], [13.396419346628536, 52.49839020143579], [13.414057558962922, 52.49851306871468], [13.431299732205803, 52.49930664407278], [13.445154389838082, 52.50113230169596], [13.42939998175775, 52.50857131226239], [13.42719948581412, 52.505665872173125], [13.423036336998868, 52.50497850268935], [13.419429500684338, 52.50564803063093], [13.417600041612657, 52.504167425987205], [13.414905869937018, 52.50491750599219], [13.414072152493766, 52.50403712750306], [13.411523556403646, 52.50488958250602], [13.409969839391149, 52.5069242541018], [13.408028019726732, 52.5061783946949], [13.405284415364202, 52.50820964612471], [13.404436816771234, 52.50777131154199]]]}}, {"type": "Feature", "properties": {"wkr": 9, "wkr_name": "Friedrichshain-Kreuzberg 2"}, "geometry": {"type": "Polygon", "coordinates": [[[13.390017893744941, 52.49788599070689], [13.385315300581771, 52.4989441169687], [13.383512450035196, 52.493694930085354], [13.376417733702977, 52.49154951302034], [13.37539789147989, 52.48943314065374], [13.373532212734098, 52.48797105423985], [13.374017674344012, 52.485169177314994], [13.371568002010623, 52.48494914046407], [13.386266702628943, 52.48486219082935], [13.38628942431519, 52.48582560586098], [13.394250610025292, 52.48577051596596], [13.394246188731739, 52.48409449672912], [13.400226430112385, 52.483904790713055], [13.406393862991772, 52.48276973555799], [13.406864616020744, 52.48548457907695], [13.40852719564232, 52.48714209771745], [13.407885678892798, 52.48885915960484], [13.423678732377486, 52.486356665278215], [13.42540936881783, 52.48808505555005], [13.424007966130192, 52.49033852367509], [13.413962179434817, 52.49325302168276], [13.41519446896635, 52.49540932639306], [13.411597794118244, 52.495640990783585], [13.414156192198996, 52.49851773916947], [13.390017893744941, 52.49788599070689]]]}}, {"type": "Feature", "properties": {"wkr": 10, "wkr_name": "Friedrichshain-Kreuzberg 3"}, "geometry": {"type": "Polygon", "coordinates": [[[13.468572030133933, 52.499649867349135], [13.471293542598472, 52.505000456785034], [13.470307000844924, 52.506200656403195], [13.451828328181742, 52.51072378691626], [13.44822733909598, 52.50448176287494], [13.444750978703032, 52.50075784227776], [13.442336403570673, 52.50101112175929], [13.431299732205803, 52.49930664407278], [13.414156192198996, 52.49851773916947], [13.411597794118244, 52.495640990783585], [13.41519446896635, 52.49540932639306], [13.413962179434817, 52.49325302168276], [13.424007966130192, 52.49033852367509], [13.420400147512497, 52.49586245344825], [13.438268971839433, 52.490374455358136], [13.439263020948323, 52.48960857467485], [13.445096329769228, 52.49448932210073], [13.447658750255819, 52.49471879025363], [13.451488207857855, 52.497346817893884], [13.454064150196178, 52.49755819354438], [13.46328814427952, 52.495411799795725], [13.463977085789331, 52.495047891298775], [13.463196880364166, 52.49421375653157], [13.464213064561564, 52.49373976274981], [13.475440898126028, 52.49032444507499], [13.477683856978382, 52.488782487428374], [13.478630439731214, 52.487031280533884], [13.479420925731795, 52.487921944418574], [13.481681583849669, 52.48763356826634], [13.482954248819452, 52.48604538456674], [13.486736783066934, 52.487646841345295], [13.490704765541013, 52.48744117985465], [13.491451542764661, 52.48826521114535], [13.484143208213327, 52.49165717764482], [13.47307875933169, 52.49898810162884], [13.468572030133933, 52.499649867349135]]]}}, {"type": "Feature", "properties": {"wkr": 11, "wkr_name": "Friedrichshain-Kreuzberg 4"}, "geometry": {"type": "Polygon", "coordinates": [[[13.447167586970505, 52.52640816203215], [13.44227716484535, 52.531024202441166], [13.438745767207424, 52.52877652083318], [13.437481151086217, 52.529546447769505], [13.423640538323868, 52.52791404669685], [13.419752883280324, 52.52554386587106], [13.426500920363589, 52.52328906677491], [13.425567635345214, 52.522792329434466], [13.429188746106753, 52.52120331686555], [13.42839900749789, 52.519584424231454], [13.42691479552431, 52.519741889746825], [13.425925074912659, 52.51839044054656], [13.426751999457935, 52.5179577910635], [13.422780399137874, 52.512234689358294], [13.437125949316734, 52.50455976476148], [13.444946363300252, 52.501228138242986], [13.447461379287775, 52.503435471907], [13.450870650173432, 52.508582677036785], [13.453984678182705, 52.51560213837242], [13.453185208628968, 52.51812168691396], [13.453994876319392, 52.51901612860344], [13.452782730227606, 52.51894785539102], [13.450482861050398, 52.522330572418994], [13.455130920995925, 52.52352922169058], [13.452180544978003, 52.52779418270777], [13.447167586970505, 52.52640816203215]]]}}, {"type": "Feature", "properties": {"wkr": 12, "wkr_name": "Friedrichshain-Kreuzberg 5"}, "geometry": {"type": "Polygon", "coordinates": [[[13.462590282887074, 52.519944974532095], [13.455288392016342, 52.521270027228304], [13.456154490640287, 52.522455698983464], [13.455130920995925, 52.52352922169058], [13.450482861050398, 52.522330572418994], [13.452782730227606, 52.51894785539102], [13.45380688688682, 52.51924501105065], [13.454028242925279, 52.51877174471542], [13.453185208628968, 52.51812168691396], [13.453984678182705, 52.51560213837242], [13.451795889096163, 52.510732725717126], [13.468560614217397, 52.506945116917024], [13.471266175923455, 52.505243955598544], [13.476264492715456, 52.51043922820464], [13.47588557861588, 52.51486100982542], [13.477743510047006, 52.51472856315069], [13.476545908541224, 52.515171883120736], [13.4741960406937, 52.519115754755646], [13.472269560722339, 52.5206778089644], [13.462590282887074, 52.519944974532095]]]}}, {"type": "Feature", "properties": {"wkr": 13, "wkr_name": "Pankow 1"}, "geometry": {"type": "Polygon", "coordinates": [[[13.47646598866819, 52.67135587129486], [13.480083498479257, 52.67485608328455], [13.479484049720963, 52.6755041545586], [13.477270389935692, 52.67390002319705], [13.475517621305684, 52.67501929967504], [13.465926538480197, 52.66711668245857], [13.459553098385774, 52.66897434502373], [13.450784519348211, 52.662664931762194], [13.453944726401112, 52.66184911859174], [13.462382312193004, 52.657537758372484], [13.47351234313677, 52.656529995315395], [13.474271894704964, 52.65568715252385], [13.473904956842084, 52.65411765988318], [13.46989080565361, 52.6518298855215], [13.465721888978244, 52.65116650192788], [13.459730103365647, 52.64807948910629], [13.452084519494036, 52.64869843220066], [13.452096904157784, 52.649671675823434], [13.449437631172367, 52.64995619625849], [13.440820443087931, 52.649261843583076], [13.43978838822525, 52.645265773348235], [13.434005716337307, 52.64427610828912], [13.43339014773559, 52.641476743695385], [13.434011349616394, 52.63894898186482], [13.44133002407144, 52.63564465839246], [13.429584183520117, 52.62314179849517], [13.429953401076927, 52.62082031884702], [13.423959351705689, 52.62382876731881], [13.417039414955367, 52.61798185090183], [13.411978339337294, 52.614888652851455], [13.412683120494986, 52.61204661669537], [13.416415235643065, 52.61018411124995], [13.419279544400315, 52.61228569184869], [13.424194672945365, 52.6099271550604], [13.42470150124496, 52.61046450985829], [13.4264428829803, 52.6096191418188], [13.426953349307421, 52.61001091300872], [13.429943421921376, 52.6086059747126], [13.42655215057573, 52.60767371810797], [13.427979301050767, 52.6067484059557], [13.426430213331047, 52.60320061021642], [13.423300089332585, 52.60463592460476], [13.421825151457508, 52.60027568132242], [13.41658918858224, 52.60065428645793], [13.419226219804061, 52.597614321756836], [13.430703562303181, 52.593644778618675], [13.435647908190754, 52.59114953983662], [13.43468646926861, 52.59012014521768], [13.436166039472246, 52.587405811695746], [13.444896342011317, 52.595823159719075], [13.44901846093228, 52.60452563621103], [13.449728901840302, 52.60807993984792], [13.452946479583332, 52.61230472920222], [13.47024206429973, 52.59907910730145], [13.476248555155658, 52.598550179844274], [13.493703213889088, 52.602231002230305], [13.496659449285815, 52.60502673256719], [13.498509247946568, 52.61074177962074], [13.503306407003612, 52.618990766642405], [13.505438065040956, 52.61968491663812], [13.505865413057439, 52.625751557627275], [13.517815120289603, 52.62956308589676], [13.522440764425898, 52.64075888671116], [13.52302159616759, 52.645033316508005], [13.520393694499148, 52.6448737363462], [13.519265823532413, 52.646944082812745], [13.512825143733863, 52.64539782677554], [13.504721828520527, 52.64956216822234], [13.490759046153173, 52.65479595795466], [13.48535784260912, 52.65942392195836], [13.488422689232072, 52.67078538822052], [13.47583206599159, 52.66654557211482], [13.475625932879389, 52.66760120693167], [13.474585191406428, 52.668061776671074], [13.47646598866819, 52.67135587129486]]]}}, {"type": "Feature", "properties": {"wkr": 14, "wkr_name": "Pankow 2"}, "geometry": {"type": "Polygon", "coordinates": [[[13.407884752351684, 52.64268514919402], [13.397769828440245, 52.648293340054586], [13.396387009885407, 52.64742257852142], [13.3944997109822, 52.647526735821685], [13.391911234635186, 52.64474754129862], [13.392278775614493, 52.64370225187173], [13.391502053497227, 52.6436333163147], [13.392284958098353, 52.64365104176655], [13.392235318497663, 52.643263629761265], [13.391298647325, 52.643545745025406], [13.390898144311373, 52.64247107494899], [13.39014490408076, 52.6424354270359], [13.389687557861425, 52.64122494462256], [13.390609038900262, 52.63991386891926], [13.389611878284303, 52.63937179706337], [13.38920328036005, 52.637623123862035], [13.38507768509843, 52.636262337308196], [13.381814005990869, 52.63639583219259], [13.382858963849669, 52.63521627224435], [13.3793998682465, 52.63386654059138], [13.378705902342347, 52.63434766179736], [13.376792411903681, 52.63291570454955], [13.375822112036253, 52.631607031467524], [13.37702122763454, 52.62981766982777], [13.376676459232018, 52.62889403795385], [13.375826442730338, 52.62903782312958], [13.376376644276869, 52.62837758525276], [13.375450424601352, 52.6286775702727], [13.374571016920811, 52.62776627838778], [13.370792654961441, 52.62736997246158], [13.368528890385166, 52.62557856488448], [13.366935362876323, 52.62584737388042], [13.375224462257625, 52.614225110863636], [13.376284418811867, 52.61112792877856], [13.376210724930148, 52.60773808398042], [13.370557454446415, 52.599465497008936], [13.360647002082777, 52.59126707875006], [13.34755565269897, 52.59008132108148], [13.375145729499106, 52.575629974943446], [13.37968790105207, 52.57252227355365], [13.382239019823984, 52.572021136222006], [13.392285296995821, 52.57546081608706], [13.398652025888456, 52.57997574167491], [13.404133207801314, 52.58105723823517], [13.402643914335448, 52.58548394578445], [13.412503577629076, 52.5877074950485], [13.415376357368137, 52.5900286866853], [13.420527248619296, 52.591785574762106], [13.424450937346066, 52.594155664267774], [13.420952847300253, 52.59573737426667], [13.41658918858224, 52.60065428645793], [13.421825151457508, 52.60027568132242], [13.423300089332585, 52.60463592460476], [13.426430213331047, 52.60320061021642], [13.427979301050767, 52.6067484059557], [13.42655215057573, 52.60767371810797], [13.429943421921376, 52.6086059747126], [13.426953349307421, 52.61001091300872], [13.4264428829803, 52.6096191418188], [13.42470150124496, 52.61046450985829], [13.424194672945365, 52.6099271550604], [13.419279544400315, 52.61228569184869], [13.416415235643065, 52.61018411124995], [13.412683120494986, 52.61204661669537], [13.411978339337294, 52.614888652851455], [13.417039414955367, 52.61798185090183], [13.423959351705689, 52.62382876731881], [13.429953401076927, 52.62082031884702], [13.429584183520117, 52.62314179849517], [13.44133002407144, 52.63564465839246], [13.434011349616394, 52.63894898186482], [13.434257972162335, 52.637952790349594], [13.432722786955509, 52.637376957829474], [13.427630466654955, 52.63751050847494], [13.42435322866173, 52.63546505033725], [13.416548560906543, 52.63943335758969], [13.414260479057647, 52.641240941071295], [13.414736552066453, 52.642384862139174], [13.412290683169026, 52.64348040178925], [13.407884752351684, 52.64268514919402]]]}}, {"type": "Feature", "properties": {"wkr": 15, "wkr_name": "Pankow 3"}, "geometry": {"type": "Polygon", "coordinates": [[[13.419604898003422, 52.597742590652814], [13.420952847300253, 52.59573737426667], [13.424450937346066, 52.594155664267774], [13.420527248619296, 52.591785574762106], [13.415376357368137, 52.5900286866853], [13.412503577629076, 52.5877074950485], [13.402643914335448, 52.58548394578445], [13.404133207801314, 52.58105723823517], [13.398652025888456, 52.57997574167491], [13.392285296995821, 52.57546081608706], [13.383082020308308, 52.572329023581986], [13.388260028788858, 52.569475302133064], [13.387774675771304, 52.56914391007613], [13.389281399196529, 52.56824081621292], [13.388381600973222, 52.56767764039727], [13.38891645324932, 52.56699995343107], [13.39435466774773, 52.56351680384933], [13.39621261685046, 52.56128909348697], [13.397096917652158, 52.55826776266258], [13.398663120180963, 52.55849454992945], [13.408915165785466, 52.56484063722286], [13.423361544690456, 52.57111154412203], [13.425998193513482, 52.5716707972134], [13.42575720121657, 52.5723166697103], [13.427792744161621, 52.57426507514374], [13.429622636878499, 52.57460124421143], [13.429768441087084, 52.57616350031441], [13.433849209929852, 52.57881001598697], [13.432868908222682, 52.58114014934934], [13.433878510237818, 52.58202875484475], [13.431023913583573, 52.58292780955789], [13.436189994432779, 52.58729893996299], [13.43468646926861, 52.59012014521768], [13.435666622966544, 52.5911354627312], [13.430849921764226, 52.593584811119015], [13.419604898003422, 52.597742590652814]]]}}, {"type": "Feature", "properties": {"wkr": 16, "wkr_name": "Pankow 4"}, "geometry": {"type": "Polygon", "coordinates": [[[13.47024206429973, 52.59907910730145], [13.452946479583332, 52.61230472920222], [13.449728901840302, 52.60807993984792], [13.44901846093228, 52.60452563621103], [13.444896342011317, 52.595823159719075], [13.431028948600458, 52.58294512001215], [13.433878510237818, 52.58202875484475], [13.432868908222682, 52.58114014934934], [13.434075553822193, 52.5787147540486], [13.435638869258844, 52.580114778562745], [13.436535648244071, 52.57850415770237], [13.440247515535644, 52.57925570542335], [13.444696273400213, 52.57912122119836], [13.444503154667036, 52.57608137455774], [13.44631422284581, 52.575688494132486], [13.449721076857065, 52.5786870628492], [13.451618570236192, 52.576016025498085], [13.453709458739372, 52.57718091026851], [13.457501954064275, 52.57558325022263], [13.446349633341734, 52.568497609216756], [13.453170490889441, 52.567511326657545], [13.448376429460604, 52.564651381540386], [13.447369421159399, 52.56478968773121], [13.447962199357454, 52.56407616069553], [13.432385210711889, 52.55772249248547], [13.458865235186401, 52.55003666015609], [13.465504995047619, 52.55198128823501], [13.467210356751314, 52.548212214076706], [13.479644038696222, 52.54754663008616], [13.480456197350474, 52.54812026978215], [13.479744004062912, 52.549619283776806], [13.482220560864677, 52.54964479382321], [13.486113966829768, 52.55239663326336], [13.494414564105167, 52.55079581351023], [13.495671809338809, 52.553863385133646], [13.49501393881055, 52.55594391707442], [13.491317662258313, 52.55976707937966], [13.485396124448243, 52.56155027002948], [13.486067608633478, 52.56415084346378], [13.483676268580933, 52.56442386724942], [13.483594087605129, 52.56611591310561], [13.487586752022258, 52.56921648726871], [13.482923282293312, 52.571474605975865], [13.482795609332163, 52.57263100368306], [13.479459036017696, 52.57269250988205], [13.480473233838977, 52.58352508739263], [13.481612883217787, 52.58331440742287], [13.48197355413355, 52.584001408959644], [13.483563736695896, 52.58407522899454], [13.486005187272976, 52.5880143202152], [13.488408437276343, 52.58978558328791], [13.505174582437231, 52.59646393371921], [13.498970700903453, 52.60515942918556], [13.496659449285815, 52.60502673256719], [13.493703213889088, 52.602231002230305], [13.474950245008003, 52.598485922487505], [13.47024206429973, 52.59907910730145]]]}}, {"type": "Feature", "properties": {"wkr": 17, "wkr_name": "Pankow 5"}, "geometry": {"type": "Polygon", "coordinates": [[[13.435638869258844, 52.580114778562745], [13.429768441087084, 52.57616350031441], [13.429622636878499, 52.57460124421143], [13.427792744161621, 52.57426507514374], [13.42575720121657, 52.5723166697103], [13.425998193513482, 52.5716707972134], [13.423361544690456, 52.57111154412203], [13.408915165785466, 52.56484063722286], [13.398663120180963, 52.55849454992945], [13.414488043508621, 52.557438379533636], [13.414933821422224, 52.55395030862806], [13.427262996232374, 52.5525865797333], [13.429977070273019, 52.55154737855853], [13.428958571086058, 52.55640570024695], [13.447962199357454, 52.56407616069553], [13.447369421159399, 52.56478968773121], [13.448376429460604, 52.564651381540386], [13.453170490889441, 52.567511326657545], [13.446349633341734, 52.568497609216756], [13.457501954064275, 52.57558325022263], [13.453709458739372, 52.57718091026851], [13.451618570236192, 52.576016025498085], [13.449721076857065, 52.5786870628492], [13.446288024388595, 52.57569321312594], [13.444503154667036, 52.57608137455774], [13.444696273400213, 52.57912122119836], [13.440247515535644, 52.57925570542335], [13.436535648244071, 52.57850415770237], [13.435638869258844, 52.580114778562745]]]}}, {"type": "Feature", "properties": {"wkr": 18, "wkr_name": "Pankow 6"}, "geometry": {"type": "Polygon", "coordinates": [[[13.414488043508621, 52.557438379533636], [13.397096917652158, 52.55826776266258], [13.398061198864132, 52.55259916314157], [13.39684449223145, 52.550702459534364], [13.398897155005368, 52.550884355976905], [13.400304743311503, 52.546645434651644], [13.399207139176669, 52.54653010210357], [13.402025856616875, 52.54012631665687], [13.408538146654044, 52.54134256518266], [13.424226311499401, 52.53919540744917], [13.42728959871997, 52.544495551825975], [13.420066021813444, 52.54799357197545], [13.413732968880579, 52.54963453457532], [13.41503119136137, 52.554447285610166], [13.414488043508621, 52.557438379533636]]]}}, {"type": "Feature", "properties": {"wkr": 19, "wkr_name": "Pankow 7"}, "geometry": {"type": "Polygon", "coordinates": [[[13.458865235186401, 52.55003666015609], [13.432385210711889, 52.55772249248547], [13.428958571086058, 52.55640570024695], [13.429977070273019, 52.55154737855853], [13.427262996232374, 52.5525865797333], [13.414575420580748, 52.5539940233313], [13.413732968880579, 52.54963453457532], [13.420066021813444, 52.54799357197545], [13.429273660619202, 52.543682282112876], [13.438336604421368, 52.54073059959996], [13.442793894310835, 52.54455775330132], [13.447503099786031, 52.546804396936814], [13.450911984301898, 52.548284285104586], [13.458865235186401, 52.55003666015609]]]}}, {"type": "Feature", "properties": {"wkr": 20, "wkr_name": "Pankow 8"}, "geometry": {"type": "Polygon", "coordinates": [[[13.423640538323868, 52.52791404669685], [13.438336604421368, 52.54073059959996], [13.42728959871997, 52.544495551825975], [13.424226311499401, 52.53919540744917], [13.408538146654044, 52.54134256518266], [13.404580965360177, 52.54064042609339], [13.407485638285578, 52.534688032842446], [13.408349442506697, 52.53434634415178], [13.406420078570642, 52.53234686874349], [13.405583269107908, 52.529664635245204], [13.415428141230851, 52.52746114056243], [13.419752883280324, 52.52554386587106], [13.423640538323868, 52.52791404669685]]]}}, {"type": "Feature", "properties": {"wkr": 21, "wkr_name": "Pankow 9"}, "geometry": {"type": "Polygon", "coordinates": [[[13.467310317489426, 52.53849490332249], [13.46983838562828, 52.54045851812928], [13.465504995047619, 52.55198128823501], [13.450911984301898, 52.548284285104586], [13.443580608059063, 52.54501188991514], [13.423640538323868, 52.52791404669685], [13.437481151086217, 52.529546447769505], [13.438745767207424, 52.52877652083318], [13.44227716484535, 52.531024202441166], [13.447167586970505, 52.52640816203215], [13.452180544978003, 52.52779418270777], [13.456154490640287, 52.522455698983464], [13.455288392016342, 52.521270027228304], [13.462692000553405, 52.519927142509935], [13.472107453390871, 52.52069287438664], [13.468581535825718, 52.52329790019673], [13.459114983430982, 52.525766956697424], [13.4561968524716, 52.528263734778356], [13.460672104161327, 52.52935565966698], [13.463387435081168, 52.532632313193766], [13.468742497455084, 52.53471005924988], [13.467803086167002, 52.53612237662365], [13.466381941268704, 52.53665425934307], [13.467310317489426, 52.53849490332249]]]}}, {"type": "Feature", "properties": {"wkr": 22, "wkr_name": "Charlottenburg-Wilmersdorf 1"}, "geometry": {"type": "Polygon", "coordinates": [[[13.317931282965757, 52.548235977248794], [13.270330564582155, 52.549343285206895], [13.269966941509457, 52.54855407174086], [13.273365762519916, 52.54294139130158], [13.272304895502804, 52.53886551905954], [13.275223638020588, 52.53769249188345], [13.276271657919335, 52.53563857869043], [13.282180528449382, 52.5340491324206], [13.281020765542552, 52.530292966379236], [13.284871731623783, 52.52927249628283], [13.291329584442623, 52.53128598809214], [13.293760103717062, 52.5312110733608], [13.296367467061573, 52.52720588569192], [13.29747602840842, 52.52280106921224], [13.300117112742115, 52.52188277263398], [13.299581408994534, 52.519624767010875], [13.315202825889019, 52.51468207881678], [13.317675997588006, 52.517838354224345], [13.31944044333983, 52.51725882310691], [13.318153030853685, 52.51577358923302], [13.322432367626167, 52.51448431625582], [13.328772918922427, 52.52244546519786], [13.325186634470946, 52.52442420499049], [13.32167464233697, 52.524565279438676], [13.319169106845331, 52.52341660387325], [13.318778571206272, 52.52111413260644], [13.317795272028395, 52.5203656856616], [13.316644904561887, 52.52096208000705], [13.313352337997802, 52.53025897665199], [13.316744345607276, 52.53090325834793], [13.317513538680396, 52.53237367074399], [13.313025495395838, 52.53187299274946], [13.311411631286393, 52.535612495423095], [13.329133269982883, 52.53822942401323], [13.327142230365814, 52.53973144137713], [13.327325228912917, 52.541429458235456], [13.31932503240449, 52.54729602074593], [13.317931282965757, 52.548235977248794]]]}}, {"type": "Feature", "properties": {"wkr": 23, "wkr_name": "Charlottenburg-Wilmersdorf 2"}, "geometry": {"type": "Polygon", "coordinates": [[[13.29747602840842, 52.52280106921224], [13.294505536689265, 52.53084741548222], [13.29224656124145, 52.531426975817986], [13.285655037540806, 52.529351142190094], [13.2793244467146, 52.53032484445396], [13.274684058528331, 52.528868789790224], [13.26543107001629, 52.528786984135806], [13.258652644653655, 52.52723388720927], [13.249802040679173, 52.52717906940072], [13.246678842933202, 52.528312173054296], [13.247507751001958, 52.52428435340495], [13.239964502509077, 52.526087810815035], [13.22817627958545, 52.526017244776526], [13.227300318259974, 52.52561259147407], [13.222015940479722, 52.52617337402767], [13.219385658021634, 52.52141853106488], [13.219836960782528, 52.51578548644212], [13.220945517281326, 52.51361992701818], [13.219455810026716, 52.51399224621074], [13.218468472032452, 52.51340111883117], [13.216198648379224, 52.51133892683401], [13.214978492523057, 52.50950860731885], [13.215579738100166, 52.50915932146542], [13.211859002839358, 52.50934673460748], [13.208759656602915, 52.50504561333315], [13.209725362178839, 52.502909305775], [13.212021095864813, 52.50261003319778], [13.211859828148352, 52.50222034681034], [13.254131316730748, 52.505207992338235], [13.255502452858737, 52.50415547804202], [13.252515719511097, 52.50139526736699], [13.255239130079534, 52.500103488773284], [13.25180449432946, 52.497408346222144], [13.256498275592236, 52.495178263524394], [13.258099600391786, 52.49120037681855], [13.261643073906964, 52.488916172334676], [13.27242958389476, 52.49773522759127], [13.273368263088345, 52.497829699190845], [13.27287623618664, 52.49712277637418], [13.275868753765263, 52.495023421510396], [13.281971315196405, 52.49809682625804], [13.285548837840551, 52.4947479885898], [13.290310726928103, 52.49703345277081], [13.290628259550665, 52.50019225476691], [13.295989202655834, 52.502236536727445], [13.295300735871987, 52.50331569745327], [13.290367170162074, 52.50261080939772], [13.285062742940296, 52.503327011534175], [13.28326098684466, 52.50643924292019], [13.284611960535543, 52.510174387843826], [13.277793012134751, 52.509737496099184], [13.276527253908533, 52.51221675020153], [13.277190812978855, 52.51360983534692], [13.281271990156137, 52.51386266156213], [13.280738213566899, 52.516932713998116], [13.28370565238718, 52.516856879775816], [13.285376900813207, 52.512879985033635], [13.288381763783313, 52.51306770971539], [13.287757809685731, 52.51518177781475], [13.290739470899133, 52.51534844578755], [13.290302687825635, 52.51776189624878], [13.292665920693404, 52.51791417416594], [13.292387969192594, 52.519210150959914], [13.299581408994534, 52.519624767010875], [13.300117112742115, 52.52188277263398], [13.29747602840842, 52.52280106921224]]]}}, {"type": "Feature", "properties": {"wkr": 24, "wkr_name": "Charlottenburg-Wilmersdorf 3"}, "geometry": {"type": "Polygon", "coordinates": [[[13.304971530850887, 52.51341724841416], [13.304498020140644, 52.517335900372835], [13.306577415627496, 52.51742601843786], [13.299861804766538, 52.51955904162933], [13.298076351999446, 52.51955050150467], [13.292387969192594, 52.519210150959914], [13.292665920693404, 52.51791417416594], [13.290302687825635, 52.51776189624878], [13.290739470899133, 52.51534844578755], [13.287757809685731, 52.51518177781475], [13.288381763783313, 52.51306770971539], [13.285376900813207, 52.512879985033635], [13.28370565238718, 52.516856879775816], [13.280738213566899, 52.516932713998116], [13.281271990156137, 52.51386266156213], [13.277190812978855, 52.51360983534692], [13.276527253908533, 52.51221675020153], [13.277793012134751, 52.509737496099184], [13.284611960535543, 52.510174387843826], [13.28326098684466, 52.50643924292019], [13.285062742940296, 52.503327011534175], [13.290367170162074, 52.50261080939772], [13.295300735871987, 52.50331569745327], [13.295989202655834, 52.502236536727445], [13.294857793701754, 52.501903560861514], [13.301754450481097, 52.499648201656555], [13.301639936680491, 52.49880314688092], [13.311879923428096, 52.5006308591558], [13.307801343437047, 52.5030139599729], [13.306655452059298, 52.50668727645891], [13.300620866923506, 52.50677593902728], [13.30001994292586, 52.50975962323078], [13.298133629912336, 52.50970137838772], [13.297340525594052, 52.51097706449103], [13.296276111830675, 52.51091029155581], [13.296511304193071, 52.51234880069105], [13.295428244116621, 52.51240688152933], [13.296876450324657, 52.51354862818505], [13.304971530850887, 52.51341724841416]]]}}, {"type": "Feature", "properties": {"wkr": 25, "wkr_name": "Charlottenburg-Wilmersdorf 4"}, "geometry": {"type": "Polygon", "coordinates": [[[13.332280918056837, 52.51670285242755], [13.329368253329232, 52.51828169655594], [13.328772918922427, 52.52244546519786], [13.322432367626167, 52.51448431625582], [13.318153030853685, 52.51577358923302], [13.31944044333983, 52.51725882310691], [13.317675997588006, 52.517838354224345], [13.315202825889019, 52.51468207881678], [13.306577415627496, 52.51742601843786], [13.304498020140644, 52.517335900372835], [13.304971530850887, 52.51341724841416], [13.296876450324657, 52.51354862818505], [13.295446431385807, 52.51292635669186], [13.29550574821621, 52.512285779776235], [13.296511304193071, 52.51234880069105], [13.296276111830675, 52.51091029155581], [13.297340525594052, 52.51097706449103], [13.298133629912336, 52.50970137838772], [13.30001994292586, 52.50975962323078], [13.300620866923506, 52.50677593902728], [13.306655452059298, 52.50668727645891], [13.307801343437047, 52.5030139599729], [13.311774197968406, 52.500795032209325], [13.311765898546597, 52.50030793693452], [13.307082292386296, 52.49982088208944], [13.307591853507375, 52.498184898530845], [13.312054417206992, 52.49805306765041], [13.31155806655878, 52.49703985003374], [13.318172043018222, 52.49623231308923], [13.318720878599207, 52.49818474459286], [13.320299369521779, 52.49797406327222], [13.320626422742746, 52.499647317784586], [13.331721974026637, 52.50030187376953], [13.332645277169824, 52.50118215989159], [13.336041227121129, 52.499813804321676], [13.341420063298283, 52.504866561922036], [13.339063870859121, 52.505072942831525], [13.338637143149615, 52.505919338528976], [13.335302879784386, 52.50591836634347], [13.333748228591457, 52.50672062426621], [13.33469220136856, 52.50873055620718], [13.33004226494786, 52.51007416606096], [13.334024321347949, 52.51171604059527], [13.330558399095468, 52.51282894207063], [13.335852122128625, 52.513293193602685], [13.33610690471551, 52.513969608088615], [13.334211690629411, 52.51677144261731], [13.332280918056837, 52.51670285242755]]]}}, {"type": "Feature", "properties": {"wkr": 26, "wkr_name": "Charlottenburg-Wilmersdorf 5"}, "geometry": {"type": "Polygon", "coordinates": [[[13.252515719511097, 52.50139526736699], [13.255502452858737, 52.50415547804202], [13.254131316730748, 52.505207992338235], [13.211859828148352, 52.50222034681034], [13.212021095864813, 52.50261003319778], [13.209725362178839, 52.502909305775], [13.199073620404706, 52.49987962964516], [13.195203660069959, 52.49973886399474], [13.191697715131738, 52.49867548524552], [13.189835882542576, 52.49754439180505], [13.189531139942599, 52.49293220666132], [13.18659483942061, 52.48929159960215], [13.190164701772026, 52.4826169392189], [13.187246969235105, 52.47865288888081], [13.188168363301987, 52.471835404167656], [13.19455770675196, 52.470975529753844], [13.196618803870546, 52.47133891645079], [13.197924939948647, 52.469132030880075], [13.19914859331681, 52.46874374176368], [13.20372584835076, 52.470498229227054], [13.211470385853584, 52.46943828282245], [13.231464087909062, 52.47075504269852], [13.235098288878822, 52.46965997076827], [13.251834324646966, 52.466858230253024], [13.259091542949903, 52.46649727926915], [13.261622164454833, 52.467772242882845], [13.263986053525253, 52.46696981520683], [13.28109015386428, 52.468847133315734], [13.285835549961488, 52.46982787399772], [13.28426246198983, 52.47096823328911], [13.28844055958377, 52.473043601241535], [13.284272713428672, 52.4762883815375], [13.280942464432501, 52.47680980520424], [13.284528812544362, 52.479135204034094], [13.301268682332067, 52.48824730301603], [13.307153512116518, 52.488362201777846], [13.316805335930484, 52.49124384472308], [13.318172043018222, 52.49623231308923], [13.31155806655878, 52.49703985003374], [13.312054417206992, 52.49805306765041], [13.307591853507375, 52.498184898530845], [13.307082292386296, 52.49982088208944], [13.301639936680491, 52.49880314688092], [13.301754450481097, 52.499648201656555], [13.29497589754401, 52.50186435120066], [13.290628259550665, 52.50019225476691], [13.290310726928103, 52.49703345277081], [13.285548837840551, 52.4947479885898], [13.281971315196405, 52.49809682625804], [13.275868753765263, 52.495023421510396], [13.27287623618664, 52.49712277637418], [13.273368263088345, 52.497829699190845], [13.27242958389476, 52.49773522759127], [13.261643073906964, 52.488916172334676], [13.258099600391786, 52.49120037681855], [13.256498275592236, 52.495178263524394], [13.25180449432946, 52.497408346222144], [13.255239130079534, 52.500103488773284], [13.252515719511097, 52.50139526736699]]]}}, {"type": "Feature", "properties": {"wkr": 27, "wkr_name": "Charlottenburg-Wilmersdorf 6"}, "geometry": {"type": "Polygon", "coordinates": [[[13.336041227121129, 52.499813804321676], [13.332645277169824, 52.50118215989159], [13.331721974026637, 52.50030187376953], [13.320626422742746, 52.499647317784586], [13.320299369521779, 52.49797406327222], [13.318720878599207, 52.49818474459286], [13.316805335930484, 52.49124384472308], [13.317919871783367, 52.49123777299028], [13.318075805981323, 52.4893608676701], [13.31941345565834, 52.48944253451291], [13.319223969250023, 52.487268169009326], [13.320533993284009, 52.48601792839363], [13.320361947809086, 52.483233414167], [13.322864800003432, 52.482735718437866], [13.322830024341428, 52.48180011686371], [13.324272735620935, 52.48176876703681], [13.324232947914595, 52.47747842785536], [13.332866888360334, 52.477414819029434], [13.33298470926908, 52.477845573265554], [13.337064133592893, 52.47813062136697], [13.337280571611585, 52.49585463937909], [13.33892086205373, 52.499910707127114], [13.336974943218252, 52.50068958935685], [13.336041227121129, 52.499813804321676]]]}}, {"type": "Feature", "properties": {"wkr": 28, "wkr_name": "Charlottenburg-Wilmersdorf 7"}, "geometry": {"type": "Polygon", "coordinates": [[[13.317919871783367, 52.49123777299028], [13.307153512116518, 52.488362201777846], [13.301268682332067, 52.48824730301603], [13.280942464432501, 52.47680980520424], [13.284272713428672, 52.4762883815375], [13.28844055958377, 52.473043601241535], [13.28426246198983, 52.47096823328911], [13.285835549961488, 52.46982787399772], [13.28908083874807, 52.47052646219122], [13.289881802476819, 52.46989069127261], [13.290174248102797, 52.47032827705332], [13.306333919221597, 52.467414737597785], [13.309105519002365, 52.4677061925318], [13.310650430412913, 52.46690152961587], [13.319980283990118, 52.4669791167472], [13.320426965271734, 52.47746863303198], [13.324232947914595, 52.47747842785536], [13.324272735620935, 52.48176876703681], [13.322830024341428, 52.48180011686371], [13.322864800003432, 52.482735718437866], [13.320361947809086, 52.483233414167], [13.320533993284009, 52.48601792839363], [13.319223969250023, 52.487268169009326], [13.31941345565834, 52.48944253451291], [13.318075805981323, 52.4893608676701], [13.317919871783367, 52.49123777299028]]]}}, {"type": "Feature", "properties": {"wkr": 29, "wkr_name": "Spandau 1"}, "geometry": {"type": "Polygon", "coordinates": [[[13.202002636829853, 52.58813199119304], [13.191733385550915, 52.590189477882475], [13.183420061535868, 52.59369035341088], [13.173666514740113, 52.59532853555145], [13.17196686104185, 52.596286274653735], [13.167897965269075, 52.59700747818616], [13.164530556354753, 52.598793486084865], [13.157057438649872, 52.59762371228454], [13.149281809714662, 52.59187181926268], [13.143504903400212, 52.5897042132756], [13.138451529240879, 52.58886661830583], [13.135474451665822, 52.58736434411018], [13.13265978602551, 52.58691948809648], [13.128959398505744, 52.58730030415575], [13.128429491027504, 52.58601749455589], [13.129346697720614, 52.58593328097662], [13.127960647229543, 52.58312724674376], [13.130257302284923, 52.583038042242435], [13.13247347371818, 52.57960995578231], [13.13915502232599, 52.58038802236202], [13.149610396831456, 52.58335661093192], [13.151241346093942, 52.582203006383494], [13.153157499074991, 52.578944076295976], [13.153690632741634, 52.574778248368986], [13.152679930394179, 52.57097469553591], [13.14769665848386, 52.56469730551618], [13.147137750671302, 52.561450893511314], [13.145794779241125, 52.56060430432478], [13.14685161962527, 52.5586180662508], [13.147132677683606, 52.55474958540561], [13.162045174477244, 52.55177697200379], [13.161281347711478, 52.548446242186266], [13.16251526989714, 52.54830370607682], [13.165389497985926, 52.551155596661104], [13.188776835860658, 52.54676102685956], [13.18969953249812, 52.55033300241827], [13.194832870734407, 52.54837749376608], [13.194814474938045, 52.550101049551216], [13.197511989843747, 52.549379354058374], [13.200564791920154, 52.54940835627686], [13.200848216182932, 52.54845590225676], [13.210108391786774, 52.54898581013028], [13.209626116602367, 52.54792010330969], [13.215778805632809, 52.54702049962909], [13.218423134390575, 52.54593598580984], [13.22115003949555, 52.54595344785299], [13.22283719730107, 52.548756730543616], [13.22224948074481, 52.55575883795726], [13.22453282668865, 52.55984740322694], [13.22826409689261, 52.56237984213064], [13.228603812002815, 52.566228116070256], [13.2252989770901, 52.57122155197599], [13.225076396057355, 52.573143911100466], [13.220238032891434, 52.57605341149653], [13.217958009143217, 52.578539320499736], [13.218079839691761, 52.581460355669705], [13.21516876503785, 52.58433224754131], [13.217393859445304, 52.58747534723821], [13.207341662146645, 52.58837387979587], [13.206712385837971, 52.58659591806376], [13.202002636829853, 52.58813199119304]]]}}, {"type": "Feature", "properties": {"wkr": 30, "wkr_name": "Spandau 2"}, "geometry": {"type": "Polygon", "coordinates": [[[13.188776835860658, 52.54676102685956], [13.16986818303101, 52.55031834188499], [13.168311701436151, 52.543213825421354], [13.17553068003083, 52.54170036294581], [13.173490143088868, 52.53889504277416], [13.181925905103546, 52.537205214244864], [13.181674577232634, 52.534076037318634], [13.179254773926521, 52.533930317102076], [13.179159032237274, 52.53073701697499], [13.177299682836734, 52.53085039170973], [13.179008591531117, 52.52799733188135], [13.175961721544427, 52.527390852777856], [13.177416631692342, 52.525311492816016], [13.173722857966265, 52.52287192426811], [13.176087538905291, 52.5227281805786], [13.177324116238784, 52.52196093318905], [13.181983157947741, 52.52410027358955], [13.187765577135101, 52.52252763996337], [13.188924641986494, 52.52168180047197], [13.18949352346751, 52.52195889385308], [13.194287634501979, 52.526007001652545], [13.196222021023248, 52.530399512722596], [13.199622305305054, 52.53472629280422], [13.202918743122762, 52.53352944699758], [13.208624861014654, 52.536162140442144], [13.20950878274259, 52.538840562635805], [13.208475575772935, 52.5417908022302], [13.208989997273708, 52.542876398686374], [13.211090716057736, 52.54378245017492], [13.215984699895296, 52.543756397092196], [13.22115003949555, 52.54595344785299], [13.218423134390575, 52.54593598580984], [13.215778805632809, 52.54702049962909], [13.209626116602367, 52.54792010330969], [13.210108391786774, 52.54898581013028], [13.200848216182932, 52.54845590225676], [13.200564791920154, 52.54940835627686], [13.197511989843747, 52.549379354058374], [13.194814474938045, 52.550101049551216], [13.194832870734407, 52.54837749376608], [13.18969953249812, 52.55033300241827], [13.188776835860658, 52.54676102685956]]]}}, {"type": "Feature", "properties": {"wkr": 31, "wkr_name": "Spandau 3"}, "geometry": {"type": "Polygon", "coordinates": [[[13.2306911335643, 52.561421932819506], [13.228044242757662, 52.563370316115886], [13.228001863915386, 52.562026687175226], [13.224358039130886, 52.55961136197048], [13.222056616735882, 52.555086884514765], [13.22283719730107, 52.548756730543616], [13.22115003949555, 52.54595344785299], [13.215984699895296, 52.543756397092196], [13.211090716057736, 52.54378245017492], [13.208989997273708, 52.542876398686374], [13.208475575772935, 52.5417908022302], [13.20950878274259, 52.538840562635805], [13.208624861014654, 52.536162140442144], [13.202918743122762, 52.53352944699758], [13.199622305305054, 52.53472629280422], [13.196222021023248, 52.530399512722596], [13.194287634501979, 52.526007001652545], [13.18991250678982, 52.52219858662036], [13.191649633025158, 52.52174037835025], [13.191223950914102, 52.52098573467793], [13.194025862291209, 52.52100859468653], [13.194051678024488, 52.519430640203176], [13.197815444704828, 52.51945872181788], [13.197700664661514, 52.51747945414798], [13.202215924212275, 52.51792889385745], [13.2051228590915, 52.516809670495356], [13.204247703575273, 52.51375110144921], [13.207280576163276, 52.51329368920846], [13.208627076398828, 52.51405063389686], [13.215268758612583, 52.515173877504616], [13.216434368228084, 52.511649782546975], [13.219455810026716, 52.51399224621074], [13.220945517281326, 52.51361992701818], [13.219836960782528, 52.51578548644212], [13.219385658021634, 52.52141853106488], [13.222015940479722, 52.52617337402767], [13.227300318259974, 52.52561259147407], [13.22817627958545, 52.526017244776526], [13.239964502509077, 52.526087810815035], [13.247507751001958, 52.52428435340495], [13.246678842933202, 52.528312173054296], [13.249802040679173, 52.52717906940072], [13.254037817944855, 52.52705409140851], [13.259789406564463, 52.52732368800832], [13.26543107001629, 52.528786984135806], [13.274684058528331, 52.528868789790224], [13.278212930462201, 52.53019576485215], [13.280838361092743, 52.530065073670535], [13.282039335072724, 52.53326060101065], [13.282180528449382, 52.5340491324206], [13.276271657919335, 52.53563857869043], [13.275223638020588, 52.53769249188345], [13.272304895502804, 52.53886551905954], [13.273365762519916, 52.54294139130158], [13.269966941509457, 52.54855407174086], [13.270330564582155, 52.549343285206895], [13.258371400900845, 52.549574477892506], [13.252987512499079, 52.55045176396812], [13.2306911335643, 52.561421932819506]]]}}, {"type": "Feature", "properties": {"wkr": 32, "wkr_name": "Spandau 4"}, "geometry": {"type": "Polygon", "coordinates": [[[13.142943026270691, 52.55214889999732], [13.136324537782599, 52.55270490424135], [13.130497570648398, 52.5560083625732], [13.124960311927687, 52.543792015022106], [13.125601434318156, 52.54354040970176], [13.124181665042798, 52.53904737748292], [13.119500844439434, 52.530331959965274], [13.117380646639184, 52.517058575685304], [13.126994717991114, 52.51754709409612], [13.142671243440525, 52.51976454488128], [13.143406760595198, 52.52416021492462], [13.162591680223997, 52.520095960867856], [13.162721322158742, 52.521354596267095], [13.165840415316858, 52.52133892449248], [13.165844230763424, 52.522663567101134], [13.169045586174718, 52.52296266485885], [13.169447809995622, 52.52367146655546], [13.173722857966265, 52.52287192426811], [13.177416631692342, 52.525311492816016], [13.175961721544427, 52.527390852777856], [13.179008591531117, 52.52799733188135], [13.177299682836734, 52.53085039170973], [13.179159032237274, 52.53073701697499], [13.179254773926521, 52.533930317102076], [13.181674577232634, 52.534076037318634], [13.181925905103546, 52.537205214244864], [13.173490143088868, 52.53889504277416], [13.17553068003083, 52.54170036294581], [13.168311701436151, 52.543213825421354], [13.16986818303101, 52.55031834188499], [13.165389497985926, 52.551155596661104], [13.16251526989714, 52.54830370607682], [13.161281347711478, 52.548446242186266], [13.162045174477244, 52.55177697200379], [13.147132677683606, 52.55474958540561], [13.145577267899926, 52.55272039629569], [13.142943026270691, 52.55214889999732]]]}}, {"type": "Feature", "properties": {"wkr": 33, "wkr_name": "Spandau 5"}, "geometry": {"type": "Polygon", "coordinates": [[[13.162591680223997, 52.520095960867856], [13.143406760595198, 52.52416021492462], [13.142671243440525, 52.51976454488128], [13.144351114773409, 52.519190866595565], [13.145629558326917, 52.51746524391133], [13.168821554982806, 52.50922663879573], [13.149587185666448, 52.49631410790239], [13.128330285329389, 52.47981947475423], [13.12627547093948, 52.478655110526766], [13.117687861088672, 52.477318994367316], [13.117231135202095, 52.473278398530766], [13.113785157232334, 52.469798227827404], [13.113950444135426, 52.4686171897394], [13.111852480604963, 52.4674442962627], [13.11055346457252, 52.46565566781865], [13.111425052387647, 52.46372102941874], [13.11049897982828, 52.459994684959625], [13.11240265741772, 52.45899286748548], [13.112669363889374, 52.4576927461664], [13.112027864792752, 52.45441608502299], [13.10929777265037, 52.450632434300964], [13.115359749575362, 52.44565047640302], [13.119012863894458, 52.444008155771584], [13.119926768550643, 52.441519146642364], [13.123117663988259, 52.439614100827185], [13.124114400656559, 52.44067518477452], [13.126875291253205, 52.44114341140274], [13.131718490193439, 52.44109997390729], [13.133267785477095, 52.44208690356307], [13.148516152204701, 52.443372633204056], [13.15451296964615, 52.44659600938473], [13.16172479801934, 52.45213345405028], [13.170844915801379, 52.45611233876522], [13.177408007775426, 52.455914585206386], [13.18530148694576, 52.46257741220759], [13.18636122432347, 52.46563684648883], [13.188168363301987, 52.471835404167656], [13.187246969235105, 52.47865288888081], [13.190164701772026, 52.4826169392189], [13.18659483942061, 52.48929159960215], [13.189531139942599, 52.49293220666132], [13.189835882542576, 52.49754439180505], [13.195203660069959, 52.49973886399474], [13.199073620404706, 52.49987962964516], [13.209725362178839, 52.502909305775], [13.208759656602915, 52.50504561333315], [13.211011046000236, 52.5085223813352], [13.211859002839358, 52.50934673460748], [13.215579738100166, 52.50915932146542], [13.214978492523057, 52.50950860731885], [13.216434368228084, 52.511649782546975], [13.215268758612583, 52.515173877504616], [13.208627076398828, 52.51405063389686], [13.207280576163276, 52.51329368920846], [13.204247703575273, 52.51375110144921], [13.2051228590915, 52.516809670495356], [13.202215924212275, 52.51792889385745], [13.197700664661514, 52.51747945414798], [13.197815444704828, 52.51945872181788], [13.194051678024488, 52.519430640203176], [13.194025862291209, 52.52100859468653], [13.191223950914102, 52.52098573467793], [13.191649633025158, 52.52174037835025], [13.18991250678982, 52.52219858662036], [13.188924641986494, 52.52168180047197], [13.187765577135101, 52.52252763996337], [13.181983157947741, 52.52410027358955], [13.177324116238784, 52.52196093318905], [13.176087538905291, 52.5227281805786], [13.169447809995622, 52.52367146655546], [13.169045586174718, 52.52296266485885], [13.165844230763424, 52.522663567101134], [13.165840415316858, 52.52133892449248], [13.162721322158742, 52.521354596267095], [13.162591680223997, 52.520095960867856]]]}}, {"type": "Feature", "properties": {"wkr": 34, "wkr_name": "Steglitz-Zehlendorf 1"}, "geometry": {"type": "Polygon", "coordinates": [[[13.306362943496534, 52.467470533958235], [13.292365559014975, 52.469917509577336], [13.304348914619402, 52.45995577622597], [13.304204988897498, 52.4585103211546], [13.295984004485486, 52.45106009842881], [13.293162127599388, 52.44647074155284], [13.295773493757446, 52.443814412193134], [13.301608302040771, 52.445724999819014], [13.302452378249885, 52.444940079974096], [13.306745361105042, 52.446770686949165], [13.308976396660967, 52.44474121061741], [13.315294277633766, 52.44707299628692], [13.315640830512034, 52.45049515245956], [13.319334574768515, 52.45235068308136], [13.328694365630316, 52.46005308127335], [13.329726141959977, 52.458148500567674], [13.33131150542764, 52.458227959736824], [13.33123199524685, 52.458898169234025], [13.33309691408428, 52.46008366516414], [13.335330352634095, 52.46012870338361], [13.33531931281606, 52.45928125506447], [13.339381370906896, 52.45948709946927], [13.339282489456354, 52.45863042695566], [13.347820147181585, 52.45924488087231], [13.338901904242906, 52.46556363669022], [13.338770289718122, 52.466568028248844], [13.33627213997042, 52.46741386064558], [13.33482784699126, 52.466198900793465], [13.331409110575935, 52.465856112632856], [13.330628111409599, 52.465150501867086], [13.329364299641828, 52.465572401535326], [13.328164675603619, 52.4643310130508], [13.320989817294686, 52.466961061292885], [13.310650430412913, 52.46690152961587], [13.307470943897366, 52.46787882968241], [13.306362943496534, 52.467470533958235]]]}}, {"type": "Feature", "properties": {"wkr": 35, "wkr_name": "Steglitz-Zehlendorf 2"}, "geometry": {"type": "Polygon", "coordinates": [[[13.329726141959977, 52.458148500567674], [13.328694365630316, 52.46005308127335], [13.319334574768515, 52.45235068308136], [13.31558924662691, 52.45041733466629], [13.315861184469188, 52.44175075140455], [13.31456421082892, 52.441162152766466], [13.316260231593796, 52.44042086486654], [13.31566809955946, 52.43784101494519], [13.319631776193706, 52.43709648851195], [13.325652531258458, 52.4434020240799], [13.331260907732679, 52.44533189962255], [13.344671121565286, 52.44506447507152], [13.355933318013971, 52.44297891009243], [13.359524216221919, 52.443287231531976], [13.362379877699347, 52.4445724567302], [13.356116309021582, 52.455609254483676], [13.354196392774622, 52.45563989602152], [13.353297853716208, 52.457021775174034], [13.349075881604383, 52.45677289690669], [13.349041319095589, 52.458761572415774], [13.3476431931074, 52.459077310971445], [13.339282489456354, 52.45863042695566], [13.339381370906896, 52.45948709946927], [13.33531931281606, 52.45928125506447], [13.335330352634095, 52.46012870338361], [13.33309691408428, 52.46008366516414], [13.33123199524685, 52.458898169234025], [13.33131150542764, 52.458227959736824], [13.329726141959977, 52.458148500567674]]]}}, {"type": "Feature", "properties": {"wkr": 36, "wkr_name": "Steglitz-Zehlendorf 3"}, "geometry": {"type": "Polygon", "coordinates": [[[13.315861184469188, 52.44175075140455], [13.315294277633766, 52.44707299628692], [13.308976396660967, 52.44474121061741], [13.306745361105042, 52.446770686949165], [13.302452378249885, 52.444940079974096], [13.301608302040771, 52.445724999819014], [13.295773493757446, 52.443814412193134], [13.293523918076367, 52.44588762419577], [13.283111915167481, 52.44218405369648], [13.278646449593175, 52.42994003582308], [13.273991085872211, 52.43094623705831], [13.263484066747644, 52.43048755699082], [13.25986737818621, 52.42923711788716], [13.260283646779698, 52.427260423198234], [13.25674062492674, 52.42656010589585], [13.257718651391892, 52.424748734562364], [13.253611376630344, 52.424049256547534], [13.252812264793773, 52.42572006790404], [13.247442095889028, 52.41731740880595], [13.249776878964527, 52.40497882926842], [13.253306260579418, 52.406033396046375], [13.258052417580009, 52.40639428224086], [13.266962590628106, 52.404280177991055], [13.271996336046094, 52.40431515900826], [13.275812631661587, 52.40519557001393], [13.28897227742849, 52.41215461774287], [13.286987445841335, 52.4136047886739], [13.288043430670584, 52.415233525845714], [13.284885219852837, 52.41729768630609], [13.289656917740391, 52.41854886347436], [13.286894350881543, 52.42247446335805], [13.292884385997713, 52.4240408445943], [13.296586396565274, 52.42357763747984], [13.296627474515422, 52.42693789995006], [13.300393272363513, 52.426830656721506], [13.300590843666887, 52.429115187597034], [13.303151131888885, 52.42904175691761], [13.303409634867501, 52.43229386957825], [13.307391217268377, 52.43330581197421], [13.303725099470734, 52.43661016560616], [13.309356467473556, 52.43891703134097], [13.31146424936668, 52.437580891352134], [13.313087794793802, 52.43861784283298], [13.31510330426699, 52.43806868948596], [13.316381020726473, 52.439763353343714], [13.31456421082892, 52.441162152766466], [13.315861184469188, 52.44175075140455]]]}}, {"type": "Feature", "properties": {"wkr": 37, "wkr_name": "Steglitz-Zehlendorf 4"}, "geometry": {"type": "Polygon", "coordinates": [[[13.311449306086278, 52.43758693947512], [13.309356467473556, 52.43891703134097], [13.303725099470734, 52.43661016560616], [13.307391217268377, 52.43330581197421], [13.303409634867501, 52.43229386957825], [13.303151131888885, 52.42904175691761], [13.300590843666887, 52.429115187597034], [13.300393272363513, 52.426830656721506], [13.296627474515422, 52.42693789995006], [13.296586396565274, 52.42357763747984], [13.292884385997713, 52.4240408445943], [13.286894350881543, 52.42247446335805], [13.289656917740391, 52.41854886347436], [13.284885219852837, 52.41729768630609], [13.288043430670584, 52.415233525845714], [13.286987445841335, 52.4136047886739], [13.28897227742849, 52.41215461774287], [13.296750865699352, 52.41625155553551], [13.296957217846296, 52.415045736165354], [13.295928080703709, 52.41450095897243], [13.312060169106545, 52.39910300051937], [13.318494296803621, 52.40239743251701], [13.34330677695096, 52.41171858698839], [13.34274145585741, 52.41416432861368], [13.345528249433618, 52.415276359741675], [13.343669550266883, 52.41565925528], [13.34465977741444, 52.416094250329614], [13.345345318942506, 52.41908271713677], [13.342629534827738, 52.41946535165191], [13.343408322555145, 52.42156832398653], [13.340049936904109, 52.421734575378494], [13.336724262897622, 52.425204342530435], [13.33931602210976, 52.42632502540854], [13.337443710732263, 52.42848536934782], [13.340552459325973, 52.429946087804474], [13.339238040178897, 52.431086014493125], [13.341092283407015, 52.4319550313259], [13.339906724131788, 52.43294250038589], [13.335153618093688, 52.430430768982895], [13.334144582509705, 52.431834702867484], [13.331937698667286, 52.43117588840037], [13.331348373795347, 52.432239345398074], [13.327326468309712, 52.42951613323011], [13.318538495770621, 52.432560732595334], [13.319415854871329, 52.43346528468415], [13.316406371679978, 52.434474724609984], [13.319631776193706, 52.43709648851195], [13.31566809955946, 52.43784101494519], [13.316089678893386, 52.438951086230816], [13.31510330426699, 52.43806868948596], [13.313087794793802, 52.43861784283298], [13.311449306086278, 52.43758693947512]]]}}, {"type": "Feature", "properties": {"wkr": 38, "wkr_name": "Steglitz-Zehlendorf 5"}, "geometry": {"type": "Polygon", "coordinates": [[[13.33462585918851, 52.445561329424116], [13.33035743643008, 52.44517956012041], [13.325652531258458, 52.4434020240799], [13.316406371679978, 52.434474724609984], [13.319415854871329, 52.43346528468415], [13.318538495770621, 52.432560732595334], [13.327326468309712, 52.42951613323011], [13.331348373795347, 52.432239345398074], [13.331937698667286, 52.43117588840037], [13.334144582509705, 52.431834702867484], [13.335153618093688, 52.430430768982895], [13.339906724131788, 52.43294250038589], [13.341092283407015, 52.4319550313259], [13.339238040178897, 52.431086014493125], [13.340552459325973, 52.429946087804474], [13.337443710732263, 52.42848536934782], [13.33931602210976, 52.42632502540854], [13.336724262897622, 52.425204342530435], [13.340049936904109, 52.421734575378494], [13.343408322555145, 52.42156832398653], [13.342629534827738, 52.41946535165191], [13.345345318942506, 52.41908271713677], [13.34465977741444, 52.416094250329614], [13.343669550266883, 52.41565925528], [13.345830050190617, 52.41519619568716], [13.36339097885131, 52.421482395204485], [13.367914839313574, 52.42760786191706], [13.37159321753161, 52.4291148415257], [13.36242385794526, 52.44459592060308], [13.359524216221919, 52.443287231531976], [13.355933318013971, 52.44297891009243], [13.344671121565286, 52.44506447507152], [13.33462585918851, 52.445561329424116]]]}}, {"type": "Feature", "properties": {"wkr": 39, "wkr_name": "Steglitz-Zehlendorf 6"}, "geometry": {"type": "Polygon", "coordinates": [[[13.289784106632826, 52.46996590128863], [13.28908083874807, 52.47052646219122], [13.28109015386428, 52.468847133315734], [13.263986053525253, 52.46696981520683], [13.261622164454833, 52.467772242882845], [13.259091542949903, 52.46649727926915], [13.252629864719623, 52.466744820773044], [13.238345670175407, 52.46919258659317], [13.218116511368448, 52.45314065712146], [13.229851814033216, 52.447108288437676], [13.242342343986593, 52.44162629907872], [13.239203660906979, 52.440163797772975], [13.237511711904498, 52.43825125385317], [13.24307169594358, 52.43977020965933], [13.246724253191383, 52.436379621533035], [13.24949130097326, 52.436238655320544], [13.250765266946724, 52.434963645370736], [13.256388756456646, 52.43575155515881], [13.260455691733119, 52.43506685019926], [13.259561261697286, 52.43317146714559], [13.257292649570411, 52.43368832900265], [13.2563787912495, 52.43307886448626], [13.256682183211964, 52.43178841804998], [13.259286595444479, 52.43083675459918], [13.254315333122994, 52.42896004499531], [13.25499898873127, 52.42773280785156], [13.252812264793773, 52.42572006790404], [13.253611376630344, 52.424049256547534], [13.25781225238692, 52.42480654204477], [13.25674062492674, 52.42656010589585], [13.260283646779698, 52.427260423198234], [13.25986737818621, 52.42923711788716], [13.263078853848173, 52.430407210835725], [13.273991085872211, 52.43094623705831], [13.278646449593175, 52.42994003582308], [13.283111915167481, 52.44218405369648], [13.293762943043575, 52.44598086064379], [13.293162127599388, 52.44647074155284], [13.29581335129735, 52.450867305249076], [13.304204988897498, 52.4585103211546], [13.304348914619402, 52.45995577622597], [13.292365559014975, 52.469917509577336], [13.290174248102797, 52.47032827705332], [13.289784106632826, 52.46996590128863]]]}}, {"type": "Feature", "properties": {"wkr": 40, "wkr_name": "Steglitz-Zehlendorf 7"}, "geometry": {"type": "Polygon", "coordinates": [[[13.196992784008591, 52.47116773099923], [13.188168363301987, 52.471835404167656], [13.18530148694576, 52.46257741220759], [13.177408007775426, 52.455914585206386], [13.170844915801379, 52.45611233876522], [13.16172479801934, 52.45213345405028], [13.15451296964615, 52.44659600938473], [13.148516152204701, 52.443372633204056], [13.133267785477095, 52.44208690356307], [13.131718490193439, 52.44109997390729], [13.130801737502624, 52.44141246810231], [13.124114400656559, 52.44067518477452], [13.122137510447747, 52.437877274246894], [13.11721491587001, 52.436163062983645], [13.113927338300217, 52.432964839457945], [13.112070586895435, 52.43230882730951], [13.112780182330185, 52.429195296288384], [13.10540468563821, 52.42528161992809], [13.104565911429814, 52.4239820238749], [13.099308989860077, 52.42534266344893], [13.095835929889446, 52.421973250171966], [13.088345530696683, 52.41962977841625], [13.09076429703103, 52.41155802484546], [13.097388515796311, 52.40941934306634], [13.098965795922956, 52.410983809007064], [13.096445201913273, 52.41308623220849], [13.10085506906918, 52.41375836709273], [13.100997703069526, 52.410536329491094], [13.106183628077622, 52.40955993724918], [13.107129752147449, 52.40995861914671], [13.107102217126487, 52.413179373054504], [13.109624071712497, 52.41293789789766], [13.110132774227722, 52.41128475005781], [13.11150832287495, 52.41141207313842], [13.111794014772842, 52.41047779026413], [13.110419962819371, 52.4103504771517], [13.110626026126726, 52.409441011960155], [13.106929595180738, 52.40948323581827], [13.106379043658212, 52.40868817716302], [13.109260853135366, 52.40818048591657], [13.108322407204763, 52.40725342923125], [13.111813732069548, 52.40398399974808], [13.117745024605966, 52.402117053540906], [13.12477642455506, 52.396868245234785], [13.127421990454263, 52.396638598709856], [13.133504672893459, 52.39936377266736], [13.138097947738583, 52.397854182325574], [13.135170570816362, 52.3972641957214], [13.135708630481503, 52.396172732426116], [13.138951481798093, 52.39599203835494], [13.131485945681767, 52.39187918124757], [13.130160286590145, 52.390495937312465], [13.131186781545141, 52.39183389240779], [13.127290716097626, 52.39160541101027], [13.126728905937444, 52.38958279233409], [13.13108090586765, 52.38725015366989], [13.133177798012683, 52.387302061805215], [13.133972660402314, 52.388733387981866], [13.13286798464539, 52.388741361134166], [13.130373252454929, 52.390367421040274], [13.134701914816953, 52.393562363152014], [13.141821679684304, 52.39710473129283], [13.14319820081158, 52.397245170753735], [13.143855241444124, 52.39613708216193], [13.145735243797835, 52.39550308349224], [13.158864854667558, 52.393938129637604], [13.168764361059822, 52.39439297823367], [13.171754266750627, 52.395640213743185], [13.171163258012541, 52.39782443589714], [13.157791855258528, 52.39635313790418], [13.159383602558716, 52.399905643674806], [13.159231389148442, 52.40277183685782], [13.197252603885453, 52.415532628838974], [13.202319543407244, 52.41560844103063], [13.209676189796545, 52.416793914254285], [13.22505678289584, 52.42107634292651], [13.233140524502474, 52.42034324630902], [13.235633222407271, 52.42087005457772], [13.245949413164258, 52.42117243018683], [13.247442095889028, 52.41731740880595], [13.252812264793773, 52.42572006790404], [13.25499898873127, 52.42773280785156], [13.254315333122994, 52.42896004499531], [13.259286595444479, 52.43083675459918], [13.256682183211964, 52.43178841804998], [13.256226067110372, 52.43270543604571], [13.257292649570411, 52.43368832900265], [13.259561261697286, 52.43317146714559], [13.260455691733119, 52.43506685019926], [13.256388756456646, 52.43575155515881], [13.250765266946724, 52.434963645370736], [13.24949130097326, 52.436238655320544], [13.246724253191383, 52.436379621533035], [13.24307169594358, 52.43977020965933], [13.237511711904498, 52.43825125385317], [13.239203660906979, 52.440163797772975], [13.242342343986593, 52.44162629907872], [13.218123844616466, 52.45312481062464], [13.238332639655846, 52.46916827953943], [13.231464087909062, 52.47075504269852], [13.211470385853584, 52.46943828282245], [13.204582032755331, 52.470526450757596], [13.202207528004656, 52.470156686830556], [13.19914859331681, 52.46874374176368], [13.197724116899122, 52.469355071562354], [13.196992784008591, 52.47116773099923]]]}}, {"type": "Feature", "properties": {"wkr": 41, "wkr_name": "Tempelhof-Schöneberg 1"}, "geometry": {"type": "Polygon", "coordinates": [[[13.362535885821787, 52.49966022569208], [13.341499116933713, 52.5049395436558], [13.337141393906423, 52.500905674296746], [13.338988873713367, 52.499417509225225], [13.337280571611585, 52.49585463937909], [13.337168486309286, 52.4882525569513], [13.349044185962219, 52.48943580062536], [13.349345807039633, 52.488292507058624], [13.353699723173442, 52.488641427498834], [13.3560225951393, 52.48603164692277], [13.360259121358796, 52.49043573395588], [13.365403240401468, 52.49079741203175], [13.366409201706002, 52.491575446799686], [13.369311080739147, 52.490806245881515], [13.369394485792466, 52.489362111959885], [13.370650543996994, 52.48932905076936], [13.370563955820707, 52.488040511073486], [13.37351935339395, 52.48787695773135], [13.37539789147989, 52.48943314065374], [13.376429856714205, 52.4916759077612], [13.368212739465909, 52.4933299982691], [13.36867636408504, 52.497384883338434], [13.36972696244851, 52.49877380541095], [13.362535885821787, 52.49966022569208]]]}}, {"type": "Feature", "properties": {"wkr": 42, "wkr_name": "Tempelhof-Schöneberg 2"}, "geometry": {"type": "Polygon", "coordinates": [[[13.369153987175446, 52.49049982798885], [13.366409201706002, 52.491575446799686], [13.365403240401468, 52.49079741203175], [13.360259121358796, 52.49043573395588], [13.3560225951393, 52.48603164692277], [13.353699723173442, 52.488641427498834], [13.349345807039633, 52.488292507058624], [13.349044185962219, 52.48943580062536], [13.337168486309286, 52.4882525569513], [13.337064133592893, 52.47813062136697], [13.343819862311058, 52.47810922005929], [13.342478387066818, 52.47729720507268], [13.343681850788279, 52.471167581620364], [13.351635318493658, 52.47028497379269], [13.354368286944098, 52.471189064926065], [13.35810492695966, 52.4740409906642], [13.360634771537919, 52.47427766370353], [13.363628807534068, 52.47367506112594], [13.363917314674989, 52.47415918556342], [13.36544472903061, 52.47344363358007], [13.365618306556941, 52.47445232168179], [13.366527025079094, 52.47465960492029], [13.371339576592728, 52.47456096376248], [13.371441058793524, 52.478899946172994], [13.37671944347432, 52.478828536605775], [13.37743389560229, 52.482108377701216], [13.376583380953994, 52.484919406697806], [13.371568002010623, 52.48494914046407], [13.374017674344012, 52.485169177314994], [13.374163589913318, 52.487710015527654], [13.370563955820707, 52.488040511073486], [13.370650543996994, 52.48932905076936], [13.369394485792466, 52.489362111959885], [13.369153987175446, 52.49049982798885]]]}}, {"type": "Feature", "properties": {"wkr": 43, "wkr_name": "Tempelhof-Schöneberg 3"}, "geometry": {"type": "Polygon", "coordinates": [[[13.343819862311058, 52.47810922005929], [13.33298470926908, 52.477845573265554], [13.332866888360334, 52.477414819029434], [13.320426965271734, 52.47746863303198], [13.319980283990118, 52.4669791167472], [13.328164675603619, 52.4643310130508], [13.329364299641828, 52.465572401535326], [13.330628111409599, 52.465150501867086], [13.331409110575935, 52.465856112632856], [13.33482784699126, 52.466198900793465], [13.33627213997042, 52.46741386064558], [13.338770289718122, 52.466568028248844], [13.338901904242906, 52.46556363669022], [13.34495470979883, 52.461717521598416], [13.347551066292091, 52.458989023817544], [13.349041319095589, 52.458761572415774], [13.349075881604383, 52.45677289690669], [13.35294417063705, 52.457121608122165], [13.354196392774622, 52.45563989602152], [13.356116309021582, 52.455609254483676], [13.362487918195484, 52.44445856688183], [13.374326273763034, 52.45101146327893], [13.371756134821926, 52.45271458258203], [13.370309621436467, 52.455002808129485], [13.367503220143364, 52.45544782614892], [13.369883246340095, 52.455723516203456], [13.36958385245333, 52.45838382713064], [13.36798618039655, 52.45964117779251], [13.369748725109135, 52.46064254142417], [13.370622804823286, 52.4705109178388], [13.369425937733874, 52.471101442596584], [13.370364587975041, 52.47113762885829], [13.363917314674989, 52.47415918556342], [13.363628807534068, 52.47367506112594], [13.360159345092761, 52.47429007332356], [13.35810492695966, 52.4740409906642], [13.354368286944098, 52.471189064926065], [13.35206311799359, 52.47035246920247], [13.343681850788279, 52.471167581620364], [13.342478387066818, 52.47729720507268], [13.343819862311058, 52.47810922005929]]]}}, {"type": "Feature", "properties": {"wkr": 44, "wkr_name": "Tempelhof-Schöneberg 4"}, "geometry": {"type": "Polygon", "coordinates": [[[13.394247954193267, 52.48543620699852], [13.38628942431519, 52.48582560586098], [13.386266702628943, 52.48486219082935], [13.376583380953994, 52.484919406697806], [13.377525034620312, 52.4813473996108], [13.37671944347432, 52.478828536605775], [13.371441058793524, 52.478899946172994], [13.371339576592728, 52.47456096376248], [13.365618306556941, 52.47445232168179], [13.365426506816853, 52.47328992128604], [13.370364587975041, 52.47113762885829], [13.369425937733874, 52.471101442596584], [13.370622804823286, 52.4705109178388], [13.369748725109135, 52.46064254142417], [13.36798618039655, 52.45964117779251], [13.36958385245333, 52.45838382713064], [13.369883246340095, 52.455723516203456], [13.367503220143364, 52.45544782614892], [13.370309621436467, 52.455002808129485], [13.371756134821926, 52.45271458258203], [13.374326273763034, 52.45101146327893], [13.378869394228401, 52.45267282403737], [13.401563586384132, 52.458100317623206], [13.407446709973911, 52.45868202048529], [13.411794259237421, 52.45841832901722], [13.411300782882757, 52.45996071546848], [13.412197153341177, 52.464420637565404], [13.413458823874452, 52.46518408950986], [13.41685630616545, 52.46547504128653], [13.413487701955125, 52.47870817878921], [13.41088151713964, 52.47772121289372], [13.406621084360747, 52.47823279559143], [13.406393862991772, 52.48276973555799], [13.400226430112385, 52.483904790713055], [13.394246188731739, 52.48409449672912], [13.394247954193267, 52.48543620699852]]]}}, {"type": "Feature", "properties": {"wkr": 45, "wkr_name": "Tempelhof-Schöneberg 5"}, "geometry": {"type": "Polygon", "coordinates": [[[13.421551616862235, 52.46576186128515], [13.413458823874452, 52.46518408950986], [13.412197153341177, 52.464420637565404], [13.411300782882757, 52.45996071546848], [13.411794259237421, 52.45841832901722], [13.407446709973911, 52.45868202048529], [13.401563586384132, 52.458100317623206], [13.378869394228401, 52.45267282403737], [13.374326273763034, 52.45101146327893], [13.362487918195484, 52.44445856688183], [13.37389681337514, 52.42605710562545], [13.375906026270044, 52.429753136321445], [13.381825716816893, 52.42936293373681], [13.3823012469432, 52.43110554706828], [13.38679452395686, 52.43106352101055], [13.386081222000865, 52.433809316370734], [13.389924690589181, 52.43435268113095], [13.392474532155276, 52.429861695739355], [13.405544666419832, 52.42837348794297], [13.405141106482636, 52.427934180105936], [13.406202104937348, 52.42743200688198], [13.416835334497206, 52.452236714551894], [13.417679825054279, 52.45220046498361], [13.421194802408529, 52.45674939605826], [13.426565978148064, 52.456698392083474], [13.420607399787196, 52.459366196650784], [13.421422333745024, 52.46065360816891], [13.423230147502071, 52.460402407502784], [13.423008187990792, 52.46131776842881], [13.42197151752922, 52.461515483776004], [13.421551616862235, 52.46576186128515]]]}}, {"type": "Feature", "properties": {"wkr": 46, "wkr_name": "Tempelhof-Schöneberg 6"}, "geometry": {"type": "Polygon", "coordinates": [[[13.392474532155276, 52.429861695739355], [13.389924690589181, 52.43435268113095], [13.386081222000865, 52.433809316370734], [13.38679452395686, 52.43106352101055], [13.3823012469432, 52.43110554706828], [13.381825716816893, 52.42936293373681], [13.375906026270044, 52.429753136321445], [13.37389681337514, 52.42605710562545], [13.37154867630886, 52.42919023358893], [13.367914839313574, 52.42760786191706], [13.36339097885131, 52.421482395204485], [13.34274145585741, 52.41416432861368], [13.34305487972723, 52.40768381971777], [13.359306778239265, 52.39849944875278], [13.371947977342986, 52.39379579226375], [13.370354297451748, 52.38842450875815], [13.387299311733981, 52.38857236837702], [13.385628427692355, 52.38899494943655], [13.38591206476031, 52.39140310121644], [13.388236142683306, 52.39135048776524], [13.388434795926274, 52.394301073542664], [13.391256728492815, 52.39431032076864], [13.389023606364928, 52.39846315987741], [13.391222317588003, 52.398854889479956], [13.392646133982497, 52.3982618911399], [13.393081489490912, 52.39956224213258], [13.395671541126006, 52.39986928222094], [13.394042917472138, 52.402807466154954], [13.398643566059226, 52.40332418063395], [13.392715632163519, 52.41263277820933], [13.40143076324702, 52.41460252192484], [13.399493819495557, 52.418016479997014], [13.400117558215719, 52.41877166479438], [13.404813375647793, 52.42000006934072], [13.405467470893361, 52.42176269694186], [13.402599107127305, 52.42215900472418], [13.406202104937348, 52.42743200688198], [13.405141106482636, 52.427934180105936], [13.405544666419832, 52.42837348794297], [13.392474532155276, 52.429861695739355]]]}}, {"type": "Feature", "properties": {"wkr": 47, "wkr_name": "Tempelhof-Schöneberg 7"}, "geometry": {"type": "Polygon", "coordinates": [[[13.402502945115042, 52.4127083533942], [13.40143076324702, 52.41460252192484], [13.392715632163519, 52.41263277820933], [13.398643566059226, 52.40332418063395], [13.394042917472138, 52.402807466154954], [13.395671541126006, 52.39986928222094], [13.393081489490912, 52.39956224213258], [13.392646133982497, 52.3982618911399], [13.391222317588003, 52.398854889479956], [13.389023606364928, 52.39846315987741], [13.391256728492815, 52.39431032076864], [13.388434795926274, 52.394301073542664], [13.388236142683306, 52.39135048776524], [13.38591206476031, 52.39140310121644], [13.385628427692355, 52.38899494943655], [13.387299311733981, 52.38857236837702], [13.388427617809736, 52.37785872994443], [13.42080954285804, 52.376136564685915], [13.42744281845407, 52.386174552458534], [13.41841758001677, 52.40707579003182], [13.41874485578196, 52.409977294123166], [13.419674146228862, 52.41048937246922], [13.410579970400248, 52.41331831206679], [13.402502945115042, 52.4127083533942]]]}}, {"type": "Feature", "properties": {"wkr": 48, "wkr_name": "Neukölln 1"}, "geometry": {"type": "Polygon", "coordinates": [[[13.44444369038383, 52.48745537849833], [13.420400147512497, 52.49586245344825], [13.42540936881783, 52.48808505555005], [13.423842893084645, 52.48651151690536], [13.431434649049159, 52.48313002904066], [13.432445496109775, 52.483888368124695], [13.434668206193228, 52.482872909628796], [13.445370403700545, 52.476522746625825], [13.446111367389753, 52.47635762630432], [13.447825663999433, 52.477879873225326], [13.4558830893128, 52.47385856514435], [13.458555360820865, 52.48551717870876], [13.458134673808535, 52.485819430202056], [13.456065133846685, 52.48425278903009], [13.446762040415269, 52.48895430227581], [13.44444369038383, 52.48745537849833]]]}}, {"type": "Feature", "properties": {"wkr": 49, "wkr_name": "Neukölln 2"}, "geometry": {"type": "Polygon", "coordinates": [[[13.423494479970678, 52.48640937020865], [13.407715458614144, 52.48874830902521], [13.40852719564232, 52.48714209771745], [13.406762921959022, 52.4852138924052], [13.406062765514402, 52.480984369042616], [13.406621084360747, 52.47823279559143], [13.41088151713964, 52.47772121289372], [13.413487701955125, 52.47870817878921], [13.416875662376013, 52.465395716321375], [13.421357123618506, 52.46581993748173], [13.4211690865147, 52.4667038998672], [13.441721414480567, 52.469272950762765], [13.440604784645663, 52.47375464674333], [13.445103350703935, 52.47418041407476], [13.444545439789044, 52.47492994257613], [13.445569309380149, 52.476469131422654], [13.439887351239035, 52.479400500824035], [13.43778099364068, 52.481247740631474], [13.432445496109775, 52.483888368124695], [13.431434649049159, 52.48313002904066], [13.423494479970678, 52.48640937020865]]]}}, {"type": "Feature", "properties": {"wkr": 50, "wkr_name": "Neukölln 3"}, "geometry": {"type": "Polygon", "coordinates": [[[13.470571222392671, 52.47690376042331], [13.458423196556302, 52.48543341488368], [13.4558830893128, 52.47385856514435], [13.447825663999433, 52.477879873225326], [13.445122888294524, 52.47587083436954], [13.445103350703935, 52.47418041407476], [13.440604784645663, 52.47375464674333], [13.441721414480567, 52.469272950762765], [13.4211690865147, 52.4667038998672], [13.42197151752922, 52.461515483776004], [13.423008187990792, 52.46131776842881], [13.423230147502071, 52.460402407502784], [13.421422333745024, 52.46065360816891], [13.420607399787196, 52.459366196650784], [13.426758571309264, 52.45672477904242], [13.432960189187478, 52.452474505205956], [13.451891211785709, 52.45248601462575], [13.460565031809045, 52.45414217596587], [13.457120917217036, 52.459255208202286], [13.474967899438107, 52.4587627022858], [13.475794698857166, 52.4609124743611], [13.47854736646466, 52.4639804082131], [13.47841255354529, 52.46513143221991], [13.469793586787771, 52.47333143508461], [13.470571222392671, 52.47690376042331]]]}}, {"type": "Feature", "properties": {"wkr": 51, "wkr_name": "Neukölln 4"}, "geometry": {"type": "Polygon", "coordinates": [[[13.462655872564854, 52.45122082366051], [13.460565031809045, 52.45414217596587], [13.452199927763594, 52.45253230217188], [13.45503843766378, 52.4454459498563], [13.449932799698246, 52.44564602496801], [13.449299692424779, 52.44398792904427], [13.446688280407807, 52.441702259675246], [13.447636987546064, 52.436938943904515], [13.451352261970854, 52.43669377935955], [13.450530275524441, 52.43337825647655], [13.449169339597715, 52.432503611224256], [13.446275439290087, 52.42755383695094], [13.450746808334454, 52.42441072177204], [13.468018014509727, 52.42003280683821], [13.466939419971965, 52.42225621217191], [13.468529012498097, 52.42332507339082], [13.473295379069496, 52.423121060401925], [13.482140744692382, 52.423846644581374], [13.482288111767641, 52.42553453305764], [13.48323995881732, 52.425763953744685], [13.479753428475334, 52.42828494559128], [13.488730993091103, 52.43553635517906], [13.487196286690676, 52.43644902746425], [13.489113870316949, 52.43777616880977], [13.466138840243932, 52.44882795075223], [13.462655872564854, 52.45122082366051]]]}}, {"type": "Feature", "properties": {"wkr": 52, "wkr_name": "Neukölln 5"}, "geometry": {"type": "Polygon", "coordinates": [[[13.426758571309264, 52.45672477904242], [13.421194802408529, 52.45674939605826], [13.417679825054279, 52.45220046498361], [13.416835334497206, 52.452236714551894], [13.41037725951964, 52.43614246502702], [13.406866376885036, 52.43013825047584], [13.405757115614355, 52.42645791276612], [13.402599107127305, 52.42215900472418], [13.405467470893361, 52.42176269694186], [13.404813375647793, 52.42000006934072], [13.400117558215719, 52.41877166479438], [13.399493819495557, 52.418016479997014], [13.402502945115042, 52.4127083533942], [13.410579970400248, 52.41331831206679], [13.419582999717402, 52.410182764124166], [13.431933306081893, 52.41251520403168], [13.44705758986504, 52.41668376865192], [13.454686614911253, 52.41945224170566], [13.463355731952507, 52.42105518288088], [13.450746808334454, 52.42441072177204], [13.446275439290087, 52.42755383695094], [13.449169339597715, 52.432503611224256], [13.450530275524441, 52.43337825647655], [13.451352261970854, 52.43669377935955], [13.447636987546064, 52.436938943904515], [13.446688280407807, 52.441702259675246], [13.449299692424779, 52.44398792904427], [13.449932799698246, 52.44564602496801], [13.45503843766378, 52.4454459498563], [13.452199927763594, 52.45253230217188], [13.432960189187478, 52.452474505205956], [13.426758571309264, 52.45672477904242]]]}}, {"type": "Feature", "properties": {"wkr": 53, "wkr_name": "Neukölln 6"}, "geometry": {"type": "Polygon", "coordinates": [[[13.51864598549573, 52.42226254321388], [13.520430385237782, 52.426588566449496], [13.513419173612885, 52.42731270647763], [13.508608691431636, 52.428522125638736], [13.489113870316949, 52.43777616880977], [13.487196286690676, 52.43644902746425], [13.488730993091103, 52.43553635517906], [13.479753428475334, 52.42828494559128], [13.48323995881732, 52.425763953744685], [13.482288111767641, 52.42553453305764], [13.482140744692382, 52.423846644581374], [13.473295379069496, 52.423121060401925], [13.468739121069875, 52.42335231464066], [13.46722113727646, 52.422805681616175], [13.471009137163357, 52.414059438147326], [13.477607029591757, 52.40342761826947], [13.479760898540682, 52.39594432244007], [13.486475761368668, 52.397412830741345], [13.515999901345538, 52.40178560104345], [13.516649878545572, 52.403331029726075], [13.521784187378934, 52.40744172672769], [13.524062259486502, 52.413590653068525], [13.522259960662334, 52.41442754510976], [13.52295860197953, 52.41544905094053], [13.522119692643043, 52.41843101377828], [13.51864598549573, 52.42226254321388]]]}}, {"type": "Feature", "properties": {"wkr": 54, "wkr_name": "Treptow-Köpenick 1"}, "geometry": {"type": "Polygon", "coordinates": [[[13.452731518634785, 52.49757511448908], [13.450906084827825, 52.49710511341558], [13.447658750255819, 52.49471879025363], [13.44497587966468, 52.494420839172555], [13.439657766742048, 52.48990845437959], [13.44444369038383, 52.48745537849833], [13.446762040415269, 52.48895430227581], [13.456065133846685, 52.48425278903009], [13.458134673808535, 52.485819430202056], [13.470571222392671, 52.47690376042331], [13.469793586787771, 52.47333143508461], [13.47841255354529, 52.46513143221991], [13.47854736646466, 52.4639804082131], [13.474964805861584, 52.45880673303773], [13.482047100632604, 52.45877516673525], [13.485566938819183, 52.459427368718146], [13.490403106510172, 52.46166441072964], [13.497913064361024, 52.46898976586912], [13.499026967204776, 52.46899636167873], [13.49648130797865, 52.47048447850233], [13.494842516825813, 52.47277785721601], [13.494480600969675, 52.47520025582345], [13.495607618942035, 52.478771006927836], [13.492739736723657, 52.48581602019688], [13.490819736406676, 52.4873936824883], [13.488499787155627, 52.48783493677929], [13.482954248819452, 52.48604538456674], [13.481681583849669, 52.48763356826634], [13.479420925731795, 52.487921944418574], [13.478630439731214, 52.487031280533884], [13.476128209021024, 52.48995417330026], [13.464213064561564, 52.49373976274981], [13.463196880364166, 52.49421375653157], [13.463977085789331, 52.495047891298775], [13.463381026427184, 52.49537867758027], [13.452731518634785, 52.49757511448908]]]}}, {"type": "Feature", "properties": {"wkr": 55, "wkr_name": "Treptow-Köpenick 2"}, "geometry": {"type": "Polygon", "coordinates": [[[13.501887418120097, 52.482575536688366], [13.494178673245395, 52.48311895184697], [13.495607618942035, 52.478771006927836], [13.494480600969675, 52.47520025582345], [13.494842516825813, 52.47277785721601], [13.49648130797865, 52.47048447850233], [13.498815809378437, 52.46924955852698], [13.502606089409312, 52.46360276340062], [13.514676599914052, 52.45844652377181], [13.51914364608589, 52.45757355134987], [13.52169000171991, 52.454540128675866], [13.524016558433022, 52.45352666630706], [13.528510820084126, 52.45267583003385], [13.530807880846975, 52.45293562270845], [13.53748988980692, 52.45539778154914], [13.540146177561565, 52.45560823455633], [13.545428093091818, 52.45514465237519], [13.555101969337038, 52.453103697390894], [13.565011814902315, 52.45313260451813], [13.568095282863547, 52.44956195376763], [13.569020141870288, 52.449793362271485], [13.573303838447778, 52.448105859414305], [13.571516862429757, 52.44453823034468], [13.571172653031612, 52.44225365330367], [13.571994261789404, 52.44143624366177], [13.573933641904695, 52.44169503436316], [13.575043334522611, 52.44346500010105], [13.57672753946814, 52.44426809630047], [13.579715969230298, 52.44447074245295], [13.579081510324807, 52.445024969863425], [13.584106636590343, 52.446798141217094], [13.589051929166745, 52.44952545878359], [13.593070283235145, 52.44951676719064], [13.596077691530397, 52.45041917318264], [13.603603502458789, 52.449636906775524], [13.60462696900327, 52.45042914136288], [13.61197771706549, 52.44794707826629], [13.612541959423561, 52.45360428116755], [13.610661055185766, 52.45680348943307], [13.611617785201132, 52.45771632853475], [13.601419653319098, 52.458218792594764], [13.601228335666587, 52.45750478256234], [13.597114601932612, 52.45685724807892], [13.597049900709772, 52.459008640342724], [13.587242899104195, 52.459283505647065], [13.57970638343118, 52.459013880471424], [13.57929499377141, 52.45851495774096], [13.57708631990096, 52.45894811780027], [13.571836701886994, 52.460553536313164], [13.557406110235073, 52.46677827595505], [13.552795328852707, 52.469027560645095], [13.553331365464109, 52.46966504640155], [13.539906477873538, 52.47502823728074], [13.530766478002905, 52.46793434250592], [13.521580475920919, 52.4752165506472], [13.520313165641348, 52.47406782860046], [13.514805054889383, 52.47568036830007], [13.507856219290863, 52.474904364682544], [13.504322594733225, 52.478122491596544], [13.501887418120097, 52.482575536688366]]]}}, {"type": "Feature", "properties": {"wkr": 56, "wkr_name": "Treptow-Köpenick 3"}, "geometry": {"type": "Polygon", "coordinates": [[[13.49883265971008, 52.46902041653591], [13.497913064361024, 52.46898976586912], [13.490403106510172, 52.46166441072964], [13.48524501792857, 52.45933351516995], [13.479457996879276, 52.4587216767264], [13.457038632059824, 52.45922902885248], [13.463911408481529, 52.45018998665928], [13.497766752683464, 52.43342568096377], [13.510828893813313, 52.42785480268459], [13.519896396308205, 52.42673277359762], [13.521297551733808, 52.426048338162154], [13.545242848298198, 52.42477127643418], [13.555390027603003, 52.42591910393289], [13.520024831525694, 52.44980442814698], [13.523917271421714, 52.45004783458527], [13.524180363130814, 52.449497177914125], [13.53079124208457, 52.447918398166216], [13.532983983259896, 52.44643459120366], [13.532790019158446, 52.44773660954752], [13.540415233604412, 52.44815217939369], [13.5428700857333, 52.45018145559418], [13.553304873180634, 52.447968188421775], [13.554960302741076, 52.45082609006725], [13.558499570740452, 52.449840784583174], [13.558219596137608, 52.4531391792654], [13.55324227276738, 52.45334250936117], [13.545428093091818, 52.45514465237519], [13.540146177561565, 52.45560823455633], [13.53748988980692, 52.45539778154914], [13.530807880846975, 52.45293562270845], [13.528510820084126, 52.45267583003385], [13.524237359064475, 52.45346035548669], [13.52169000171991, 52.454540128675866], [13.51914364608589, 52.45757355134987], [13.514676599914052, 52.45844652377181], [13.502606089409312, 52.46360276340062], [13.49883265971008, 52.46902041653591]]]}}, {"type": "Feature", "properties": {"wkr": 57, "wkr_name": "Treptow-Köpenick 4"}, "geometry": {"type": "Polygon", "coordinates": [[[13.545242848298198, 52.42477127643418], [13.520459150230089, 52.426241704734714], [13.518434200911445, 52.42290939502458], [13.522119692643043, 52.41843101377828], [13.52295860197953, 52.41544905094053], [13.522259960662334, 52.41442754510976], [13.524062259486502, 52.413590653068525], [13.521784187378934, 52.40744172672769], [13.516649878545572, 52.403331029726075], [13.515999901345538, 52.40178560104345], [13.521807813379741, 52.40057496562009], [13.529698810351132, 52.397300599564254], [13.538427495674892, 52.40063341375403], [13.537207421489954, 52.39803262768455], [13.536302867497222, 52.39782075301423], [13.535111824078514, 52.39334710450845], [13.535486552701903, 52.388990582553944], [13.564156439518973, 52.388134699831056], [13.582902459936884, 52.39145829742737], [13.59279820505481, 52.39383133453967], [13.592991265207408, 52.39690308130985], [13.59034373865372, 52.39716921548815], [13.588555184838308, 52.399644518718475], [13.586463284760976, 52.39940119067773], [13.584300275510268, 52.40132989970974], [13.5867867492783, 52.40356698111318], [13.57624421672455, 52.40971870180305], [13.572799763540928, 52.412969009400115], [13.55435843486133, 52.42568572621091], [13.545242848298198, 52.42477127643418]]]}}, {"type": "Feature", "properties": {"wkr": 58, "wkr_name": "Treptow-Köpenick 5"}, "geometry": {"type": "Polygon", "coordinates": [[[13.56467664764992, 52.45320824670705], [13.558219596137608, 52.4531391792654], [13.558499570740452, 52.449840784583174], [13.554960302741076, 52.45082609006725], [13.553304873180634, 52.447968188421775], [13.5428700857333, 52.45018145559418], [13.540415233604412, 52.44815217939369], [13.532790019158446, 52.44773660954752], [13.532983983259896, 52.44643459120366], [13.53079124208457, 52.447918398166216], [13.524180363130814, 52.449497177914125], [13.523917271421714, 52.45004783458527], [13.520024831525694, 52.44980442814698], [13.555390027603003, 52.42591910393289], [13.55435843486133, 52.42568572621091], [13.572799763540928, 52.412969009400115], [13.57624421672455, 52.40971870180305], [13.5867867492783, 52.40356698111318], [13.584300275510268, 52.40132989970974], [13.586463284760976, 52.39940119067773], [13.588555184838308, 52.399644518718475], [13.59034373865372, 52.39716921548815], [13.592991265207408, 52.39690308130985], [13.592693921492225, 52.393812432723166], [13.594153625635679, 52.392445044330685], [13.593672178187749, 52.38995915878516], [13.595202120676122, 52.38874545082824], [13.59494174303246, 52.38723379849168], [13.596119088208114, 52.38597864459318], [13.599385899449976, 52.3854033762366], [13.602995880266615, 52.38283840128345], [13.606394493031024, 52.379117572140565], [13.605466939179896, 52.377969793604045], [13.606804102281586, 52.376024370066354], [13.605812576668665, 52.37362112055414], [13.62851027664572, 52.38134974721241], [13.63323536171321, 52.37623964499925], [13.642677697474301, 52.37750585243856], [13.642841791833986, 52.37258013980779], [13.642095268800919, 52.37080623843899], [13.646828532669101, 52.37015126484445], [13.647188233131105, 52.36701748523533], [13.646099587513842, 52.36527062798382], [13.641142740738687, 52.3630947401259], [13.639082564582486, 52.36097767686511], [13.637790435842469, 52.34821015589282], [13.636700083507323, 52.34814105886958], [13.636318238798587, 52.34681193131081], [13.637162969796451, 52.34472779634373], [13.642816402150366, 52.339938020796964], [13.644494874091805, 52.33991350826497], [13.64590575736875, 52.33863264849012], [13.648844330474043, 52.338336452820094], [13.65169271736685, 52.339463728530994], [13.651142809524378, 52.34259577983359], [13.656111638303825, 52.34781061853926], [13.657085742332237, 52.35161182015593], [13.662020414314998, 52.35421123052971], [13.663633148588337, 52.357403767709904], [13.666200922871559, 52.35808592889058], [13.666349433530955, 52.3616204140481], [13.668248262612074, 52.36401115818867], [13.670007683166762, 52.364767212198664], [13.671502596954761, 52.366652091445495], [13.679207559489177, 52.36944289716884], [13.68282819155028, 52.36950592206954], [13.687234138565096, 52.367304644187946], [13.689984705472186, 52.36784959160459], [13.692200630845191, 52.36720491512349], [13.691276553904178, 52.3677742960543], [13.693081191314016, 52.36797459335551], [13.69285249555514, 52.36917446721111], [13.699955927314276, 52.375586852015445], [13.700404054873294, 52.37750346391701], [13.69720125154154, 52.37743893057094], [13.698830534788721, 52.38149639323856], [13.695180253681853, 52.38095487941843], [13.68972633926331, 52.38325048077572], [13.687907744738457, 52.3829539812152], [13.686117407128851, 52.38398838922607], [13.688028866921435, 52.38606106698129], [13.687288181549693, 52.38737760848296], [13.682050369963905, 52.388370542381416], [13.679047975891294, 52.388264108396534], [13.678863887486495, 52.386687911410064], [13.671599155199727, 52.38497533050211], [13.669657708945397, 52.382159588474714], [13.657346670930245, 52.38048113923439], [13.648772889948283, 52.385497738729335], [13.645096789440306, 52.39263751546427], [13.642721074369982, 52.39547051479914], [13.639211957046946, 52.39696815514441], [13.628264498484526, 52.40377991946036], [13.626508641145668, 52.40743125101012], [13.624764347540776, 52.408855640714414], [13.623249270462619, 52.40924833282759], [13.614276623709179, 52.40870856140517], [13.605498252916014, 52.41105198861647], [13.600315286404053, 52.413197897515865], [13.591683275453772, 52.41239766845183], [13.587110157445318, 52.41369482705091], [13.584719980162916, 52.41579331299621], [13.584773850451665, 52.41943116032252], [13.582161950292269, 52.422338320107116], [13.581475464872211, 52.42523538121208], [13.579490599507574, 52.42690794021877], [13.575712112020142, 52.42848625105436], [13.573989135539811, 52.43215657447214], [13.576785979306685, 52.43701508993007], [13.571172653031612, 52.44225365330367], [13.573303838447778, 52.448105859414305], [13.569020141870288, 52.449793362271485], [13.568095282863547, 52.44956195376763], [13.56467664764992, 52.45320824670705]]]}}, {"type": "Feature", "properties": {"wkr": 59, "wkr_name": "Treptow-Köpenick 6"}, "geometry": {"type": "Polygon", "coordinates": [[[13.601947159103698, 52.44892759678196], [13.589051929166745, 52.44952545878359], [13.587335919901136, 52.44900188268884], [13.584106636590343, 52.446798141217094], [13.579081510324807, 52.445024969863425], [13.579715969230298, 52.44447074245295], [13.57672753946814, 52.44426809630047], [13.575043334522611, 52.44346500010105], [13.573933641904695, 52.44169503436316], [13.571994261789404, 52.44143624366177], [13.576785979306685, 52.43701508993007], [13.574010198817106, 52.43298875298035], [13.575376506384426, 52.42884198131731], [13.581475464872211, 52.42523538121208], [13.582161950292269, 52.422338320107116], [13.584773850451665, 52.41943116032252], [13.585273341984772, 52.414996382632495], [13.587851178094523, 52.41333560033012], [13.590799970395205, 52.41248278073257], [13.600315286404053, 52.413197897515865], [13.605498252916014, 52.41105198861647], [13.614067949062218, 52.40873550039057], [13.623249270462619, 52.40924833282759], [13.624764347540776, 52.408855640714414], [13.626508641145668, 52.40743125101012], [13.628264498484526, 52.40377991946036], [13.639211957046946, 52.39696815514441], [13.642721074369982, 52.39547051479914], [13.645096789440306, 52.39263751546427], [13.648772889948283, 52.385497738729335], [13.657346670930245, 52.38048113923439], [13.669657708945397, 52.382159588474714], [13.671599155199727, 52.38497533050211], [13.678863887486495, 52.386687911410064], [13.679047975891294, 52.388264108396534], [13.682386637708058, 52.38833446156559], [13.687288181549693, 52.38737760848296], [13.688539926014931, 52.385519388627046], [13.690084706120278, 52.38530198043647], [13.697506087373092, 52.38985404947793], [13.698287618948937, 52.39172013640467], [13.699022344834924, 52.39188054940413], [13.698777843232255, 52.39058030763939], [13.702466554510032, 52.39333693426543], [13.704529248151134, 52.39347667633238], [13.706556399918005, 52.39507316897427], [13.708750242082168, 52.39537900384132], [13.715835373461337, 52.399700977932966], [13.718027008364784, 52.398797921725865], [13.719840517695923, 52.399066100026374], [13.722791719710749, 52.39822615446326], [13.72745052680026, 52.40022809758762], [13.728859899758275, 52.39976675868614], [13.729407445431296, 52.400199442959405], [13.730199514453071, 52.39964336643455], [13.731305366110934, 52.400074650105374], [13.734267881824096, 52.40213174094905], [13.735360206457464, 52.405981560564804], [13.73864897582733, 52.40724021478598], [13.736881433190966, 52.40967459711071], [13.734083148687084, 52.41075469682851], [13.72990825420469, 52.415836843313805], [13.731403403177339, 52.4197384590948], [13.730271774901478, 52.419807760642676], [13.729763238051175, 52.41793447411778], [13.725132851110148, 52.41638104258082], [13.721010120450742, 52.418401945338665], [13.71977418331988, 52.42127419046139], [13.714176405950527, 52.425541793422056], [13.702427738745191, 52.42638842126767], [13.698090615373067, 52.42887506850157], [13.693111198457089, 52.42986743176993], [13.690075446345858, 52.430007508097745], [13.685164725812324, 52.428705192334434], [13.67803090341981, 52.43069819719961], [13.674652954173713, 52.43398067713179], [13.675744650388657, 52.43859309577648], [13.672378512127192, 52.445513311572256], [13.655068578897058, 52.44837387698749], [13.648735311521712, 52.44842378162824], [13.646072658925833, 52.4473054174921], [13.641958666140441, 52.446590697770596], [13.633965198325342, 52.44683952538961], [13.628187983814565, 52.44421295643396], [13.627214399344293, 52.44402245085315], [13.625859905144754, 52.44481058720446], [13.617805281946973, 52.443157637989096], [13.608599031794531, 52.446967879841246], [13.601947159103698, 52.44892759678196]]]}}, {"type": "Feature", "properties": {"wkr": 60, "wkr_name": "Treptow-Köpenick 7"}, "geometry": {"type": "Polygon", "coordinates": [[[13.603063985824415, 52.47278830776417], [13.586343187190602, 52.48111537269245], [13.581872727077911, 52.47996888608346], [13.57970944338714, 52.48102308746227], [13.57511728504317, 52.47948006151138], [13.57386702115663, 52.47649947069168], [13.573055354472132, 52.47665402215604], [13.566612263701646, 52.473717561665595], [13.559640697926891, 52.473240965484294], [13.547991103111931, 52.4738646936892], [13.548477733367648, 52.4733096394399], [13.542435439177776, 52.4739489605126], [13.553331365464109, 52.46966504640155], [13.552795328852707, 52.469027560645095], [13.557406110235073, 52.46677827595505], [13.571836701886994, 52.460553536313164], [13.57708631990096, 52.45894811780027], [13.57929499377141, 52.45851495774096], [13.57970638343118, 52.459013880471424], [13.587242899104195, 52.459283505647065], [13.597049900709772, 52.459008640342724], [13.597114601932612, 52.45685724807892], [13.601228335666587, 52.45750478256234], [13.601419653319098, 52.458218792594764], [13.611617785201132, 52.45771632853475], [13.610661055185766, 52.45680348943307], [13.612541959423561, 52.45360428116755], [13.61197771706549, 52.44794707826629], [13.60462696900327, 52.45042914136288], [13.603603502458789, 52.449636906775524], [13.594843516140799, 52.45035660680975], [13.594948692797892, 52.44932047024961], [13.601947159103698, 52.44892759678196], [13.608599031794531, 52.446967879841246], [13.61755085495141, 52.4431944649667], [13.625859905144754, 52.44481058720446], [13.627214399344293, 52.44402245085315], [13.628187983814565, 52.44421295643396], [13.633965198325342, 52.44683952538961], [13.641958666140441, 52.446590697770596], [13.646072658925833, 52.4473054174921], [13.648735311521712, 52.44842378162824], [13.655068578897058, 52.44837387698749], [13.672378512127192, 52.445513311572256], [13.675744650388657, 52.43859309577648], [13.674652954173713, 52.43398067713179], [13.67803090341981, 52.43069819719961], [13.685164725812324, 52.428705192334434], [13.690075446345858, 52.430007508097745], [13.693111198457089, 52.42986743176993], [13.698090615373067, 52.42887506850157], [13.702427738745191, 52.42638842126767], [13.714176405950527, 52.425541793422056], [13.71977418331988, 52.42127419046139], [13.721010120450742, 52.418401945338665], [13.725132851110148, 52.41638104258082], [13.729780904975215, 52.417947039878996], [13.730271774901478, 52.419807760642676], [13.731391612304916, 52.41972498921683], [13.73104655787943, 52.42049995202002], [13.737656019128, 52.426690247529066], [13.74076602321298, 52.426416772315484], [13.741727677812028, 52.42819340885179], [13.738931698720966, 52.42886112708842], [13.740099469514766, 52.432472666229735], [13.729699259319275, 52.433977622778116], [13.72631285862522, 52.43518116450101], [13.722804398957384, 52.437137794655115], [13.731426476793557, 52.43379905896254], [13.74288833345513, 52.43293096338031], [13.74407235004145, 52.43806479284126], [13.750515233484943, 52.44147583343752], [13.756303857471424, 52.44161339008571], [13.754452817558988, 52.43668620623238], [13.75998005817446, 52.43617143088986], [13.76097177687741, 52.43735565084857], [13.76092336849466, 52.43787693519132], [13.755313651830077, 52.43841700741946], [13.757081369106638, 52.442960536431904], [13.754366026290771, 52.443277147912404], [13.756431967842808, 52.44616950424545], [13.755384307645546, 52.44600080547779], [13.753811832860627, 52.4474412833166], [13.749233750238297, 52.44866742847218], [13.73776083118906, 52.4496394908894], [13.735558420844686, 52.450613009892116], [13.729067785242629, 52.45078329333977], [13.720572837665769, 52.45675034549236], [13.715964619717502, 52.46291699077703], [13.711504364607805, 52.46329324018394], [13.70569967283288, 52.46555114059838], [13.701254719602199, 52.46822398121641], [13.699079971366427, 52.468281059288536], [13.702089798560324, 52.46436188287491], [13.703353541480151, 52.46004746712639], [13.70525695991647, 52.45986917203785], [13.705582622271606, 52.45769687675324], [13.704624132057418, 52.45475348319526], [13.698346615528573, 52.455259837532395], [13.697528269235184, 52.46047799313178], [13.695439033427263, 52.464184435105444], [13.68277465069264, 52.466065792297584], [13.678636381464909, 52.46923549505462], [13.667238290757686, 52.474283305957144], [13.66264770918813, 52.47375549839632], [13.648304481189937, 52.47872866142766], [13.643216590829034, 52.47922017361245], [13.628178671411042, 52.47354183152301], [13.625341335877325, 52.47369641558346], [13.625207582760797, 52.46874297619797], [13.622903234531018, 52.46878067884311], [13.623374266164227, 52.46671016651777], [13.622754821557152, 52.4664495374429], [13.621381976006502, 52.46663641212197], [13.622004234971662, 52.46804374505253], [13.621021240738823, 52.46849483604797], [13.62116225593935, 52.470462019344176], [13.617121240732093, 52.471201380028695], [13.615071740785586, 52.46971121958904], [13.608149145634338, 52.471089817554045], [13.608373563087069, 52.47285213255289], [13.603063985824415, 52.47278830776417]]]}}, {"type": "Feature", "properties": {"wkr": 61, "wkr_name": "Marzahn-Hellersdorf 1"}, "geometry": {"type": "Polygon", "coordinates": [[[13.568535774911595, 52.57323594432653], [13.567703664760984, 52.57450621554437], [13.56646532253189, 52.572928477624274], [13.564407301902559, 52.57219322712323], [13.545640845329553, 52.567773174108304], [13.54452903387209, 52.56688185594851], [13.553417622027274, 52.56322928728541], [13.554163885223142, 52.564069977405985], [13.558579737782084, 52.56267250066325], [13.554351134278487, 52.55779306052469], [13.559714683375942, 52.55620829482726], [13.563465281205747, 52.5564170346089], [13.570284878022285, 52.555641775608194], [13.569358377179848, 52.55198340417256], [13.57091985341431, 52.551803517007556], [13.57077450304065, 52.55132806531534], [13.572872011050906, 52.550398033466074], [13.571617450345466, 52.546105290346496], [13.586243875577663, 52.54958644545316], [13.58772519414644, 52.55488535631518], [13.5844296687404, 52.559853745324745], [13.58336181990157, 52.56767696163901], [13.581539900132139, 52.57110461086852], [13.577888004708194, 52.57112473899622], [13.576964007969371, 52.572901514833475], [13.574967165364225, 52.573828520440586], [13.568535774911595, 52.57323594432653]]]}}, {"type": "Feature", "properties": {"wkr": 62, "wkr_name": "Marzahn-Hellersdorf 2"}, "geometry": {"type": "Polygon", "coordinates": [[[13.553417622027274, 52.56322928728541], [13.54452903387209, 52.56688185594851], [13.541202161500498, 52.56601591341904], [13.533949439413044, 52.56038676241029], [13.5253541405184, 52.555317678245416], [13.532264906505072, 52.53931309406018], [13.531661152639538, 52.538386107944184], [13.537416911144533, 52.53958666874698], [13.534807518487243, 52.5349539490835], [13.53713395390071, 52.53449022485853], [13.55115754755854, 52.53360759689559], [13.566520956062387, 52.53426068002957], [13.5710218731334, 52.544539795114794], [13.5772754092527, 52.54377466584057], [13.57722435637464, 52.54418694773311], [13.57513402391155, 52.547064149814176], [13.571497266903123, 52.546297778839424], [13.572872011050906, 52.550398033466074], [13.57077450304065, 52.55132806531534], [13.57091985341431, 52.551803517007556], [13.569358377179848, 52.55198340417256], [13.570284878022285, 52.555641775608194], [13.563465281205747, 52.5564170346089], [13.559714683375942, 52.55620829482726], [13.554351134278487, 52.55779306052469], [13.558579737782084, 52.56267250066325], [13.554163885223142, 52.564069977405985], [13.553417622027274, 52.56322928728541]]]}}, {"type": "Feature", "properties": {"wkr": 63, "wkr_name": "Marzahn-Hellersdorf 3"}, "geometry": {"type": "Polygon", "coordinates": [[[13.618713780221645, 52.54421187961519], [13.586408626537168, 52.549980108326324], [13.57513402391155, 52.547064149814176], [13.5772754092527, 52.54377466584057], [13.5710218731334, 52.544539795114794], [13.569093508975131, 52.53880721587191], [13.566713664267077, 52.53510482990199], [13.573135480415944, 52.534053549867124], [13.574863416319824, 52.53426639443633], [13.577964219300899, 52.53216182383815], [13.583989413800678, 52.53016996239665], [13.589092319056338, 52.529716000501516], [13.589417766998007, 52.5303474180857], [13.59071562049829, 52.53012064124037], [13.593650427799203, 52.533436419891295], [13.605019906041898, 52.5364676506674], [13.607409763496472, 52.53365778283128], [13.625055746651256, 52.52960468491054], [13.62568606920393, 52.53018240515148], [13.624806242482228, 52.533577498450796], [13.625742002813615, 52.53403851336522], [13.624816391382184, 52.538105794280575], [13.627537014238099, 52.537483032596576], [13.628854602395787, 52.53797547092616], [13.633945044139159, 52.53765083824378], [13.63764803100592, 52.54092521870284], [13.637213558369064, 52.54226334835534], [13.634388114384636, 52.54282343317324], [13.618713780221645, 52.54421187961519]]]}}, {"type": "Feature", "properties": {"wkr": 64, "wkr_name": "Marzahn-Hellersdorf 4"}, "geometry": {"type": "Polygon", "coordinates": [[[13.535342852728194, 52.53476924083842], [13.537416911144533, 52.53958666874698], [13.530593959998951, 52.53845624316689], [13.522446275866669, 52.536144345308834], [13.516882927394688, 52.53554712590178], [13.518689373675041, 52.53267220991428], [13.519410536985186, 52.52455986334833], [13.518551143700435, 52.51390918287878], [13.533981361009124, 52.51362026701921], [13.536909043483218, 52.5124704412723], [13.537846539147791, 52.509923467422624], [13.53621299627042, 52.509992331583305], [13.536296927157617, 52.50640317863208], [13.535198558202366, 52.505548619895244], [13.539490611617481, 52.49854414542322], [13.542144587129284, 52.49824860244569], [13.544083236493524, 52.496207306119494], [13.54475725579404, 52.4932206202811], [13.55013868684099, 52.4854894128611], [13.547909442530862, 52.4825115863861], [13.547880469358764, 52.47977873088437], [13.550853949703129, 52.47701367456789], [13.552044245239102, 52.473745983640974], [13.559640697926891, 52.473240965484294], [13.566612263701646, 52.473717561665595], [13.568185105762634, 52.474704091762796], [13.567459495799016, 52.47670261730359], [13.563511430280915, 52.47936865336426], [13.563701077841067, 52.48452731767158], [13.565321666211121, 52.48526094829642], [13.566860184256752, 52.48942523338663], [13.570177266421178, 52.49266023507153], [13.56916538442648, 52.49298506751915], [13.568196759342621, 52.49620629819055], [13.569092370737428, 52.49816132124919], [13.572517519750559, 52.50041046055969], [13.57730710706953, 52.50094004481786], [13.579523860724498, 52.50457149985753], [13.578677809246319, 52.50660751164138], [13.573897369895354, 52.51022706694611], [13.573440670025821, 52.512768252604154], [13.57651197346321, 52.51909698837283], [13.577781990855618, 52.52563160374259], [13.584147157838732, 52.53015695900851], [13.577964219300899, 52.53216182383815], [13.574863416319824, 52.53426639443633], [13.573135480415944, 52.534053549867124], [13.567115350964356, 52.535126298086794], [13.566520956062387, 52.53426068002957], [13.55115754755854, 52.53360759689559], [13.535342852728194, 52.53476924083842]]]}}, {"type": "Feature", "properties": {"wkr": 65, "wkr_name": "Marzahn-Hellersdorf 5"}, "geometry": {"type": "Polygon", "coordinates": [[[13.640621913622805, 52.530416980136025], [13.626007298085229, 52.53039718355105], [13.625273502010186, 52.52928554913869], [13.621358654815335, 52.52701815607799], [13.62079869613571, 52.52745577483047], [13.619132359074243, 52.526665772229904], [13.618407369270704, 52.52704405841495], [13.617731350304103, 52.525592690355595], [13.616642539005142, 52.525508133883555], [13.61674291308034, 52.52467239638973], [13.615153228914776, 52.52442602810386], [13.61487942297771, 52.52352375628656], [13.61318062118423, 52.523756331418575], [13.61335928526379, 52.52243802952014], [13.612597585692173, 52.5224864715864], [13.610055643481124, 52.519964535448786], [13.61047716931015, 52.519434387448314], [13.60925497292776, 52.51804670026248], [13.610829985037567, 52.517383710060756], [13.605112276718327, 52.51248157858643], [13.603267057300595, 52.511757820009194], [13.578801065302331, 52.51247845909007], [13.577990157023251, 52.51319525609086], [13.573783406186179, 52.5131548252331], [13.573897369895354, 52.51022706694611], [13.578677809246319, 52.50660751164138], [13.579548812109953, 52.50465149024097], [13.57730710706953, 52.50094004481786], [13.572151043670935, 52.50025842109473], [13.569252629322538, 52.498345623969335], [13.568211086969086, 52.49650555910994], [13.56916538442648, 52.49298506751915], [13.570177266421178, 52.49266023507153], [13.566860184256752, 52.48942523338663], [13.565321666211121, 52.48526094829642], [13.563701077841067, 52.48452731767158], [13.56347930947588, 52.47968273259975], [13.567459495799016, 52.47670261730359], [13.568185105762634, 52.474704091762796], [13.573423672334584, 52.47679313739536], [13.57387963364552, 52.47650718323902], [13.57511728504317, 52.47948006151138], [13.57970944338714, 52.48102308746227], [13.581872727077911, 52.47996888608346], [13.586343187190602, 52.48111537269245], [13.603063985824415, 52.47278830776417], [13.608373563087069, 52.47285213255289], [13.608149145634338, 52.471089817554045], [13.611311748396574, 52.47047557034682], [13.616483213358425, 52.47482743972614], [13.613545489702569, 52.475613493740404], [13.614890731739695, 52.48076117420142], [13.629711985409074, 52.49303199043074], [13.623999410228446, 52.49419579027442], [13.626764463280809, 52.49906834369004], [13.629194639573578, 52.50614875656603], [13.633136405613847, 52.51170951220629], [13.635773460293635, 52.51421387513258], [13.642455105162059, 52.518549146985094], [13.658500120510299, 52.52594266698659], [13.656908601527595, 52.52983515073459], [13.646250521059748, 52.52967657319971], [13.640621913622805, 52.530416980136025]]]}}, {"type": "Feature", "properties": {"wkr": 66, "wkr_name": "Marzahn-Hellersdorf 6"}, "geometry": {"type": "Polygon", "coordinates": [[[13.605019906041898, 52.5364676506674], [13.593650427799203, 52.533436419891295], [13.59071562049829, 52.53012064124037], [13.589417766998007, 52.5303474180857], [13.589092319056338, 52.529716000501516], [13.584147157838732, 52.53015695900851], [13.578020422860847, 52.525864451790966], [13.57651197346321, 52.51909698837283], [13.573783406186179, 52.5131548252331], [13.577990157023251, 52.51319525609086], [13.578801065302331, 52.51247845909007], [13.60257036327929, 52.51176217606341], [13.605112276718327, 52.51248157858643], [13.610890358508257, 52.51745201559218], [13.60925497292776, 52.51804670026248], [13.61047716931015, 52.519434387448314], [13.610055643481124, 52.519964535448786], [13.612597585692173, 52.5224864715864], [13.61335928526379, 52.52243802952014], [13.61318062118423, 52.523756331418575], [13.61487942297771, 52.52352375628656], [13.615153228914776, 52.52442602810386], [13.616819516318932, 52.52472092967438], [13.616642539005142, 52.525508133883555], [13.617731350304103, 52.525592690355595], [13.618407369270704, 52.52704405841495], [13.619132359074243, 52.526665772229904], [13.62079869613571, 52.52745577483047], [13.621358654815335, 52.52701815607799], [13.625438531139798, 52.529463482828085], [13.607809178867413, 52.533526643010426], [13.605019906041898, 52.5364676506674]]]}}, {"type": "Feature", "properties": {"wkr": 67, "wkr_name": "Lichtenberg 1"}, "geometry": {"type": "Polygon", "coordinates": [[[13.508143411556452, 52.59215054506814], [13.505174582437231, 52.59646393371921], [13.48896520973568, 52.590051130276066], [13.48549920463117, 52.58734981530628], [13.4989449559321, 52.57670865655997], [13.498112701969893, 52.57529509405514], [13.495072619917263, 52.573813495580126], [13.495953816492978, 52.57310813757745], [13.495694499305982, 52.572022292284935], [13.505027230755031, 52.56319497731716], [13.502147582020456, 52.56203363978438], [13.509710863098752, 52.559801015066434], [13.513559414082373, 52.56151486265547], [13.512320090548059, 52.56290926882821], [13.515322144996924, 52.56419628369369], [13.526150719405319, 52.55578295467998], [13.533949439413044, 52.56038676241029], [13.541157955297745, 52.56599790845822], [13.543916027025999, 52.566617229257076], [13.545640845329553, 52.567773174108304], [13.56646532253189, 52.572928477624274], [13.567703664760984, 52.57450621554437], [13.561861321222027, 52.58038029417047], [13.547206065910993, 52.58797749267468], [13.527689234853367, 52.59223495789336], [13.52287455370078, 52.5927493595305], [13.508143411556452, 52.59215054506814]]]}}, {"type": "Feature", "properties": {"wkr": 68, "wkr_name": "Lichtenberg 2"}, "geometry": {"type": "Polygon", "coordinates": [[[13.4989449559321, 52.57670865655997], [13.48549920463117, 52.58734981530628], [13.483563736695896, 52.58407522899454], [13.48197355413355, 52.584001408959644], [13.481612883217787, 52.58331440742287], [13.480473233838977, 52.58352508739263], [13.479459036017696, 52.57269250988205], [13.482795609332163, 52.57263100368306], [13.482923282293312, 52.571474605975865], [13.487586752022258, 52.56921648726871], [13.483594087605129, 52.56611591310561], [13.483676268580933, 52.56442386724942], [13.486067608633478, 52.56415084346378], [13.485396124448243, 52.56155027002948], [13.491498044985622, 52.55960732685118], [13.495276067758384, 52.555555094572725], [13.495573078896113, 52.553351048938126], [13.494414564105167, 52.55079581351023], [13.486113966829768, 52.55239663326336], [13.482220560864677, 52.54964479382321], [13.479744004062912, 52.549619283776806], [13.480456197350474, 52.54812026978215], [13.479644038696222, 52.54754663008616], [13.469926682818548, 52.547740218653956], [13.467361080429978, 52.548319119924166], [13.47131992587921, 52.53807081550913], [13.473257706778885, 52.53603161297243], [13.481190155853865, 52.53866885534984], [13.484287334476116, 52.536882920659814], [13.486497954392828, 52.53828115554708], [13.491263233498463, 52.53621441668628], [13.495139934302845, 52.53645243084815], [13.495349048979246, 52.536010528901244], [13.497787677043604, 52.5361471047096], [13.49889225224315, 52.53894219313991], [13.500947247129874, 52.53877634015429], [13.501148315134577, 52.53765467489435], [13.50293777611591, 52.53776010742181], [13.503076538418304, 52.53689215268099], [13.50555627855656, 52.537029667866456], [13.505526012181642, 52.53463474186332], [13.521831969010488, 52.53604225732545], [13.53158995289766, 52.53859813180652], [13.532264906505072, 52.53931309406018], [13.5253541405184, 52.555317678245416], [13.526150719405319, 52.55578295467998], [13.515322144996924, 52.56419628369369], [13.512320090548059, 52.56290926882821], [13.513559414082373, 52.56151486265547], [13.509710863098752, 52.559801015066434], [13.501946815037934, 52.56211161103685], [13.505027230755031, 52.56319497731716], [13.495694499305982, 52.572022292284935], [13.495953816492978, 52.57310813757745], [13.495072619917263, 52.573813495580126], [13.498112701969893, 52.57529509405514], [13.4989449559321, 52.57670865655997]]]}}, {"type": "Feature", "properties": {"wkr": 69, "wkr_name": "Lichtenberg 3"}, "geometry": {"type": "Polygon", "coordinates": [[[13.473257706778885, 52.53603161297243], [13.46983838562828, 52.54045851812928], [13.467310317489426, 52.53849490332249], [13.466381941268704, 52.53665425934307], [13.467803086167002, 52.53612237662365], [13.468742497455084, 52.53471005924988], [13.463387435081168, 52.532632313193766], [13.460845342279871, 52.52952484858821], [13.477651623317009, 52.52666611521971], [13.499778850042464, 52.52636207601028], [13.499251463109712, 52.51816672857476], [13.500670477110551, 52.518032546583385], [13.499598343856924, 52.51383291017605], [13.50103491931822, 52.513689755668906], [13.500737722668296, 52.512535573527366], [13.497968937533564, 52.51140210169088], [13.519983000144737, 52.50959784973857], [13.529102763825188, 52.510320111165356], [13.537846539147791, 52.509923467422624], [13.537326628263763, 52.51210410583227], [13.534432260628646, 52.51354063741352], [13.518551143700435, 52.51390918287878], [13.519410536985186, 52.52455986334833], [13.518689373675041, 52.53267220991428], [13.51712204329644, 52.5353963738118], [13.505526012181642, 52.53463474186332], [13.50555627855656, 52.537029667866456], [13.503076538418304, 52.53689215268099], [13.50293777611591, 52.53776010742181], [13.501148315134577, 52.53765467489435], [13.500947247129874, 52.53877634015429], [13.49889225224315, 52.53894219313991], [13.497787677043604, 52.5361471047096], [13.491263233498463, 52.53621441668628], [13.486497954392828, 52.53828115554708], [13.484287334476116, 52.536882920659814], [13.481190155853865, 52.53866885534984], [13.473257706778885, 52.53603161297243]]]}}, {"type": "Feature", "properties": {"wkr": 70, "wkr_name": "Lichtenberg 4"}, "geometry": {"type": "Polygon", "coordinates": [[[13.478616887536695, 52.52661430516981], [13.460845342279871, 52.52952484858821], [13.4561968524716, 52.528263734778356], [13.459667006838455, 52.52550982423148], [13.4699084042039, 52.522632865724276], [13.4741960406937, 52.519115754755646], [13.476545908541224, 52.515171883120736], [13.477743510047006, 52.51472856315069], [13.47588557861588, 52.51486100982542], [13.476264492715456, 52.51043922820464], [13.471163473761807, 52.50513418527921], [13.469751869263082, 52.50244894446449], [13.475163861947838, 52.501546558723845], [13.47553551661766, 52.50224169234875], [13.479852902345009, 52.50232710588685], [13.48433096739001, 52.503279754597045], [13.495687425640314, 52.508913032349355], [13.497344293056424, 52.50893372531394], [13.4976314783367, 52.50994681880195], [13.500080192767872, 52.51120217535004], [13.497968937533564, 52.51140210169088], [13.500737722668296, 52.512535573527366], [13.50103491931822, 52.513689755668906], [13.499598343856924, 52.51383291017605], [13.500670477110551, 52.518032546583385], [13.499251463109712, 52.51816672857476], [13.499778850042464, 52.52636207601028], [13.478616887536695, 52.52661430516981]]]}}, {"type": "Feature", "properties": {"wkr": 71, "wkr_name": "Lichtenberg 5"}, "geometry": {"type": "Polygon", "coordinates": [[[13.519983000144737, 52.50959784973857], [13.500080192767872, 52.51120217535004], [13.4976314783367, 52.50994681880195], [13.497344293056424, 52.50893372531394], [13.495687425640314, 52.508913032349355], [13.48433096739001, 52.503279754597045], [13.475415691095396, 52.501971044674114], [13.482705499909816, 52.50002017281665], [13.492767740097813, 52.4959880180964], [13.491837618133376, 52.49729181963328], [13.494967146405351, 52.50054398608007], [13.495559459855244, 52.500426021305], [13.50784778058049, 52.49661786519958], [13.513726760669686, 52.4956161975629], [13.515497076375436, 52.493661479093355], [13.52453198117646, 52.49587400248921], [13.525595703737446, 52.49430315155428], [13.541732203668248, 52.49829593835063], [13.539490611617481, 52.49854414542322], [13.535198558202366, 52.505548619895244], [13.536296927157617, 52.50640317863208], [13.53621299627042, 52.509992331583305], [13.529102763825188, 52.510320111165356], [13.519983000144737, 52.50959784973857]]]}}, {"type": "Feature", "properties": {"wkr": 72, "wkr_name": "Lichtenberg 6"}, "geometry": {"type": "Polygon", "coordinates": [[[13.474315191562518, 52.50168116611327], [13.469750725900436, 52.502356382443395], [13.468572030133933, 52.499649867349135], [13.47307875933169, 52.49898810162884], [13.484143208213327, 52.49165717764482], [13.491451542764661, 52.48826521114535], [13.490704765541013, 52.48744117985465], [13.492739736723657, 52.48581602019688], [13.494178673245395, 52.48311895184697], [13.497852217674113, 52.483282070771736], [13.501887418120097, 52.482575536688366], [13.504322594733225, 52.478122491596544], [13.507856219290863, 52.474904364682544], [13.514805054889383, 52.47568036830007], [13.520313165641348, 52.47406782860046], [13.521580475920919, 52.4752165506472], [13.530766478002905, 52.46793434250592], [13.539906477873538, 52.47502823728074], [13.542238204174122, 52.47396589556908], [13.548477733367648, 52.4733096394399], [13.547991103111931, 52.4738646936892], [13.55259038906856, 52.47365016727033], [13.550853949703129, 52.47701367456789], [13.547880469358764, 52.47977873088437], [13.547909442530862, 52.4825115863861], [13.55013868684099, 52.4854894128611], [13.54475725579404, 52.4932206202811], [13.544083236493524, 52.496207306119494], [13.542144587129284, 52.49824860244569], [13.525595703737446, 52.49430315155428], [13.52453198117646, 52.49587400248921], [13.515497076375436, 52.493661479093355], [13.513726760669686, 52.4956161975629], [13.50784778058049, 52.49661786519958], [13.494967146405351, 52.50054398608007], [13.491837618133376, 52.49729181963328], [13.492767740097813, 52.4959880180964], [13.478881406291451, 52.5013212031738], [13.475415691095396, 52.501971044674114], [13.474315191562518, 52.50168116611327]]]}}, {"type": "Feature", "properties": {"wkr": 73, "wkr_name": "Reinickendorf 1"}, "geometry": {"type": "Polygon", "coordinates": [[[13.347832559508605, 52.589927406053874], [13.33995346080692, 52.58829015123544], [13.345631338413876, 52.58088543791839], [13.338803839183875, 52.57864040961328], [13.346688612703414, 52.578413969893035], [13.34790392770454, 52.577286338534314], [13.347729358670497, 52.574344659399536], [13.345937023666897, 52.57460283177978], [13.342161732908432, 52.57311106111075], [13.34089098936517, 52.5664256633415], [13.346418105358167, 52.566934919203334], [13.345781709760214, 52.562669328750246], [13.34873818367484, 52.56199692322659], [13.359713132218152, 52.56185321477483], [13.360094586808382, 52.56047105472057], [13.364522920229492, 52.561175590427936], [13.365101455840485, 52.55811697378806], [13.366656387797901, 52.558226436889484], [13.370828997072486, 52.560539653145824], [13.377145338466303, 52.56066096167581], [13.37858280824036, 52.56619155596217], [13.381159392212725, 52.56642158368611], [13.384296467182129, 52.56771220666558], [13.387900127762006, 52.567308841302534], [13.389281399196529, 52.56824081621292], [13.387774675771304, 52.56914391007613], [13.388260028788858, 52.569475302133064], [13.383082020308308, 52.572329023581986], [13.37968790105207, 52.57252227355365], [13.375145729499106, 52.575629974943446], [13.347832559508605, 52.589927406053874]]]}}, {"type": "Feature", "properties": {"wkr": 74, "wkr_name": "Reinickendorf 2"}, "geometry": {"type": "Polygon", "coordinates": [[[13.345631338413876, 52.58088543791839], [13.340078491688823, 52.58812330587604], [13.329908584689127, 52.587368576101944], [13.332762936405473, 52.58150464346774], [13.333871371129632, 52.58139386418579], [13.332966348998974, 52.57823247879437], [13.326893899295518, 52.57811661693807], [13.324790803447428, 52.57869090163031], [13.31741364284556, 52.57782354393194], [13.308522523362448, 52.577674180806305], [13.298554916804177, 52.58064397116163], [13.29411591199366, 52.582786545063534], [13.289870162269706, 52.582566060785986], [13.294715163065376, 52.57630718124513], [13.292688992702606, 52.57564367349617], [13.265193458286374, 52.575650102152004], [13.261222987669287, 52.57346767636237], [13.249133513521285, 52.55203734067136], [13.252987512499079, 52.55045176396812], [13.258371400900845, 52.549574477892506], [13.301513800209516, 52.54880579501996], [13.30966660741061, 52.55772095887831], [13.317669285842557, 52.55971914716749], [13.324835763600829, 52.56076299377862], [13.326794754557898, 52.56238194546616], [13.331788285941007, 52.56165759597974], [13.337099082071452, 52.56445470825009], [13.345781709760214, 52.562669328750246], [13.346418105358167, 52.566934919203334], [13.34089098936517, 52.5664256633415], [13.342161732908432, 52.57311106111075], [13.345937023666897, 52.57460283177978], [13.347729358670497, 52.574344659399536], [13.34790392770454, 52.577286338534314], [13.346688612703414, 52.578413969893035], [13.338803839183875, 52.57864040961328], [13.345631338413876, 52.58088543791839]]]}}, {"type": "Feature", "properties": {"wkr": 75, "wkr_name": "Reinickendorf 3"}, "geometry": {"type": "Polygon", "coordinates": [[[13.224633561981621, 52.628328365714346], [13.220545740219137, 52.628315321754506], [13.219762069792484, 52.62443318520707], [13.2167658356717, 52.6201578866077], [13.21482668057652, 52.619256110111955], [13.206886577560487, 52.60913284674069], [13.201958968681177, 52.60714904158637], [13.201703432785012, 52.60548742432042], [13.208189117396202, 52.5990060981282], [13.21885629244225, 52.59237713065945], [13.218873906436292, 52.59048014349902], [13.215208482139959, 52.58387227641981], [13.218079839691761, 52.581460355669705], [13.217958009143217, 52.578539320499736], [13.218855951119863, 52.57715669677182], [13.225076396057355, 52.573143911100466], [13.2252989770901, 52.57122155197599], [13.228664321902214, 52.5660602718082], [13.228144142560021, 52.56324933408404], [13.233153404710341, 52.559975223546], [13.249133513521285, 52.55203734067136], [13.261448303489406, 52.57368854095523], [13.266281524808884, 52.57589605379642], [13.291995204204861, 52.57551590407759], [13.294715163065376, 52.57630718124513], [13.282432949286962, 52.59087153829201], [13.280839541900159, 52.5938405164334], [13.28567391871055, 52.59497873752733], [13.282689298899623, 52.598458648982024], [13.285489877288166, 52.59872286253836], [13.284940563061093, 52.59933056220159], [13.289072352977069, 52.60095368418771], [13.2884809350495, 52.60339182435249], [13.289633743089846, 52.604348574310286], [13.281345673324095, 52.61018298019259], [13.293513197562877, 52.616561360789866], [13.285442024239702, 52.62218636944679], [13.289533658347404, 52.624321579338385], [13.288398867992008, 52.62613450329769], [13.276217223321426, 52.62480235264165], [13.272578992749576, 52.62602986583669], [13.267781017409071, 52.62602171919207], [13.260301569311805, 52.62774129593478], [13.246411561083544, 52.62727336786626], [13.242429992730866, 52.628293063453484], [13.23039886406445, 52.62738534244784], [13.224633561981621, 52.628328365714346]]]}}, {"type": "Feature", "properties": {"wkr": 76, "wkr_name": "Reinickendorf 4"}, "geometry": {"type": "Polygon", "coordinates": [[[13.33703871998213, 52.61122637269633], [13.331053063581077, 52.6148654886888], [13.326056095104773, 52.613047536623036], [13.321138162435586, 52.613086178146794], [13.319169300063532, 52.61237205330372], [13.316156091490146, 52.61238036952771], [13.315391188371331, 52.61073743545151], [13.32181009831163, 52.60496864488022], [13.318384771306848, 52.60403956667518], [13.317424045072086, 52.603176159154195], [13.314969057435052, 52.6023995846348], [13.312190885805487, 52.60460580358683], [13.293999838297655, 52.5963602659227], [13.288053749873667, 52.595620008125074], [13.280839541900159, 52.5938405164334], [13.282432949286962, 52.59087153829201], [13.289870162269706, 52.582566060785986], [13.29411591199366, 52.582786545063534], [13.298554916804177, 52.58064397116163], [13.308522523362448, 52.577674180806305], [13.31741364284556, 52.57782354393194], [13.324790803447428, 52.57869090163031], [13.326893899295518, 52.57811661693807], [13.332966348998974, 52.57823247879437], [13.333871371129632, 52.58139386418579], [13.332762936405473, 52.58150464346774], [13.329908584689127, 52.587368576101944], [13.338034798769147, 52.58769041899632], [13.347461173058523, 52.59008828775648], [13.335631871667536, 52.59628383985396], [13.341732249079202, 52.60044949986265], [13.34806299674689, 52.602687798256625], [13.349481711929577, 52.60474812515078], [13.3486268517932, 52.60665125276374], [13.344169045628204, 52.605722298159826], [13.34034136733762, 52.60824460103815], [13.33937282735184, 52.60827101494972], [13.3399969849969, 52.60853762595417], [13.33703871998213, 52.61122637269633]]]}}, {"type": "Feature", "properties": {"wkr": 77, "wkr_name": "Reinickendorf 5"}, "geometry": {"type": "Polygon", "coordinates": [[[13.367191043856838, 52.62531324118621], [13.360542893723352, 52.62382652999817], [13.359690943544495, 52.62405287047276], [13.35917139944118, 52.6232833596548], [13.357637533703835, 52.62297704667313], [13.354681695516287, 52.62362092057852], [13.351482887704396, 52.62272657946599], [13.351068218210425, 52.623860602966914], [13.338720532016053, 52.62334329629641], [13.334462091016091, 52.62196604105808], [13.333657590786585, 52.620819183211744], [13.329965023083302, 52.619230180792805], [13.330194837028902, 52.617995120370495], [13.33145750496368, 52.61751659987823], [13.331053063581077, 52.6148654886888], [13.33703871998213, 52.61122637269633], [13.3399969849969, 52.60853762595417], [13.33937282735184, 52.60827101494972], [13.34034136733762, 52.60824460103815], [13.344169045628204, 52.605722298159826], [13.3486268517932, 52.60665125276374], [13.349473039676372, 52.60448480148793], [13.348468724061549, 52.602947561315176], [13.341732249079202, 52.60044949986265], [13.335631871667536, 52.59628383985396], [13.34755565269897, 52.59008132108148], [13.360647002082777, 52.59126707875006], [13.370557454446415, 52.599465497008936], [13.376210724930148, 52.60773808398042], [13.375224462257625, 52.614225110863636], [13.367191043856838, 52.62531324118621]]]}}, {"type": "Feature", "properties": {"wkr": 78, "wkr_name": "Reinickendorf 6"}, "geometry": {"type": "Polygon", "coordinates": [[[13.295523774271846, 52.65930010398647], [13.282773021360208, 52.66074024635865], [13.281907662891347, 52.65275152740623], [13.285131435090694, 52.6526278653381], [13.283836803321876, 52.64111613718972], [13.26960131680745, 52.63971085179335], [13.262152400917051, 52.640682964809365], [13.265203407735804, 52.63453032368329], [13.264231297991339, 52.62686192841562], [13.267781017409071, 52.62602171919207], [13.272578992749576, 52.62602986583669], [13.277258604525771, 52.624766787105166], [13.288398867992008, 52.62613450329769], [13.289533658347404, 52.624321579338385], [13.285442024239702, 52.62218636944679], [13.293513197562877, 52.616561360789866], [13.281345673324095, 52.61018298019259], [13.289633743089846, 52.604348574310286], [13.2884809350495, 52.60339182435249], [13.289072352977069, 52.60095368418771], [13.284940563061093, 52.59933056220159], [13.285489877288166, 52.59872286253836], [13.282689298899623, 52.598458648982024], [13.28567391871055, 52.59497873752733], [13.293999838297655, 52.5963602659227], [13.312190885805487, 52.60460580358683], [13.314969057435052, 52.6023995846348], [13.32181009831163, 52.60496864488022], [13.315391188371331, 52.61073743545151], [13.316156091490146, 52.61238036952771], [13.319169300063532, 52.61237205330372], [13.321138162435586, 52.613086178146794], [13.326056095104773, 52.613047536623036], [13.330044020523415, 52.61408923327467], [13.331082409795982, 52.61489252102726], [13.33145750496368, 52.61751659987823], [13.330194837028902, 52.617995120370495], [13.330032148463246, 52.61934807155222], [13.333657590786585, 52.620819183211744], [13.334462091016091, 52.62196604105808], [13.336722297646567, 52.62249190369426], [13.32868114519726, 52.62543928215395], [13.319090867853792, 52.62674206842936], [13.312982874662874, 52.62818545085645], [13.302624205371913, 52.62719602331012], [13.310280401243306, 52.63000969871981], [13.30946719421731, 52.63258932434688], [13.305781250747657, 52.63735388318481], [13.307062014690217, 52.637546958546054], [13.306270006749891, 52.63960540432076], [13.308227205310818, 52.64023433780899], [13.309405792659192, 52.64272314059351], [13.309196040315747, 52.643944729799564], [13.308433190265218, 52.64381327928911], [13.300427672226439, 52.6535040075316], [13.310100710272206, 52.65739259578806], [13.307127354425687, 52.65961952825201], [13.295523774271846, 52.65930010398647]]]}}]}
