{
"type": "FeatureCollection",
"name": "ltw_wahlkreise_mv",
"crs": { "type": "name", "properties": { "name": "urn:ogc:def:crs:OGC:1.3:CRS84" } },
"features": [
{ "type": "Feature", "properties": { "wkr": 1, "wkr_name": "Greifswald" }, "geometry": { "type": "MultiPolygon", "coordinates": [ [ [ [ 13.413484523662431, 54.122311918198072 ], [ 13.428258198378058, 54.118088260821651 ], [ 13.439322698105144, 54.121416023535069 ], [ 13.440548958952451, 54.120707484818652 ], [ 13.438873755106343, 54.112829832533784 ], [ 13.450154108439664, 54.100350666853465 ], [ 13.45747575789607, 54.097977974212263 ], [ 13.455949719199046, 54.092963595141896 ], [ 13.463926156583902, 54.08833184415591 ], [ 13.467831681200588, 54.086960031546589 ], [ 13.47702062496349, 54.087020712770219 ], [ 13.490318293900305, 54.083783236139894 ], [ 13.499903544216675, 54.084969078768722 ], [ 13.501214795580591, 54.087942478151518 ], [ 13.506409592834043, 54.086287099090647 ], [ 13.506910667991271, 54.082873474151945 ], [ 13.502635418727877, 54.084070734600189 ], [ 13.497900636641187, 54.076832633951234 ], [ 13.501491182151064, 54.075031866296563 ], [ 13.502300678681818, 54.0664816274343 ], [ 13.495654344590163, 54.059429215155461 ], [ 13.496986964239834, 54.055335544491122 ], [ 13.49038781857891, 54.054414934270554 ], [ 13.488427108267073, 54.057749761705153 ], [ 13.479566287456995, 54.061889541061447 ], [ 13.461296029066052, 54.061298430469087 ], [ 13.453236261610767, 54.064507852249591 ], [ 13.455775741235447, 54.056117306393467 ], [ 13.440320512466545, 54.056456141614191 ], [ 13.408818832641922, 54.070012256048742 ], [ 13.401769597737049, 54.059398378961653 ], [ 13.361345273765787, 54.061524965346969 ], [ 13.362104396590254, 54.063948470805435 ], [ 13.358560195906133, 54.064725758654731 ], [ 13.361643103375277, 54.069312531200417 ], [ 13.357957535695359, 54.070301221464753 ], [ 13.359856620799853, 54.072423265402378 ], [ 13.358167682246449, 54.080673226701329 ], [ 13.354716825177508, 54.079688162295326 ], [ 13.353193980369428, 54.076878690787879 ], [ 13.335595396887451, 54.078613771370293 ], [ 13.336474115793441, 54.080582455353785 ], [ 13.319363418922595, 54.084708536569806 ], [ 13.321768289382355, 54.086171014504608 ], [ 13.321791855209041, 54.091994449590693 ], [ 13.334211519301864, 54.093098561837003 ], [ 13.341630037823732, 54.0995554462746 ], [ 13.369490641616435, 54.099126265535503 ], [ 13.364074796910685, 54.106803042652409 ], [ 13.370941789328834, 54.106618240904815 ], [ 13.371626865600483, 54.108916406632972 ], [ 13.374861770977571, 54.108363747471941 ], [ 13.378452046004346, 54.102382220927652 ], [ 13.380824279691474, 54.102814494847181 ], [ 13.38142133996509, 54.106672999048556 ], [ 13.388936527513891, 54.109178627262565 ], [ 13.396263119687733, 54.107542192855632 ], [ 13.404329647856434, 54.114031357694522 ], [ 13.410098246173924, 54.113402764884185 ], [ 13.407281966240069, 54.119584046446121 ], [ 13.413574470810222, 54.120721856809482 ], [ 13.413484523662431, 54.122311918198072 ] ] ], [ [ [ 13.413510788103913, 54.161057243346761 ], [ 13.410412863826041, 54.160298005553237 ], [ 13.413132050958291, 54.162868678431096 ], [ 13.410034033441638, 54.168638612371545 ], [ 13.401259122236457, 54.171097234698927 ], [ 13.399465489052973, 54.179086206153777 ], [ 13.39368926733076, 54.181102516415919 ], [ 13.411670760116943, 54.176488295557299 ], [ 13.421442045752364, 54.171359059250726 ], [ 13.422640354342075, 54.168308043839787 ], [ 13.415760408951332, 54.164577191930412 ], [ 13.413510788103913, 54.161057243346761 ] ] ], [ [ [ 13.362551791417086, 54.186991609519886 ], [ 13.372251538553384, 54.181882773833422 ], [ 13.370483158394252, 54.180616666789852 ], [ 13.35657735201748, 54.182633402236796 ], [ 13.336820504737588, 54.176574132401697 ], [ 13.331382492775765, 54.178259947780766 ], [ 13.333154556894499, 54.182461671057482 ], [ 13.344953753426097, 54.181550786696256 ], [ 13.362551791417086, 54.186991609519886 ] ] ] ] } },
{ "type": "Feature", "properties": { "wkr": 2, "wkr_name": "Neubrandenburg I" }, "geometry": { "type": "Polygon", "coordinates": [ [ [ 13.180665069748255, 53.465022679278405 ], [ 13.176783920028296, 53.464062752513989 ], [ 13.174373644564199, 53.461224924962274 ], [ 13.178564945688827, 53.459515763863173 ], [ 13.176586323733602, 53.456452322567849 ], [ 13.178728531436191, 53.453510024051695 ], [ 13.177628432158125, 53.450059012916405 ], [ 13.171800051372673, 53.445222769584213 ], [ 13.161684493271943, 53.444152230137611 ], [ 13.141761098957074, 53.449904725444576 ], [ 13.141490891213708, 53.454481888212662 ], [ 13.135372153371616, 53.457640665166572 ], [ 13.140147817600241, 53.461097215625486 ], [ 13.159166022729556, 53.468327732454398 ], [ 13.161577509143244, 53.477081625442757 ], [ 13.157820840551224, 53.479261998416064 ], [ 13.163316056391398, 53.488578358994694 ], [ 13.17280770049862, 53.490899929709954 ], [ 13.176719252821556, 53.493714968436599 ], [ 13.185327712921822, 53.493886614736496 ], [ 13.183857585062556, 53.496447394412655 ], [ 13.1856753491048, 53.499567748304358 ], [ 13.194328681126363, 53.503816772642736 ], [ 13.207333653486529, 53.513969249071614 ], [ 13.205742537401203, 53.51914080791807 ], [ 13.212602561155666, 53.523374060406553 ], [ 13.216701796370753, 53.528641580774881 ], [ 13.221327791126516, 53.530483283394524 ], [ 13.220271061032358, 53.535159549583788 ], [ 13.230219736966173, 53.545389641124096 ], [ 13.241381953927286, 53.549943629338927 ], [ 13.247265409373407, 53.550246724722591 ], [ 13.250023718077207, 53.553934798202704 ], [ 13.261260450654712, 53.552867009573944 ], [ 13.265440417021377, 53.555152712943773 ], [ 13.265397088730998, 53.558646930466566 ], [ 13.268889774470944, 53.56086496250159 ], [ 13.317222914943487, 53.55799357162995 ], [ 13.339716333038858, 53.561486100903963 ], [ 13.343017845152906, 53.550702396425002 ], [ 13.343090855423512, 53.539262549295167 ], [ 13.327882740642515, 53.539502554988275 ], [ 13.328298044431008, 53.533172145983279 ], [ 13.324382824120649, 53.533059733126422 ], [ 13.323836663968557, 53.530349128851668 ], [ 13.301775773571324, 53.521583695568481 ], [ 13.269534327937805, 53.517922252804773 ], [ 13.26746271499113, 53.512551800895721 ], [ 13.256386909631535, 53.511442059171273 ], [ 13.25974284345223, 53.517676415771056 ], [ 13.250448153519093, 53.518882691983336 ], [ 13.249501021536711, 53.513224106629316 ], [ 13.246381658054466, 53.512689115799752 ], [ 13.229999017976953, 53.515787487582905 ], [ 13.225097139592505, 53.506787137796344 ], [ 13.220362597004378, 53.50288428666866 ], [ 13.218382900281515, 53.494361842112113 ], [ 13.210002652504482, 53.484801160876287 ], [ 13.202391309229657, 53.482519101083184 ], [ 13.182574108167438, 53.470905486285908 ], [ 13.176241392793413, 53.469882306218246 ], [ 13.180665069748255, 53.465022679278405 ] ] ] } },
{ "type": "Feature", "properties": { "wkr": 3, "wkr_name": "Neubrandenburg II" }, "geometry": { "type": "Polygon", "coordinates": [ [ [ 13.252716287098377, 53.619095825142011 ], [ 13.264435174475118, 53.599158961903626 ], [ 13.266457054014865, 53.591622973743611 ], [ 13.284707286250004, 53.589816074680314 ], [ 13.311116355180619, 53.591406009359332 ], [ 13.311651033775755, 53.587008028577685 ], [ 13.314523554737564, 53.584929369995926 ], [ 13.312438971351934, 53.581855337981288 ], [ 13.322141204440623, 53.570927578771688 ], [ 13.339325504160591, 53.568510571654372 ], [ 13.339716156983197, 53.561477114270701 ], [ 13.317222743655249, 53.557984584995488 ], [ 13.268889613432394, 53.560855975883882 ], [ 13.26539692843088, 53.558637943846918 ], [ 13.26636683241134, 53.55673990876938 ], [ 13.264001460436033, 53.554020376402882 ], [ 13.255787603307608, 53.55276875187306 ], [ 13.250023718077207, 53.553934798202704 ], [ 13.247265409373409, 53.550246724722591 ], [ 13.241381798708819, 53.549934642715925 ], [ 13.230219584107928, 53.545380654499318 ], [ 13.221446021678762, 53.536922083522711 ], [ 13.212974297270041, 53.544091158207173 ], [ 13.217365420754311, 53.544842379367481 ], [ 13.210596875071605, 53.552694620303924 ], [ 13.211648835796465, 53.557346155424668 ], [ 13.206413242292658, 53.556237289096138 ], [ 13.205423479418045, 53.554505607101419 ], [ 13.190259053721411, 53.556456450874236 ], [ 13.18072079457952, 53.56598210265404 ], [ 13.195357133130202, 53.576672465896841 ], [ 13.205169637409217, 53.576135939448541 ], [ 13.215789302002463, 53.583162577035466 ], [ 13.220874929480551, 53.583096713473893 ], [ 13.22090306693201, 53.588728446559166 ], [ 13.224262689275642, 53.588892796646945 ], [ 13.22471259733452, 53.587410410611099 ], [ 13.231570457793314, 53.588945443149832 ], [ 13.232509194021189, 53.59405162722949 ], [ 13.229673912626298, 53.595209709960592 ], [ 13.237369190691547, 53.597294213672832 ], [ 13.236248006535597, 53.599025901260298 ], [ 13.241441735508962, 53.601390358911587 ], [ 13.242114160183347, 53.603430018153183 ], [ 13.249179034604991, 53.60389662968111 ], [ 13.250444789929643, 53.609212681587877 ], [ 13.246396054457623, 53.610441562360663 ], [ 13.246858694584065, 53.614478273491798 ], [ 13.250271456266741, 53.618915714712379 ], [ 13.252716287098377, 53.619095825142011 ] ] ] } },
{ "type": "Feature", "properties": { "wkr": 4, "wkr_name": "Hansestadt Rostock I" }, "geometry": { "type": "Polygon", "coordinates": [ [ [ 12.09282929789212, 54.178714869562221 ], [ 12.096874511649572, 54.17998270645996 ], [ 12.09586395270207, 54.182194073463087 ], [ 12.104962700569319, 54.178461086630278 ], [ 12.11262969381435, 54.179445578812476 ], [ 12.122936844498469, 54.183297417313945 ], [ 12.138169921419168, 54.192557339699007 ], [ 12.153714058748669, 54.205581106284598 ], [ 12.157565946266825, 54.202571066548387 ], [ 12.168816029429772, 54.205413738354842 ], [ 12.174659388318545, 54.203734753218626 ], [ 12.168457915375233, 54.193294585742443 ], [ 12.177709351725735, 54.191762733001916 ], [ 12.17230174757797, 54.180637618463223 ], [ 12.175119318551749, 54.178033197849345 ], [ 12.153836622549953, 54.18130851744472 ], [ 12.143249289437138, 54.174239431548408 ], [ 12.098754410199895, 54.157482587871172 ], [ 12.095045827909077, 54.150567422514222 ], [ 12.095727688695282, 54.125511508200319 ], [ 12.09295800504052, 54.122707540395538 ], [ 12.092441596836535, 54.116522488326282 ], [ 12.081689880152719, 54.111317412610276 ], [ 12.065383660986534, 54.126741905660431 ], [ 12.064246913608546, 54.141904523021182 ], [ 12.057787709257665, 54.141753689473894 ], [ 12.058764863875789, 54.15073234518389 ], [ 12.04905700987133, 54.152147219484675 ], [ 12.046986697291267, 54.148216271381401 ], [ 12.043756421174358, 54.147588442796462 ], [ 12.043575425904242, 54.142202667978673 ], [ 12.029323342440517, 54.143076528774593 ], [ 12.027200730300018, 54.144305229321077 ], [ 12.026840171520353, 54.146284648889583 ], [ 12.02902560285732, 54.146839494830736 ], [ 12.02756652968336, 54.148863766433784 ], [ 12.025212057908792, 54.148359843741716 ], [ 12.019562055289546, 54.15497252865547 ], [ 12.027470705888414, 54.156573686618884 ], [ 12.032717256858547, 54.162904106830069 ], [ 12.01542600162766, 54.16749656793796 ], [ 12.010927842743863, 54.17149223644838 ], [ 12.000138755975197, 54.173412236480054 ], [ 11.998746818154219, 54.174958036587981 ], [ 12.010540249634781, 54.178168052712081 ], [ 12.032461614923026, 54.176172609389056 ], [ 12.06268717461035, 54.178055306156352 ], [ 12.075208542280347, 54.180434883225878 ], [ 12.087707788896005, 54.185220987312576 ], [ 12.088691600871792, 54.180422202055468 ], [ 12.091799033042339, 54.180456330554328 ], [ 12.09282929789212, 54.178714869562221 ] ] ] } },
{ "type": "Feature", "properties": { "wkr": 5, "wkr_name": "Hansestadt Rostock II" }, "geometry": { "type": "Polygon", "coordinates": [ [ [ 12.063914772554144, 54.083120797859692 ], [ 12.059722869493703, 54.084249787153098 ], [ 12.057585285433431, 54.088798409752322 ], [ 12.047411067698816, 54.091783412620053 ], [ 12.051844055768722, 54.095263614488083 ], [ 12.050404947466708, 54.09714229463097 ], [ 12.05451559010649, 54.103032535493263 ], [ 12.049432595975283, 54.103978329818048 ], [ 12.049492885165996, 54.106349981444211 ], [ 12.036830809914976, 54.107586063975155 ], [ 12.036445239178155, 54.11174583766325 ], [ 12.039052999692391, 54.112302252061724 ], [ 12.037150170772042, 54.116404598336722 ], [ 12.034544826591384, 54.115601059027654 ], [ 12.032556136041276, 54.119803997980746 ], [ 12.022054719104705, 54.123021361954891 ], [ 12.0190734449749, 54.128618637962894 ], [ 12.033301104210564, 54.127182606251282 ], [ 12.03331808080223, 54.134787498560584 ], [ 12.036752728093695, 54.135337883594687 ], [ 12.036271292422381, 54.14087487654723 ], [ 12.032795776611209, 54.142199226244891 ], [ 12.043575425904244, 54.142202667978644 ], [ 12.043756421174356, 54.147588442796483 ], [ 12.046986697291267, 54.148216271381415 ], [ 12.049057009871328, 54.152147219484696 ], [ 12.058764863875789, 54.15073234518389 ], [ 12.057787709257665, 54.14175368947388 ], [ 12.064246913608546, 54.141904523021154 ], [ 12.065383660986534, 54.126741905660431 ], [ 12.095595081294254, 54.098159422146111 ], [ 12.069676742919942, 54.088646380800256 ], [ 12.063914772554144, 54.083120797859692 ] ] ] } },
{ "type": "Feature", "properties": { "wkr": 6, "wkr_name": "Hansestadt Rostock III" }, "geometry": { "type": "Polygon", "coordinates": [ [ [ 12.131771144023896, 54.093353602343022 ], [ 12.127688255998907, 54.085617165444326 ], [ 12.12916951783304, 54.081347634289024 ], [ 12.127600479341174, 54.079625713648397 ], [ 12.141763524296879, 54.070950498368639 ], [ 12.148780572365775, 54.063302994253178 ], [ 12.145473961995433, 54.05833769063635 ], [ 12.134150085647423, 54.059393495025084 ], [ 12.116860719188894, 54.058559017968697 ], [ 12.098011844614945, 54.052876502137167 ], [ 12.096376809325081, 54.050808734839009 ], [ 12.09506591191103, 54.052471423576158 ], [ 12.088385822206824, 54.051050630836656 ], [ 12.081104156247267, 54.051430463468151 ], [ 12.075925876755278, 54.053977942978598 ], [ 12.073029750152942, 54.056487546112493 ], [ 12.07294858256363, 54.063602539951489 ], [ 12.064997199797702, 54.059108649059652 ], [ 12.063759617598448, 54.063267959930293 ], [ 12.073529816948328, 54.066759813348703 ], [ 12.072499889849315, 54.068342132722215 ], [ 12.066017314262885, 54.067921362246906 ], [ 12.060593895770072, 54.079516502810471 ], [ 12.064271847446761, 54.08133978578568 ], [ 12.063914772554144, 54.083120797859692 ], [ 12.069676742919942, 54.088646380800256 ], [ 12.095595081294254, 54.098159422146111 ], [ 12.081689880152716, 54.111317412610276 ], [ 12.092441596836535, 54.116522488326282 ], [ 12.110608191408437, 54.097852913883351 ], [ 12.109825717884517, 54.092428367085425 ], [ 12.131771144023896, 54.093353602343022 ] ] ] } },
{ "type": "Feature", "properties": { "wkr": 7, "wkr_name": "Hansestadt Rostock IV" }, "geometry": { "type": "Polygon", "coordinates": [ [ [ 12.148780572365775, 54.063302994253178 ], [ 12.13780682073298, 54.073978841245022 ], [ 12.127600479341169, 54.079625713648426 ], [ 12.12916951783304, 54.081347634289024 ], [ 12.127688255998907, 54.085617165444326 ], [ 12.131771144023896, 54.093353602343022 ], [ 12.109825717884517, 54.092428367085425 ], [ 12.110608191408437, 54.097852913883322 ], [ 12.092441596836535, 54.116522488326282 ], [ 12.09295800504052, 54.122707540395538 ], [ 12.095727688695282, 54.125511508200319 ], [ 12.095045827909077, 54.150567422514222 ], [ 12.098754410199895, 54.157482587871172 ], [ 12.143249289437138, 54.174239431548408 ], [ 12.153836622549953, 54.18130851744472 ], [ 12.175119318551749, 54.178033197849359 ], [ 12.17230174757797, 54.180637618463223 ], [ 12.177709351725735, 54.191762733001916 ], [ 12.168457915375233, 54.193294585742443 ], [ 12.174659388318545, 54.203734753218626 ], [ 12.168816029429772, 54.205413738354842 ], [ 12.157565946266825, 54.202571066548387 ], [ 12.153714058748669, 54.205581106284598 ], [ 12.171574290729193, 54.225616229338776 ], [ 12.195534882054188, 54.241978722842376 ], [ 12.201348687160868, 54.244700905325018 ], [ 12.221898845436753, 54.242126472809019 ], [ 12.226454438751579, 54.243146718162279 ], [ 12.239502530049281, 54.240886709707304 ], [ 12.243377610048169, 54.242903915757829 ], [ 12.248293316341394, 54.241875933918294 ], [ 12.26362873603594, 54.242845035760162 ], [ 12.267581734607401, 54.241076722797473 ], [ 12.267695724758322, 54.236620017591292 ], [ 12.264103461294393, 54.215004269007032 ], [ 12.272403054439351, 54.213935229051636 ], [ 12.27269584764448, 54.210604974092973 ], [ 12.287312339616458, 54.202434974502417 ], [ 12.295123762164641, 54.195698792347635 ], [ 12.267527599989663, 54.184443125230075 ], [ 12.262973746246695, 54.185990136130364 ], [ 12.257762897434064, 54.182692536094272 ], [ 12.246246769207788, 54.184064799919376 ], [ 12.236262957875851, 54.183090494064253 ], [ 12.228625962441328, 54.181436298440673 ], [ 12.225510578166855, 54.178667909744 ], [ 12.225103411199118, 54.18344420714979 ], [ 12.205981865180235, 54.18225712282139 ], [ 12.205725932810568, 54.176863756565339 ], [ 12.19781533497062, 54.167990084938936 ], [ 12.186613188991807, 54.166422112664236 ], [ 12.175291114566193, 54.162400227519392 ], [ 12.17629130864931, 54.159117271321975 ], [ 12.182714654242623, 54.158915992044896 ], [ 12.189673831201164, 54.147627465833587 ], [ 12.183661667572242, 54.134634833029288 ], [ 12.172815151957435, 54.128862104001847 ], [ 12.171160968247335, 54.121450616257583 ], [ 12.173346681994794, 54.118914568832174 ], [ 12.17112975212102, 54.115971668795119 ], [ 12.197801312701028, 54.10193466741223 ], [ 12.20119454706226, 54.097166655706111 ], [ 12.19820432339959, 54.084750958987456 ], [ 12.199647744338163, 54.083366828774153 ], [ 12.198783795088097, 54.080896348337617 ], [ 12.192945243043367, 54.078791030341819 ], [ 12.192433626898076, 54.06979214965525 ], [ 12.169877467751073, 54.067033568316852 ], [ 12.165543375448365, 54.07123185913732 ], [ 12.159475010172264, 54.069244853514185 ], [ 12.152347712388062, 54.064014847051304 ], [ 12.148780572365775, 54.063302994253178 ] ] ] } },
{ "type": "Feature", "properties": { "wkr": 8, "wkr_name": "Schwerin I" }, "geometry": { "type": "Polygon", "coordinates": [ [ [ 11.44983920983965, 53.681063703530981 ], [ 11.453642743728379, 53.676992084714279 ], [ 11.459000768589041, 53.677179985204944 ], [ 11.469885016029199, 53.683351279262652 ], [ 11.474215226197991, 53.682643342348584 ], [ 11.480396923253243, 53.676465559829154 ], [ 11.48065971453304, 53.672520948375464 ], [ 11.485486379295123, 53.667215123238563 ], [ 11.484004465438884, 53.659840597187269 ], [ 11.485701060947934, 53.651752391481523 ], [ 11.483183099785137, 53.648265211842862 ], [ 11.484537045884768, 53.634696733270211 ], [ 11.49988999470164, 53.627704924628738 ], [ 11.504470184508452, 53.621609888658753 ], [ 11.501726513434788, 53.611189021524723 ], [ 11.505300351470499, 53.605960459818469 ], [ 11.500013949910993, 53.602622105151305 ], [ 11.496428876054766, 53.604596607347574 ], [ 11.494930309013755, 53.602328008618343 ], [ 11.497271170165625, 53.597617475700282 ], [ 11.494507225794919, 53.598258794132661 ], [ 11.48853958042962, 53.606010084159934 ], [ 11.48414296313134, 53.603092279703326 ], [ 11.480160777232062, 53.603779666153251 ], [ 11.478963057103579, 53.601877614286693 ], [ 11.47533865279048, 53.601356259544481 ], [ 11.468945190026988, 53.609061490702381 ], [ 11.461819301951003, 53.607980642847288 ], [ 11.456594539805463, 53.603511630935181 ], [ 11.45051996397841, 53.604688498816536 ], [ 11.440150819132608, 53.611252790937009 ], [ 11.433287517956574, 53.619148158857314 ], [ 11.433156675887602, 53.622114596276681 ], [ 11.429383962280802, 53.623045375917705 ], [ 11.411467271444721, 53.622430488732974 ], [ 11.408065453705527, 53.618949889898722 ], [ 11.405300483037353, 53.618661465621116 ], [ 11.38925711049243, 53.621491973641682 ], [ 11.38297349347909, 53.623978660495474 ], [ 11.380058834121471, 53.623066259528784 ], [ 11.386236611022213, 53.618654475006792 ], [ 11.363552783628581, 53.62212385320327 ], [ 11.36133169728385, 53.619481638746471 ], [ 11.35795273443618, 53.620524839185748 ], [ 11.359276229183532, 53.623937768307087 ], [ 11.349543911157692, 53.627679442379183 ], [ 11.345965817647137, 53.632482095136076 ], [ 11.340139625210709, 53.633617087789261 ], [ 11.325810457898791, 53.642742608569939 ], [ 11.328087186182694, 53.645249025978949 ], [ 11.307526096218744, 53.647898099770892 ], [ 11.302193409958294, 53.653281324449651 ], [ 11.303471710716416, 53.658533611528568 ], [ 11.296813225294883, 53.659988889408829 ], [ 11.29665141328466, 53.662046634278049 ], [ 11.316873419565534, 53.663121803048732 ], [ 11.321525659757571, 53.671317107922015 ], [ 11.328426085090339, 53.669757594800942 ], [ 11.332880691834035, 53.670509974958421 ], [ 11.333844662848966, 53.672254986888355 ], [ 11.336608459953757, 53.671467913496649 ], [ 11.343575980356134, 53.677964532011885 ], [ 11.351437784203897, 53.674848705808252 ], [ 11.355039348310688, 53.675508051759593 ], [ 11.35479284504618, 53.681357356486053 ], [ 11.360243427586676, 53.681363220334084 ], [ 11.357731794592898, 53.675038143991145 ], [ 11.364485639842288, 53.66791579914711 ], [ 11.368146071559131, 53.669225276352222 ], [ 11.366728544274116, 53.673213944850424 ], [ 11.373367322787406, 53.679044740541087 ], [ 11.386297972683376, 53.679416988537447 ], [ 11.39034063363593, 53.675488974519155 ], [ 11.39549192746521, 53.678866000685694 ], [ 11.395032857194606, 53.680418279390729 ], [ 11.400429123828625, 53.677176293586434 ], [ 11.405714930390223, 53.677968615137175 ], [ 11.410761396710722, 53.686736079418594 ], [ 11.430769833401701, 53.686801471774366 ], [ 11.430686718123226, 53.685488352122768 ], [ 11.436677441909481, 53.684957053236872 ], [ 11.436440863008023, 53.682629312353654 ], [ 11.439107229334287, 53.681093001575384 ], [ 11.44983920983965, 53.681063703530981 ] ] ] } },
{ "type": "Feature", "properties": { "wkr": 9, "wkr_name": "Schwerin II" }, "geometry": { "type": "Polygon", "coordinates": [ [ [ 11.368603597925041, 53.61862383405407 ], [ 11.372448002677171, 53.620758109884292 ], [ 11.386236611022198, 53.618654475006792 ], [ 11.380561083370079, 53.623919933403776 ], [ 11.405300483037353, 53.618661465621116 ], [ 11.408065453705522, 53.618949889898722 ], [ 11.4114672714447, 53.622430488733045 ], [ 11.429383962280783, 53.623045375917776 ], [ 11.433156675887602, 53.622114596276681 ], [ 11.433287517956559, 53.619148158857314 ], [ 11.440150819132594, 53.611252790937009 ], [ 11.45051996397841, 53.604688498816564 ], [ 11.456594539805435, 53.603511630935145 ], [ 11.461819301951005, 53.607980642847259 ], [ 11.468945190026972, 53.609061490702381 ], [ 11.475338652790448, 53.60135625954441 ], [ 11.478963057103563, 53.601877614286693 ], [ 11.480160777232062, 53.603779666153223 ], [ 11.484142963131333, 53.603092279703297 ], [ 11.488539580429602, 53.606010084159934 ], [ 11.494507225794905, 53.598258794132661 ], [ 11.497271170165611, 53.597617475700275 ], [ 11.491287511632063, 53.594335664263582 ], [ 11.487891182729729, 53.579866756600516 ], [ 11.481713574176672, 53.577853324173894 ], [ 11.483667023033663, 53.582802856575945 ], [ 11.475821700411084, 53.583514355105279 ], [ 11.473329962322472, 53.579175660439027 ], [ 11.450049135511225, 53.573045189516243 ], [ 11.451971578003979, 53.569611743226851 ], [ 11.481068382589921, 53.561207273786657 ], [ 11.483722080036609, 53.558302298418788 ], [ 11.466079872482995, 53.556365786615217 ], [ 11.468493190142562, 53.552637164195438 ], [ 11.461194468764678, 53.55170157316887 ], [ 11.461746278662119, 53.5501275598699 ], [ 11.424580583727005, 53.545286293753463 ], [ 11.422589049740326, 53.549563635238407 ], [ 11.383953517145459, 53.544452141914917 ], [ 11.384049351935536, 53.546195302098376 ], [ 11.388299430812925, 53.546567966810194 ], [ 11.391116744906396, 53.552151578437289 ], [ 11.387322796865513, 53.552679587199982 ], [ 11.38884014305251, 53.556049844881521 ], [ 11.385312750312767, 53.556625745134632 ], [ 11.383977187321932, 53.554520005761695 ], [ 11.380453211629282, 53.555011924568532 ], [ 11.379136304760321, 53.553438582688713 ], [ 11.366243520474534, 53.555886854498262 ], [ 11.379410862814828, 53.578287728818118 ], [ 11.357010493737924, 53.594469941620332 ], [ 11.356182383231422, 53.596791287866843 ], [ 11.36173375211103, 53.597498390894607 ], [ 11.366193133784186, 53.608657117453696 ], [ 11.360492821988123, 53.613439513768235 ], [ 11.355991546143354, 53.613364200463032 ], [ 11.356480547182757, 53.620764406132999 ], [ 11.368603597925041, 53.61862383405407 ] ] ] } },
{ "type": "Feature", "properties": { "wkr": 10, "wkr_name": "Wismar" }, "geometry": { "type": "MultiPolygon", "coordinates": [ [ [ [ 11.447962399790582, 53.871094034020544 ], [ 11.446317272609456, 53.864407106597845 ], [ 11.4439472793285, 53.865113510996984 ], [ 11.445814334959822, 53.867279452254472 ], [ 11.444344789098997, 53.86827913488429 ], [ 11.447962399790582, 53.871094034020544 ] ] ], [ [ [ 11.516193382355613, 53.927802260006914 ], [ 11.515435274236381, 53.923627195506135 ], [ 11.509278191584521, 53.918273667919166 ], [ 11.512745140168283, 53.917703358991879 ], [ 11.511373316505725, 53.913869784098573 ], [ 11.503940577296367, 53.910438015351652 ], [ 11.504662776427569, 53.903744928001736 ], [ 11.514875257046835, 53.901488608714132 ], [ 11.533502766404958, 53.900335176333002 ], [ 11.527417255769096, 53.89177310018944 ], [ 11.524000469866555, 53.89219826575787 ], [ 11.523124417537931, 53.890998424465238 ], [ 11.527391021887038, 53.890005608635022 ], [ 11.524087213447752, 53.885706421590328 ], [ 11.519266244727765, 53.886528556450088 ], [ 11.519065085654223, 53.882403526588377 ], [ 11.51083485381087, 53.884317396676231 ], [ 11.509751508008813, 53.881963578778148 ], [ 11.515287945182903, 53.879203038840743 ], [ 11.513270318154145, 53.876499962287909 ], [ 11.508022211157931, 53.877104628454383 ], [ 11.503015846997529, 53.875889818576688 ], [ 11.500547858163163, 53.873306219204345 ], [ 11.491711619784621, 53.874108590103795 ], [ 11.486591510591072, 53.867648787081052 ], [ 11.483876319516339, 53.868350765255641 ], [ 11.483184103548096, 53.866749469092575 ], [ 11.462388963245157, 53.869829676693286 ], [ 11.459069067296028, 53.874132487897946 ], [ 11.450595724838855, 53.870800878048613 ], [ 11.449843997486532, 53.873006270725583 ], [ 11.443740729168471, 53.875228897523364 ], [ 11.444189197688241, 53.876560174886976 ], [ 11.439023474129771, 53.877620909344635 ], [ 11.437240794638294, 53.872039799620254 ], [ 11.434181460485641, 53.872488256335956 ], [ 11.430618093285558, 53.865132480525318 ], [ 11.417360951958353, 53.871079464630036 ], [ 11.417778435355732, 53.878881479741558 ], [ 11.419794219816438, 53.879526283940649 ], [ 11.413891487956031, 53.885124315574167 ], [ 11.400148309311358, 53.892425544613033 ], [ 11.390519796927343, 53.893541130342093 ], [ 11.395497190059105, 53.913745783620691 ], [ 11.393057590258129, 53.914216942021049 ], [ 11.390912188594822, 53.920927122717558 ], [ 11.394429216598008, 53.92486569172042 ], [ 11.395267156366948, 53.92229094720927 ], [ 11.4029694276378, 53.922800887989403 ], [ 11.414193971332416, 53.916505353671653 ], [ 11.432692352519618, 53.911128354676073 ], [ 11.436759905212201, 53.907574545786261 ], [ 11.434751380945661, 53.901058587718687 ], [ 11.443170051192782, 53.898994520833192 ], [ 11.450279640090745, 53.899891013665709 ], [ 11.453223329371907, 53.89504691568559 ], [ 11.454850809095813, 53.895216419818894 ], [ 11.452911302321573, 53.899525263898013 ], [ 11.459738065724226, 53.896452011188636 ], [ 11.457711825290831, 53.899501339390547 ], [ 11.462819821799739, 53.898080340457064 ], [ 11.463214809541352, 53.899060377641867 ], [ 11.455395425292838, 53.900891865077234 ], [ 11.455507812730298, 53.901984334372749 ], [ 11.463217996413432, 53.902252483303691 ], [ 11.447816098754101, 53.904706789047921 ], [ 11.445679853318818, 53.912122770489546 ], [ 11.458814150687351, 53.917077195525778 ], [ 11.472665330236129, 53.928155816333842 ], [ 11.475472484627687, 53.928966525805428 ], [ 11.476711418305413, 53.926455886052615 ], [ 11.480135522181333, 53.926433418954772 ], [ 11.481520760932044, 53.931165795725768 ], [ 11.478751922239391, 53.93233602825223 ], [ 11.478191068690071, 53.935715406373426 ], [ 11.479831031897778, 53.938617784820813 ], [ 11.486684536486795, 53.938541723434199 ], [ 11.486517634259886, 53.934390077048768 ], [ 11.508657865383533, 53.930890191522217 ], [ 11.509814828056491, 53.92822524234618 ], [ 11.516193382355613, 53.927802260006914 ] ], [ [ 11.450550989197081, 53.874191609872803 ], [ 11.453112946401172, 53.873895740147212 ], [ 11.45425390103715, 53.875482197624656 ], [ 11.451884228427705, 53.876316940104566 ], [ 11.450550989197081, 53.874191609872803 ] ] ], [ [ [ 11.428070055547719, 53.943822975271949 ], [ 11.428228303993039, 53.940698347511102 ], [ 11.426894162375428, 53.938314593216646 ], [ 11.423537919704367, 53.942323955668336 ], [ 11.428070055547719, 53.943822975271949 ] ] ] ] } },
{ "type": "Feature", "properties": { "wkr": 11, "wkr_name": "Landkreis Rostock I" }, "geometry": { "type": "MultiPolygon", "coordinates": [ [ [ [ 11.514819757688265, 54.039269832543475 ], [ 11.51295339253649, 54.03946642136011 ], [ 11.511419339737222, 54.045247468155516 ], [ 11.511769434711333, 54.05417508790908 ], [ 11.523630060648021, 54.069249707131462 ], [ 11.515881404531051, 54.058193835702987 ], [ 11.514819757688265, 54.039269832543475 ] ] ], [ [ [ 11.976960787943897, 54.15306469834217 ], [ 11.976355413132076, 54.146975641342998 ], [ 11.987232760412033, 54.145241359640167 ], [ 11.993946472352793, 54.145867173514581 ], [ 11.996988276657136, 54.139235268231857 ], [ 12.009643751277499, 54.133224410157702 ], [ 12.011193245214805, 54.129132698965869 ], [ 12.019073444974897, 54.128618637962923 ], [ 12.0220547191047, 54.123021361954891 ], [ 12.019956622754904, 54.122938416146795 ], [ 12.018455534380726, 54.117667102448095 ], [ 11.999937306672962, 54.116447873847861 ], [ 12.001176635002999, 54.110106288690027 ], [ 11.998484309852703, 54.109640743926541 ], [ 11.993944626483428, 54.103518264617179 ], [ 11.990443969032411, 54.102343656872577 ], [ 11.984842146363434, 54.103571463667741 ], [ 11.991743578687581, 54.094418506276 ], [ 11.989772144819167, 54.093816797304797 ], [ 11.989647219757076, 54.090768498067895 ], [ 11.98465410135505, 54.088693324252034 ], [ 11.998034654963249, 54.075021113259986 ], [ 11.994590705629147, 54.075551712558543 ], [ 11.997155201621606, 54.072688846204976 ], [ 11.996916555050811, 54.068343480541387 ], [ 11.99100959618276, 54.061195452703473 ], [ 12.00024760986531, 54.055234612979632 ], [ 12.003456537435307, 54.050854514554146 ], [ 11.981850871401624, 54.045367372372262 ], [ 11.970662710911434, 54.038989285615969 ], [ 11.970966062886284, 54.035716092411541 ], [ 11.983590349613483, 54.036975816461435 ], [ 11.986910064979938, 54.032550518862251 ], [ 12.000232958662933, 54.030467026211504 ], [ 12.001302364514894, 54.0263523308248 ], [ 11.997594904790807, 54.021687603894229 ], [ 12.00102472942403, 54.010490706729982 ], [ 12.003224397405855, 54.010233787218851 ], [ 12.004540522955171, 54.004934112931217 ], [ 12.013342405579001, 53.99608212333672 ], [ 12.023035022628791, 53.988764244985667 ], [ 12.005616734019984, 53.98001481648533 ], [ 12.013962637756558, 53.97658386368235 ], [ 12.009878460693113, 53.976480561717601 ], [ 12.008864912386622, 53.972725283856249 ], [ 11.998936950093478, 53.962962479813733 ], [ 11.992200798350602, 53.963706506765476 ], [ 11.985950996187723, 53.968424949438514 ], [ 11.977927718792888, 53.966736657736384 ], [ 11.970191524008097, 53.962789839707263 ], [ 11.962881249635959, 53.961538917490522 ], [ 11.957081781853972, 53.962260844966792 ], [ 11.945939373347954, 53.958712221383898 ], [ 11.938471403866771, 53.959221858912983 ], [ 11.931912229404318, 53.970063301644757 ], [ 11.926671218210155, 53.971981237272026 ], [ 11.924715930052177, 53.974500740383426 ], [ 11.92493976262517, 53.980512902052183 ], [ 11.929085573300434, 53.985369976525668 ], [ 11.925383572027254, 53.986977512296292 ], [ 11.919080072222393, 53.982936296672136 ], [ 11.901800703626069, 53.980281782822573 ], [ 11.902820022229092, 53.977626787333371 ], [ 11.893386186916057, 53.974030901722287 ], [ 11.89106458158726, 53.970177426252782 ], [ 11.88409442937972, 53.97026196823942 ], [ 11.880904499575546, 53.968035611362048 ], [ 11.875968683270838, 53.968206550161796 ], [ 11.865544861924912, 53.948258220005918 ], [ 11.859443248550114, 53.952446840269573 ], [ 11.85123867656543, 53.946485244689555 ], [ 11.851524675095639, 53.943865859367065 ], [ 11.846541605526783, 53.943540911986865 ], [ 11.847876168083801, 53.934492327602797 ], [ 11.845594840583827, 53.933287115937283 ], [ 11.840535474098175, 53.936094285635519 ], [ 11.835967535607494, 53.936119608344335 ], [ 11.827447956437389, 53.941676340347797 ], [ 11.823789485902939, 53.940562373660775 ], [ 11.811185515309676, 53.941273868504979 ], [ 11.809966104212485, 53.943766118014267 ], [ 11.80333202730308, 53.938196595262426 ], [ 11.798573828065285, 53.942546663181197 ], [ 11.795081512164526, 53.942349444664494 ], [ 11.792847735299443, 53.945839336851201 ], [ 11.799274141335909, 53.956121987586087 ], [ 11.795197742922017, 53.956225198008447 ], [ 11.798657838920896, 53.958492122361328 ], [ 11.797983741261271, 53.962629502722372 ], [ 11.803922440291299, 53.966652035057159 ], [ 11.781854190220503, 53.974357213169341 ], [ 11.770853797344666, 53.975004906986818 ], [ 11.763924487141596, 53.977348315133852 ], [ 11.759927413293807, 53.973021988022147 ], [ 11.749858077303163, 53.972010160159734 ], [ 11.74576890713511, 53.973952590498214 ], [ 11.741009724943293, 53.968967212373954 ], [ 11.748825499009277, 53.963672858408543 ], [ 11.748296824615345, 53.96006329234465 ], [ 11.73175906094729, 53.953061623445699 ], [ 11.731073102353967, 53.955505058749807 ], [ 11.725833383968897, 53.956280878087746 ], [ 11.706273233766892, 53.955502200835618 ], [ 11.697259778457262, 53.953526462867089 ], [ 11.699826712531621, 53.9489115508892 ], [ 11.686711938422661, 53.934364465130123 ], [ 11.674337034105472, 53.9359941341406 ], [ 11.675751456355417, 53.94017924026268 ], [ 11.673191149095018, 53.944392235722972 ], [ 11.667483163097637, 53.947428370564033 ], [ 11.670079060517567, 53.950422655512114 ], [ 11.666912283906527, 53.955188162597835 ], [ 11.671194434013328, 53.95936232265479 ], [ 11.677759451901304, 53.96218479997728 ], [ 11.670131042276255, 53.964771735218065 ], [ 11.663072492264892, 53.971420299303446 ], [ 11.658901568680974, 53.970685029837803 ], [ 11.651622050148175, 53.973590355541234 ], [ 11.651880749222205, 53.976161183640457 ], [ 11.65854741480336, 53.977094424693789 ], [ 11.657815238002666, 53.984430717463319 ], [ 11.649072084885939, 53.987235010808554 ], [ 11.631073977795875, 53.989522880468904 ], [ 11.623197912465479, 53.992807920429712 ], [ 11.618459521109065, 53.990759809131653 ], [ 11.612726518445214, 53.993934428632706 ], [ 11.609338679284077, 53.992702622735358 ], [ 11.614255242561693, 53.989400633019351 ], [ 11.614127258795634, 53.986019675020778 ], [ 11.60452027554787, 53.985687852977229 ], [ 11.594110448756972, 53.987426984198187 ], [ 11.587716252611283, 53.98667150939 ], [ 11.582649710030788, 53.989275006641599 ], [ 11.582146554367581, 53.993495362978017 ], [ 11.585341431315596, 53.994124572262855 ], [ 11.588741341681429, 54.000708939142712 ], [ 11.58711910324179, 54.004347868340425 ], [ 11.5807959184972, 54.006797787248033 ], [ 11.580664329885284, 54.012583986054636 ], [ 11.5753808488274, 54.017687357417678 ], [ 11.579177570205587, 54.019260297000251 ], [ 11.562249571629208, 54.028213517795777 ], [ 11.576438998667799, 54.035547600188245 ], [ 11.58685823495685, 54.046333165916778 ], [ 11.582093145744096, 54.062851630758665 ], [ 11.594684966903023, 54.067376887548249 ], [ 11.602717861597215, 54.067564818956733 ], [ 11.607442871486354, 54.069366337484546 ], [ 11.611373531079153, 54.068670769114462 ], [ 11.61001205572107, 54.069637322774753 ], [ 11.614695838160946, 54.073612437406496 ], [ 11.624481026264078, 54.07702617336443 ], [ 11.626233033346875, 54.09005149172976 ], [ 11.614227963962167, 54.102089923474651 ], [ 11.605671841996138, 54.103472978918568 ], [ 11.600172919566482, 54.100219143497746 ], [ 11.601563330555976, 54.09547092060437 ], [ 11.586990127568098, 54.092837619948163 ], [ 11.57973732211164, 54.087275234958959 ], [ 11.576662362754679, 54.080752387991893 ], [ 11.569631046703705, 54.078933435352717 ], [ 11.558804909896004, 54.069741974788116 ], [ 11.551499187336441, 54.066060284249872 ], [ 11.548597240949752, 54.066413976821359 ], [ 11.544662237469939, 54.060553914816083 ], [ 11.538157160969151, 54.057192509642178 ], [ 11.539248305762394, 54.056256401935592 ], [ 11.541898988397136, 54.057474787521279 ], [ 11.542382415984102, 54.05511624259362 ], [ 11.532352115457309, 54.049140663852 ], [ 11.530620696249484, 54.049992422111735 ], [ 11.531815922099973, 54.053578148332065 ], [ 11.536795186627385, 54.05812439497948 ], [ 11.534434132548789, 54.074144099519707 ], [ 11.532314930490305, 54.075261025286437 ], [ 11.525101277084531, 54.070355399952319 ], [ 11.553740428051949, 54.093836256146886 ], [ 11.569819850292951, 54.098502312851487 ], [ 11.586584047307284, 54.099264137381816 ], [ 11.607456215581264, 54.105885078319012 ], [ 11.664347604877257, 54.143070351105855 ], [ 11.682434340684971, 54.153060850619184 ], [ 11.759201424714936, 54.154650449644826 ], [ 11.782664726481695, 54.149110378216584 ], [ 11.805145067105999, 54.146048206803293 ], [ 11.850620792444897, 54.144991874990041 ], [ 11.890714910967949, 54.151671770960945 ], [ 11.918749793447851, 54.159074650781854 ], [ 11.946835646665209, 54.164939637792763 ], [ 11.967260048180162, 54.167054298000579 ], [ 11.987804990980111, 54.172559192761334 ], [ 11.987330311389057, 54.164945889655755 ], [ 11.976960787943897, 54.15306469834217 ] ] ] ] } },
{ "type": "Feature", "properties": { "wkr": 12, "wkr_name": "Landkreis Rostock II" }, "geometry": { "type": "MultiPolygon", "coordinates": [ [ [ [ 12.019562055289553, 54.154972528655442 ], [ 12.025212057908812, 54.148359843741716 ], [ 12.027566529683376, 54.148863766433792 ], [ 12.029025602857327, 54.146839494830736 ], [ 12.026840171520353, 54.146284648889569 ], [ 12.027200730300034, 54.14430522932107 ], [ 12.036271292422416, 54.140874876547237 ], [ 12.036752728093703, 54.135337883594687 ], [ 12.033318080802241, 54.134787498560584 ], [ 12.033301104210576, 54.127182606251289 ], [ 12.011193245214805, 54.129132698965869 ], [ 12.009643751277499, 54.133224410157702 ], [ 11.994855280125911, 54.141115974593006 ], [ 11.993946472352793, 54.145867173514581 ], [ 11.987232760412033, 54.145241359640167 ], [ 11.976355413132076, 54.146975641342998 ], [ 11.976960787943897, 54.15306469834217 ], [ 11.987330311389057, 54.164945889655755 ], [ 11.987804990980111, 54.172559192761334 ], [ 11.998439427937514, 54.175031000500944 ], [ 11.999546930057662, 54.173591555024437 ], [ 12.010927842743857, 54.171492236448401 ], [ 12.015426001627665, 54.167496567937981 ], [ 12.032717256858575, 54.162904106830084 ], [ 12.027470705888421, 54.156573686618913 ], [ 12.019562055289553, 54.154972528655442 ] ] ], [ [ [ 12.312060890981165, 54.249674185754486 ], [ 12.311624342837689, 54.234279469188976 ], [ 12.319236438512938, 54.235485728682711 ], [ 12.318742109686024, 54.231042390377347 ], [ 12.323476089580849, 54.230409730994687 ], [ 12.323380550553473, 54.228053445933725 ], [ 12.331898962170644, 54.22881928068491 ], [ 12.330055871855697, 54.224637238387189 ], [ 12.349694577003355, 54.221954834997298 ], [ 12.346110660837898, 54.216893395472738 ], [ 12.352444573379989, 54.211472163643592 ], [ 12.367862499813794, 54.209750019877049 ], [ 12.371657622753283, 54.207862722480513 ], [ 12.370605033138922, 54.196615765138702 ], [ 12.372737892543753, 54.190476874940195 ], [ 12.366026591742383, 54.187209212504875 ], [ 12.35155569476119, 54.185094910752902 ], [ 12.351985978563604, 54.183858241211837 ], [ 12.355359374755308, 54.184257857335538 ], [ 12.358249021907344, 54.1785575735788 ], [ 12.369104329167694, 54.17955978253849 ], [ 12.375103378239819, 54.177152418078272 ], [ 12.366898464970046, 54.168170369671266 ], [ 12.366111894482771, 54.161981300615963 ], [ 12.382136020973789, 54.157467224075482 ], [ 12.378878029969856, 54.152730930202956 ], [ 12.372824434733309, 54.152725186179339 ], [ 12.37451918015933, 54.148772008990669 ], [ 12.381343518989318, 54.142954333192556 ], [ 12.380861423167133, 54.139896835692376 ], [ 12.384737208317693, 54.135341944442573 ], [ 12.392164847933037, 54.132788156709161 ], [ 12.389161449285936, 54.130841794027752 ], [ 12.38437818412805, 54.131827911717181 ], [ 12.384237876071397, 54.11685097626679 ], [ 12.388111872814006, 54.11465729518968 ], [ 12.386496012942425, 54.113263491685203 ], [ 12.395409860983241, 54.111808686747906 ], [ 12.400828395110027, 54.112585201858145 ], [ 12.401445371031903, 54.114598531806067 ], [ 12.411923502247825, 54.113619804086632 ], [ 12.423693276300725, 54.11685256967818 ], [ 12.418449623874549, 54.119704595961394 ], [ 12.426535352975197, 54.120889107480842 ], [ 12.43295071907137, 54.119562825785586 ], [ 12.432748251604341, 54.122720828079295 ], [ 12.435465574780254, 54.124281921500362 ], [ 12.449871895946913, 54.116873660423657 ], [ 12.45998547160452, 54.107248350814501 ], [ 12.454757831369839, 54.104423896927898 ], [ 12.459365565083511, 54.092340887639146 ], [ 12.477592569634979, 54.095038247308089 ], [ 12.483860608553007, 54.097630796070241 ], [ 12.491276535089535, 54.095616446362705 ], [ 12.494719584521594, 54.091091383173662 ], [ 12.501886060506912, 54.093416016195448 ], [ 12.518873985092062, 54.093389570984499 ], [ 12.518938582223001, 54.095440371948861 ], [ 12.535942940463688, 54.091082533911695 ], [ 12.540051341281931, 54.08767789041049 ], [ 12.55685358842195, 54.093610536524224 ], [ 12.562569307007575, 54.090392871223877 ], [ 12.566943888866927, 54.084047516851449 ], [ 12.581620012500197, 54.07228440345289 ], [ 12.587314606195982, 54.070069880774319 ], [ 12.595993426453944, 54.072095193882532 ], [ 12.594987926994333, 54.073780480900552 ], [ 12.598595820363892, 54.075847633078645 ], [ 12.600964232497997, 54.074704543792372 ], [ 12.604410364829771, 54.076477725681322 ], [ 12.602531305871963, 54.077830419245394 ], [ 12.606015648451116, 54.078142623559586 ], [ 12.613505559474484, 54.07045286701824 ], [ 12.627568514067775, 54.067564259266135 ], [ 12.647362011209816, 54.053633401665884 ], [ 12.656457938671805, 54.049329093881738 ], [ 12.659129244157523, 54.046411219873441 ], [ 12.656964922676245, 54.039161747662625 ], [ 12.645781947942899, 54.038782207726413 ], [ 12.646370150625772, 54.033814001673846 ], [ 12.628901899597601, 54.032251550309816 ], [ 12.62522397398005, 54.027090268618316 ], [ 12.6219032480849, 54.009710999508698 ], [ 12.61854929022164, 54.008904876271629 ], [ 12.617625857245281, 54.005223803938271 ], [ 12.61060690606068, 54.004061303768545 ], [ 12.601162359109676, 54.008468277061837 ], [ 12.583855515978296, 54.007714462991729 ], [ 12.589042353228175, 54.010497147442884 ], [ 12.577990138851725, 54.013332965211276 ], [ 12.577688910515706, 54.016340869415032 ], [ 12.570063148644856, 54.016029635548293 ], [ 12.56013327901619, 54.008984177050529 ], [ 12.551924937916375, 54.006049853224965 ], [ 12.540108265085372, 54.009162586571371 ], [ 12.533753312853536, 54.0058813465903 ], [ 12.527209789850826, 54.008010904910279 ], [ 12.529067057162223, 54.010198730693652 ], [ 12.525647602306959, 54.011348889263502 ], [ 12.520079513947314, 54.010658780131124 ], [ 12.5258348705198, 54.004427947729432 ], [ 12.537596679690468, 54.004537895321427 ], [ 12.552816899259543, 53.998798525928727 ], [ 12.559971661923084, 53.993721720865047 ], [ 12.554791722844266, 53.992699570826574 ], [ 12.55099001112735, 53.989779253551276 ], [ 12.547575379090059, 53.981566174066046 ], [ 12.552151311834137, 53.977802913021996 ], [ 12.533753087856478, 53.975585937584647 ], [ 12.520836866035838, 53.976424381279891 ], [ 12.511841052369395, 53.974064315783757 ], [ 12.509892541878274, 53.971813018902473 ], [ 12.51443686057066, 53.959560402939587 ], [ 12.517999681086385, 53.956737148681221 ], [ 12.514037364548368, 53.955889657209553 ], [ 12.512434667947065, 53.953140273386481 ], [ 12.515099205145411, 53.951944733964055 ], [ 12.513167518830519, 53.950577537218933 ], [ 12.494238497750146, 53.957289616994281 ], [ 12.480393778046022, 53.957903869454995 ], [ 12.474936480646075, 53.96979489278938 ], [ 12.477623494178557, 53.976429492259896 ], [ 12.467951941933007, 53.976224440438692 ], [ 12.461685334956783, 53.979932337900486 ], [ 12.458009370885687, 53.979004891718269 ], [ 12.455826671899668, 53.97990881908445 ], [ 12.45593225805948, 53.982602106975648 ], [ 12.439519345678574, 53.985506329747352 ], [ 12.42301786926023, 53.983066087020433 ], [ 12.412692312927335, 53.978180706077708 ], [ 12.407289839850035, 53.979595246605442 ], [ 12.407232416672276, 53.984133072976562 ], [ 12.405467296959632, 53.984328951386885 ], [ 12.401831855409796, 53.982943784171475 ], [ 12.401203131138901, 53.977889196355775 ], [ 12.398703712421398, 53.9803555577354 ], [ 12.39143209196533, 53.974519534681733 ], [ 12.387126002303068, 53.975046623148415 ], [ 12.375583969559546, 53.968749033349503 ], [ 12.367814764036963, 53.959526850122394 ], [ 12.356915360703828, 53.962072961564566 ], [ 12.350571761371912, 53.965341637160627 ], [ 12.347168505370837, 53.964143238753529 ], [ 12.339518434587164, 53.972056198210453 ], [ 12.341101452893389, 53.975016178948039 ], [ 12.335855659608081, 53.980614769248795 ], [ 12.345190578546548, 53.984989148487756 ], [ 12.344390908469483, 53.988245578529202 ], [ 12.337620427928529, 53.999463558458693 ], [ 12.32987547140657, 53.9998691171999 ], [ 12.32999139638941, 54.001178805288497 ], [ 12.320453905906149, 54.000520616801523 ], [ 12.321171469305375, 53.993984155601652 ], [ 12.309873278844753, 53.988816007083543 ], [ 12.299756369231648, 53.98973445759912 ], [ 12.303139584779426, 53.985097777164725 ], [ 12.296417893256272, 53.984871385238364 ], [ 12.292860649792026, 53.979729753485742 ], [ 12.282069432773339, 53.971891643158315 ], [ 12.285339455503683, 53.968280710722681 ], [ 12.292690562340123, 53.965516550009482 ], [ 12.291480923232655, 53.959590564567485 ], [ 12.297880540184275, 53.958477642237987 ], [ 12.299484536981234, 53.955809856408855 ], [ 12.291499222933016, 53.956327001044947 ], [ 12.288745652799905, 53.953614967478849 ], [ 12.270119349408654, 53.959283842312431 ], [ 12.258214338418039, 53.960575851232825 ], [ 12.249782509091251, 53.96476627364661 ], [ 12.238863455089474, 53.964766914633351 ], [ 12.231463361714491, 53.9627212592356 ], [ 12.216043321385007, 53.965399724709869 ], [ 12.215227378363945, 53.962041030931786 ], [ 12.210628723635427, 53.965138236277951 ], [ 12.205340720464681, 53.977417689007034 ], [ 12.1914549251025, 53.977783380173193 ], [ 12.19108283581587, 53.962727390317717 ], [ 12.182274256248354, 53.965541996697873 ], [ 12.177995416481314, 53.973810262366065 ], [ 12.167907334544612, 53.974080960776078 ], [ 12.162759861608256, 53.96972369094496 ], [ 12.153750082283516, 53.972659209831747 ], [ 12.14097421295032, 53.971176794129498 ], [ 12.126909980571309, 53.975624975954119 ], [ 12.128882250050042, 53.980827130418128 ], [ 12.125935561553627, 53.986940673349423 ], [ 12.115770080527469, 53.983623587023025 ], [ 12.117234490223034, 53.98040329111101 ], [ 12.111649590763099, 53.979508113811157 ], [ 12.109409258550876, 53.982879364024704 ], [ 12.105941163503266, 53.981020822611136 ], [ 12.10324292086179, 53.982158664376698 ], [ 12.105282629508414, 53.983878656285228 ], [ 12.098540071419674, 53.985596008349745 ], [ 12.094124651554461, 53.984710911166871 ], [ 12.093242979825076, 53.987409579334624 ], [ 12.087987027068662, 53.988893026380083 ], [ 12.084184166947384, 53.998989329678338 ], [ 12.079210767107675, 53.999271455489897 ], [ 12.078834515582129, 54.001490327265827 ], [ 12.070297976045696, 54.003003443211092 ], [ 12.068696994112695, 53.999040145458345 ], [ 12.072569069749196, 53.994257419833353 ], [ 12.069570076212717, 53.991777463607519 ], [ 12.070805527480623, 53.987535137721046 ], [ 12.063626630771934, 53.985369494319677 ], [ 12.063660996693455, 53.982276812705642 ], [ 12.070321408139122, 53.979901334662401 ], [ 12.073470930353075, 53.975720060982106 ], [ 12.062425554146451, 53.975509322058443 ], [ 12.052573749875627, 53.977114900509314 ], [ 12.039686215156239, 53.971943227022592 ], [ 12.029157539470834, 53.975379325326529 ], [ 12.024791920611566, 53.974206753892659 ], [ 12.019985157083013, 53.975339148917804 ], [ 12.017003023221646, 53.973257880938526 ], [ 12.013962480523537, 53.974362391526022 ], [ 12.012309085319412, 53.978152624158128 ], [ 12.005616734019984, 53.98001481648533 ], [ 12.023035022628791, 53.988764244985667 ], [ 12.013342405579001, 53.99608212333672 ], [ 12.004540522955171, 54.004934112931217 ], [ 12.003224397405855, 54.010233787218851 ], [ 12.00102472942403, 54.010490706729982 ], [ 11.997594904790807, 54.021687603894229 ], [ 12.001302364514894, 54.0263523308248 ], [ 12.000232958662933, 54.030467026211504 ], [ 11.986910064979938, 54.032550518862251 ], [ 11.983590349613483, 54.036975816461435 ], [ 11.970966062886284, 54.035716092411541 ], [ 11.970662710911434, 54.038989285615969 ], [ 11.981850871401624, 54.045367372372262 ], [ 12.003456537435307, 54.050854514554146 ], [ 12.00024760986531, 54.055234612979632 ], [ 11.99100959618276, 54.061195452703473 ], [ 11.996916555050811, 54.068343480541387 ], [ 11.997155201621606, 54.072688846204976 ], [ 11.994590705629147, 54.075551712558543 ], [ 11.998034654963249, 54.075021113259986 ], [ 11.98465410135505, 54.088693324252034 ], [ 11.989647219757076, 54.090768498067895 ], [ 11.989772144819167, 54.093816797304797 ], [ 11.991743578687581, 54.094418506276 ], [ 11.984842146363434, 54.103571463667741 ], [ 11.990443969032411, 54.102343656872577 ], [ 11.993944626483428, 54.103518264617179 ], [ 11.998484309852703, 54.109640743926541 ], [ 12.001176635002999, 54.110106288690027 ], [ 11.999937306672962, 54.116447873847861 ], [ 12.018455534380726, 54.117667102448095 ], [ 12.019956622754904, 54.122938416146795 ], [ 12.032556136041292, 54.11980399798076 ], [ 12.039052999692403, 54.112302252061703 ], [ 12.036445239178176, 54.111745837663271 ], [ 12.036830809914973, 54.10758606397517 ], [ 12.049492885166003, 54.106349981444254 ], [ 12.049432595975299, 54.103978329818062 ], [ 12.054515590106512, 54.103032535493263 ], [ 12.050404947466729, 54.097142294630949 ], [ 12.051844055768726, 54.095263614488132 ], [ 12.047411067698834, 54.091783412620067 ], [ 12.057585285433435, 54.088798409752307 ], [ 12.059722869493717, 54.084249787153098 ], [ 12.06391477255414, 54.083120797859685 ], [ 12.064271847446777, 54.081339785785708 ], [ 12.060593895770072, 54.079516502810492 ], [ 12.060959261353631, 54.076272475986251 ], [ 12.066017314262886, 54.067921362246942 ], [ 12.072499889849322, 54.068342132722229 ], [ 12.073529816948328, 54.066759813348718 ], [ 12.063759617598455, 54.063267959930293 ], [ 12.064997199797713, 54.059108649059652 ], [ 12.072948582563622, 54.063602539951496 ], [ 12.073227373147589, 54.056027358106356 ], [ 12.081104156247283, 54.051430463468165 ], [ 12.088385822206819, 54.051050630836677 ], [ 12.095065911911025, 54.052471423576137 ], [ 12.09637680932509, 54.05080873483903 ], [ 12.098011844614948, 54.052876502137167 ], [ 12.116860719188908, 54.058559017968726 ], [ 12.134150085647418, 54.059393495025112 ], [ 12.145473961995446, 54.058337690636357 ], [ 12.146406693362595, 54.061936570879062 ], [ 12.165543375448371, 54.071231859137313 ], [ 12.169877467751114, 54.067033568316852 ], [ 12.192433626898083, 54.069792149655228 ], [ 12.192945243043367, 54.078791030341861 ], [ 12.198783795088112, 54.080896348337625 ], [ 12.199647744338144, 54.083366828774174 ], [ 12.198204323399601, 54.084750958987442 ], [ 12.201194547062277, 54.09716665570614 ], [ 12.197801312701031, 54.101934667412252 ], [ 12.190653402570922, 54.106792968502049 ], [ 12.171129752121038, 54.115971668795147 ], [ 12.17334668199482, 54.118914568832189 ], [ 12.171160968247346, 54.12145061625759 ], [ 12.17281515195743, 54.128862104001854 ], [ 12.183661667572247, 54.134634833029324 ], [ 12.189673831201178, 54.147627465833608 ], [ 12.182714654242645, 54.158915992044903 ], [ 12.176291308649295, 54.159117271322017 ], [ 12.175291114566184, 54.162400227519434 ], [ 12.186613188991828, 54.166422112664229 ], [ 12.197815334970612, 54.16799008493895 ], [ 12.205725932810578, 54.176863756565353 ], [ 12.205981865180238, 54.182257122821369 ], [ 12.225103411199116, 54.18344420714979 ], [ 12.225510578166867, 54.178667909744021 ], [ 12.228625962441344, 54.181436298440644 ], [ 12.236262957875859, 54.183090494064253 ], [ 12.246246769207788, 54.184064799919383 ], [ 12.257762897434063, 54.182692536094294 ], [ 12.262973746246706, 54.1859901361304 ], [ 12.267527599989663, 54.184443125230089 ], [ 12.295123762164662, 54.195698792347628 ], [ 12.287312339616451, 54.202434974502431 ], [ 12.272695847644467, 54.210604974092995 ], [ 12.272403054439371, 54.213935229051614 ], [ 12.264103461294404, 54.215004269007039 ], [ 12.267581734607427, 54.24107672279748 ], [ 12.263628736035956, 54.24284503576019 ], [ 12.257594724222377, 54.243127970711356 ], [ 12.252130928797291, 54.241868906719056 ], [ 12.243377610048169, 54.242903915757829 ], [ 12.240235809102952, 54.240903992866933 ], [ 12.23205764460169, 54.241290210305216 ], [ 12.226454438751585, 54.243146718162279 ], [ 12.221898845436735, 54.242126472809041 ], [ 12.201348687160879, 54.24470090532504 ], [ 12.223314390237448, 54.25399376577208 ], [ 12.284212914046085, 54.274432243203648 ], [ 12.283414845122143, 54.265975781940369 ], [ 12.278448106623253, 54.262004218505389 ], [ 12.300236164260133, 54.25526034173388 ], [ 12.297797788294767, 54.252403235395299 ], [ 12.308204779867635, 54.252304290132194 ], [ 12.312060890981165, 54.249674185754486 ] ] ] ] } },
{ "type": "Feature", "properties": { "wkr": 13, "wkr_name": "Mecklenburgische Seenplatte I – Vorpommern-Greifswald I" }, "geometry": { "type": "Polygon", "coordinates": [ [ [ 13.374191279438561, 53.854587688807506 ], [ 13.369183244927063, 53.844524808876194 ], [ 13.363201233431091, 53.84346299270392 ], [ 13.354060822348, 53.846768968969755 ], [ 13.337583818087817, 53.849175757943314 ], [ 13.333170300430726, 53.834070601148397 ], [ 13.315953299085766, 53.831348929364637 ], [ 13.309393922471328, 53.825706821969987 ], [ 13.303023215312695, 53.823728770031437 ], [ 13.300768097421935, 53.81129508176069 ], [ 13.281179989496742, 53.810363140786649 ], [ 13.270021176727948, 53.818754378306146 ], [ 13.247730268409539, 53.813857132792485 ], [ 13.229058697923207, 53.806731009682544 ], [ 13.224838854277808, 53.807452209693238 ], [ 13.216778526460878, 53.805179987664474 ], [ 13.218601409403977, 53.798486130482836 ], [ 13.217098557671967, 53.795000156121795 ], [ 13.213628381356498, 53.795951738151921 ], [ 13.195705059428601, 53.792528790054 ], [ 13.191473632800893, 53.793571682101899 ], [ 13.183951287467922, 53.799633591844739 ], [ 13.164196620876796, 53.800305767726307 ], [ 13.166187337367084, 53.805281698918058 ], [ 13.157216069525102, 53.803866408624607 ], [ 13.15939355494576, 53.800307634214825 ], [ 13.137605135930631, 53.79548102327125 ], [ 13.143765332793418, 53.787640613235347 ], [ 13.141499736609116, 53.784535470702615 ], [ 13.118946730349938, 53.780142035158029 ], [ 13.111937877697713, 53.781378534019936 ], [ 13.107314636323048, 53.777411877090387 ], [ 13.095883265905908, 53.772678599673277 ], [ 13.085854972003025, 53.760230379281708 ], [ 13.079009132059518, 53.756187826657843 ], [ 13.067719777696325, 53.756270417607737 ], [ 13.067448693077331, 53.759118599324857 ], [ 13.064261000900901, 53.760033939106791 ], [ 13.047890934387324, 53.748582241077727 ], [ 13.028654849219441, 53.748613799039134 ], [ 13.026404441742441, 53.750276776231829 ], [ 13.017374533931529, 53.748791530726642 ], [ 13.01371706948501, 53.749625609829806 ], [ 13.003202124195195, 53.740662484103233 ], [ 12.999720755367544, 53.740779815528228 ], [ 12.987719905317739, 53.736100293078124 ], [ 12.980681030767073, 53.731393947912629 ], [ 12.966597731517846, 53.734576826813957 ], [ 12.951817940938888, 53.735637417980662 ], [ 12.954912192205528, 53.74030881044942 ], [ 12.952172568409399, 53.743678603701113 ], [ 12.944102502926249, 53.746594501236558 ], [ 12.947666937408952, 53.755009366040326 ], [ 12.945360993211448, 53.756042227147674 ], [ 12.948858082950677, 53.760280379045163 ], [ 12.947896699321875, 53.763316147776415 ], [ 12.932083936112704, 53.765130787325013 ], [ 12.926272250405379, 53.771084180794347 ], [ 12.916801571999841, 53.770703801838515 ], [ 12.91855350124102, 53.774360383897928 ], [ 12.909036717613979, 53.775925363249698 ], [ 12.909108094716041, 53.770873187522511 ], [ 12.90630599780966, 53.76902112013768 ], [ 12.895340862186018, 53.77502706375892 ], [ 12.889730157332254, 53.771032741602738 ], [ 12.873292308867628, 53.782342398989783 ], [ 12.864023037998216, 53.784151589986791 ], [ 12.87940057584207, 53.803987710064213 ], [ 12.897501827545769, 53.80464415862312 ], [ 12.900182140568347, 53.807226427893774 ], [ 12.901356378368453, 53.813692802741052 ], [ 12.911696994752367, 53.821877600862706 ], [ 12.913885649358772, 53.841220077682344 ], [ 12.908568969680541, 53.845925819268047 ], [ 12.89999861782931, 53.848925201551175 ], [ 12.889932032528227, 53.847370313683022 ], [ 12.878044445150046, 53.841529116382205 ], [ 12.86824328945788, 53.833876752256039 ], [ 12.837792436982287, 53.840763007332349 ], [ 12.832300985671695, 53.844021223107063 ], [ 12.814979401307864, 53.847996024417576 ], [ 12.816016605162046, 53.851048542510668 ], [ 12.810680530379569, 53.853924555817805 ], [ 12.807344108404825, 53.850725681439606 ], [ 12.796167501311528, 53.850297820685782 ], [ 12.79356106312852, 53.855389605025316 ], [ 12.78476351074517, 53.857398976571474 ], [ 12.785186885503702, 53.862052278079133 ], [ 12.776490750913904, 53.866084027047094 ], [ 12.77354316981282, 53.864205845731213 ], [ 12.771921835313323, 53.869865473211384 ], [ 12.784196585262976, 53.874321069567934 ], [ 12.788526783806706, 53.871941601175443 ], [ 12.794334038182779, 53.87175553507246 ], [ 12.794906256776718, 53.873252794955206 ], [ 12.800321731727646, 53.871867884372477 ], [ 12.803244024913123, 53.876897746561532 ], [ 12.791340892741125, 53.877506489800417 ], [ 12.787685852262877, 53.879055697983432 ], [ 12.785160971551102, 53.880811264893381 ], [ 12.786864711292466, 53.882721476000448 ], [ 12.7816554747011, 53.88335727204305 ], [ 12.77763620556143, 53.886448011425159 ], [ 12.783826951298694, 53.893219145273385 ], [ 12.78038735137029, 53.895100028195493 ], [ 12.770668390338384, 53.896160623302592 ], [ 12.764693161974082, 53.899903882059867 ], [ 12.784297967474847, 53.922902650878683 ], [ 12.801490285505459, 53.920405944865017 ], [ 12.802893209031394, 53.920868532529575 ], [ 12.795652498602424, 53.92759741426282 ], [ 12.804482658615983, 53.929237467073392 ], [ 12.811989707621425, 53.924313586188944 ], [ 12.80966668362186, 53.930294706890635 ], [ 12.813692912065378, 53.930409476643881 ], [ 12.805738535965753, 53.94367019729755 ], [ 12.795492405663367, 53.95210182865393 ], [ 12.78724017770285, 53.953202968501678 ], [ 12.791081613971311, 53.958356831443865 ], [ 12.788183359141897, 53.959070723881652 ], [ 12.796077226601245, 53.965774616590764 ], [ 12.798954516685217, 53.974496448901419 ], [ 12.800677824846586, 53.97359490290706 ], [ 12.815823112977117, 53.988303206910238 ], [ 12.807776245588322, 53.994245038932959 ], [ 12.81225736509443, 53.996468660754417 ], [ 12.802364209827756, 53.998462806570181 ], [ 12.804077612290154, 54.001249177350033 ], [ 12.808553648988545, 54.00477769572862 ], [ 12.822228810674503, 53.999624435817296 ], [ 12.840328011446783, 53.989275526403468 ], [ 12.849186161188216, 53.9804712287009 ], [ 12.857738706629249, 53.975864895415725 ], [ 12.865225451820919, 53.973476962883773 ], [ 12.874339290627329, 53.973122857484668 ], [ 12.872513660006469, 53.976592206841659 ], [ 12.877099250426289, 53.979895411801266 ], [ 12.894897883924923, 53.980348132015699 ], [ 12.90869344395322, 53.983204581334967 ], [ 12.913567277228884, 53.990639269539045 ], [ 12.925708481119241, 53.994778616409228 ], [ 12.937245166356055, 53.994070739125057 ], [ 12.954633224770722, 54.001034747555792 ], [ 12.957495069172959, 54.00430950013061 ], [ 12.986911219430597, 54.003753979207843 ], [ 12.993018412901565, 54.008691712597113 ], [ 12.997390279388746, 54.01679926097615 ], [ 13.022829799941755, 54.013568162822239 ], [ 13.028725194421133, 54.0197477747733 ], [ 13.040526685851647, 54.025046205095407 ], [ 13.053694009137228, 54.025767367895455 ], [ 13.058646135706315, 54.027977410242272 ], [ 13.078763523106744, 54.03178720815729 ], [ 13.081009860889392, 54.029827042107414 ], [ 13.084440442493658, 54.031536665939463 ], [ 13.087546821261649, 54.037205958410922 ], [ 13.097225850094773, 54.03526459927366 ], [ 13.100727162098133, 54.039727070607327 ], [ 13.110758870933928, 54.03821353795594 ], [ 13.108360118196925, 54.030931137476806 ], [ 13.129413887305564, 54.025414229943827 ], [ 13.129818504488334, 54.027360190120604 ], [ 13.132469292379993, 54.027292063173014 ], [ 13.131547769216857, 54.022447236226277 ], [ 13.157568061357345, 54.021495333340738 ], [ 13.154591407292786, 54.027937332803489 ], [ 13.181381236425878, 54.031381507683399 ], [ 13.190441627423892, 54.035847160062254 ], [ 13.195551279098138, 54.035416166853636 ], [ 13.195389611249448, 54.037268760364142 ], [ 13.204431663042762, 54.034319439247163 ], [ 13.207844929889985, 54.034634263570005 ], [ 13.209998952720063, 54.038330233703185 ], [ 13.213800683821763, 54.039781318760141 ], [ 13.212742904191337, 54.044526746151412 ], [ 13.220667851955096, 54.04844042337038 ], [ 13.224670652998411, 54.05340412216168 ], [ 13.231275873785457, 54.053343670779114 ], [ 13.233666907945569, 54.055748674611493 ], [ 13.23959425774011, 54.049511608764796 ], [ 13.239616375462736, 54.039617014030924 ], [ 13.2433785951171, 54.034851875287977 ], [ 13.252667211439364, 54.03412457729916 ], [ 13.257737289972249, 54.029777983241175 ], [ 13.275641794821791, 54.03123817558054 ], [ 13.283014134981139, 54.021130919739377 ], [ 13.285929018406406, 54.021020211347377 ], [ 13.291113511320722, 54.00777653902329 ], [ 13.31961347247381, 54.004207345048592 ], [ 13.316773263614744, 53.999635176871443 ], [ 13.32533500285432, 53.998882600254142 ], [ 13.332138436330411, 53.993103690424093 ], [ 13.331500796196174, 53.988225161816032 ], [ 13.342361562273325, 53.984673515008886 ], [ 13.336870961892501, 53.976572374835939 ], [ 13.338232267461365, 53.966884368937144 ], [ 13.341139880805475, 53.963474500855064 ], [ 13.335044181323676, 53.961074056912366 ], [ 13.327257430891546, 53.962516957363654 ], [ 13.321387865192994, 53.961894853692229 ], [ 13.311697040891314, 53.95749938700763 ], [ 13.323923158571368, 53.94376713720964 ], [ 13.338659186987275, 53.936058213298587 ], [ 13.343848136352634, 53.928419993341279 ], [ 13.34886744114897, 53.925799368841368 ], [ 13.368813297475963, 53.921349730302886 ], [ 13.382086601352185, 53.910407421052774 ], [ 13.388132145548811, 53.909029519911542 ], [ 13.404209971203873, 53.909816263859881 ], [ 13.409699171036547, 53.902410301656559 ], [ 13.406444238461217, 53.899695943852578 ], [ 13.405990031080679, 53.892446632105965 ], [ 13.387635788829005, 53.894718300233734 ], [ 13.377340204692189, 53.893531243628694 ], [ 13.372969146371439, 53.889590926890925 ], [ 13.372335621405638, 53.883372155866482 ], [ 13.379911940175862, 53.87994200478947 ], [ 13.390535287221091, 53.868069245966772 ], [ 13.381693856257247, 53.86780813039573 ], [ 13.364954526099499, 53.862888682211867 ], [ 13.378172808914895, 53.856461831675873 ], [ 13.374191279438561, 53.854587688807506 ] ] ] } },
{ "type": "Feature", "properties": { "wkr": 14, "wkr_name": "Mecklenburgische Seenplatte II" }, "geometry": { "type": "Polygon", "coordinates": [ [ [ 13.431989470711047, 53.751804954985424 ], [ 13.418962878221144, 53.727203154829077 ], [ 13.416415809687255, 53.712630282770412 ], [ 13.410676005368735, 53.70630515014291 ], [ 13.381352905815001, 53.691934211920888 ], [ 13.345285730323839, 53.67959756021429 ], [ 13.309001619317749, 53.672387709361963 ], [ 13.27817121168491, 53.662848279464001 ], [ 13.269347178055936, 53.663555583780528 ], [ 13.267615762771161, 53.662130075520658 ], [ 13.272262957350248, 53.653529444931635 ], [ 13.262812594043808, 53.648377065063883 ], [ 13.26152971467855, 53.645091718494101 ], [ 13.257468946313193, 53.643809005578035 ], [ 13.256351335117751, 53.640397641698712 ], [ 13.258946254257738, 53.638399327821666 ], [ 13.255577240674894, 53.636993168964842 ], [ 13.256589313559145, 53.63429434925208 ], [ 13.252916782216309, 53.630099774609569 ], [ 13.257881336017606, 53.628268170631145 ], [ 13.251574366424874, 53.624264651554569 ], [ 13.252723805042887, 53.619093531673677 ], [ 13.248957968654318, 53.617136916194873 ], [ 13.228111385227127, 53.6161459167622 ], [ 13.212735524612356, 53.620670504145117 ], [ 13.205053259592296, 53.607929039234051 ], [ 13.200805532996656, 53.608408355516644 ], [ 13.199731659380543, 53.604182789014715 ], [ 13.194278587156163, 53.600908900633542 ], [ 13.181373574165754, 53.603627968698092 ], [ 13.172116349642438, 53.603894882739688 ], [ 13.164394041433301, 53.600245190376043 ], [ 13.161482867696973, 53.596329467413057 ], [ 13.151754251162119, 53.594348615736585 ], [ 13.149265402122284, 53.596413909039185 ], [ 13.138163724831573, 53.594544227790415 ], [ 13.134493475882758, 53.587220842686229 ], [ 13.130685102347075, 53.585595918377194 ], [ 13.111031156737171, 53.582240471438077 ], [ 13.106764299532738, 53.5795190598582 ], [ 13.094177831925141, 53.577075520878374 ], [ 13.091382113693248, 53.574499801936355 ], [ 13.098591308059293, 53.569344783076588 ], [ 13.095274285350834, 53.568573891164817 ], [ 13.093869024742771, 53.5640785654872 ], [ 13.088903621525635, 53.561042329630702 ], [ 13.089017267424254, 53.552862199915857 ], [ 13.086251493351673, 53.554454890054515 ], [ 13.0761789294328, 53.551814518727738 ], [ 13.073945601879736, 53.544911338133289 ], [ 13.069996529949307, 53.546204690783128 ], [ 13.068261483371145, 53.557836978256148 ], [ 13.051642851052389, 53.560441230108246 ], [ 13.033300115403421, 53.568071941858712 ], [ 13.02116243454101, 53.563720897778786 ], [ 13.015740412219392, 53.566332203773811 ], [ 13.006125670210704, 53.56424216399035 ], [ 13.000434807183542, 53.571176480829052 ], [ 12.995334700842644, 53.569025273377733 ], [ 12.978847793575554, 53.570893671997261 ], [ 12.976796053287346, 53.568056668802441 ], [ 12.975801698103059, 53.572680575207293 ], [ 12.964622881468609, 53.57911941881158 ], [ 12.958671222805517, 53.591018275414029 ], [ 12.94428691187321, 53.589453120000911 ], [ 12.931322212202444, 53.590930432220105 ], [ 12.922647805078762, 53.595008868496805 ], [ 12.915184182126362, 53.59616806371033 ], [ 12.912163023652454, 53.595305122741109 ], [ 12.910331361123243, 53.590343579633313 ], [ 12.902636864532095, 53.598352504433812 ], [ 12.905722810898535, 53.598538219476154 ], [ 12.906576340683021, 53.601380147287131 ], [ 12.870218334850271, 53.599571911434786 ], [ 12.85445665416059, 53.597479453065787 ], [ 12.849189624297162, 53.603920532427509 ], [ 12.845448014496862, 53.605559838961625 ], [ 12.84041165238968, 53.605416560015911 ], [ 12.839371165705844, 53.602763954257505 ], [ 12.826821314196751, 53.596711540353013 ], [ 12.831620668222273, 53.592893538956112 ], [ 12.834896442357241, 53.593730768010403 ], [ 12.83538034660717, 53.589869227165593 ], [ 12.817626258865028, 53.585315663548116 ], [ 12.814209265700402, 53.589165783868268 ], [ 12.797497336204911, 53.592852077390468 ], [ 12.796888177575683, 53.611055721381945 ], [ 12.763864291623303, 53.614709935052019 ], [ 12.757007692786791, 53.611794124377326 ], [ 12.729967574305808, 53.617333752020507 ], [ 12.71889653978147, 53.618203199342901 ], [ 12.717439876483862, 53.625813621354375 ], [ 12.731645040546804, 53.63408945626896 ], [ 12.717633946531889, 53.63960855249087 ], [ 12.728686899260131, 53.65000794408035 ], [ 12.732285053516129, 53.661385053403471 ], [ 12.702948885342096, 53.665489943137111 ], [ 12.68629530377407, 53.660371280691756 ], [ 12.685794396521231, 53.657405034877009 ], [ 12.675457044312157, 53.657282310122412 ], [ 12.66630248435424, 53.65308035733932 ], [ 12.656606387546244, 53.6532672129647 ], [ 12.647013425898955, 53.655329641785137 ], [ 12.654233714844507, 53.656055728480453 ], [ 12.657850413074362, 53.662448470289021 ], [ 12.650158999493055, 53.667581122855289 ], [ 12.641596777581984, 53.669649105015431 ], [ 12.630171504332578, 53.680314234660706 ], [ 12.623669868665491, 53.690987757463361 ], [ 12.627552622646764, 53.70255409297237 ], [ 12.636039145408597, 53.713881182063922 ], [ 12.639400795652941, 53.715657627339034 ], [ 12.636591397874788, 53.718649151335548 ], [ 12.638770016468573, 53.720482849226677 ], [ 12.636730742685719, 53.724432604622407 ], [ 12.627748599186305, 53.725927932656369 ], [ 12.628617149734351, 53.753594938493301 ], [ 12.646384806906029, 53.754039790648008 ], [ 12.647622638704869, 53.766140290272915 ], [ 12.64352555787077, 53.770967032130741 ], [ 12.647114480383658, 53.772358026922319 ], [ 12.683600856659131, 53.768800892025297 ], [ 12.68995583421637, 53.77157320408844 ], [ 12.694849678842573, 53.770240815336848 ], [ 12.699089694987896, 53.774855532771248 ], [ 12.695202942841922, 53.777752395004015 ], [ 12.696626846598537, 53.782654237260211 ], [ 12.703139188552266, 53.787243081125474 ], [ 12.700612507951897, 53.799971755942735 ], [ 12.704221855557551, 53.806071973548953 ], [ 12.703582684575851, 53.81427692412251 ], [ 12.709967738526174, 53.81393913836007 ], [ 12.717706191094409, 53.816706935142165 ], [ 12.734876487889544, 53.817344745344627 ], [ 12.749613993244671, 53.823727966365873 ], [ 12.7481328965627, 53.827649775761451 ], [ 12.756474665790849, 53.844695432258263 ], [ 12.753013639660962, 53.860318613405653 ], [ 12.763715177862879, 53.863852610497297 ], [ 12.768616951882056, 53.872215289296548 ], [ 12.771921862405472, 53.869869966055859 ], [ 12.773543183452571, 53.86420809215614 ], [ 12.776490764709434, 53.866086273472476 ], [ 12.785186899770107, 53.862054524509695 ], [ 12.784763524994338, 53.857401223003372 ], [ 12.793561077851457, 53.855391851461484 ], [ 12.796167516179979, 53.850300067124834 ], [ 12.8073441238716, 53.850727927882652 ], [ 12.810680546021494, 53.853926802261341 ], [ 12.816016621093089, 53.85105078895721 ], [ 12.814979417186734, 53.8479982708648 ], [ 12.832301002482765, 53.844023469562359 ], [ 12.83779245409098, 53.840765253790714 ], [ 12.868243308204336, 53.833878998727968 ], [ 12.878044464413714, 53.841531362854866 ], [ 12.896503836000228, 53.84899228054261 ], [ 12.903450754547578, 53.847925839879522 ], [ 12.91122194006571, 53.844003212098336 ], [ 12.914086409962909, 53.838712269362425 ], [ 12.911436240370039, 53.829804300995633 ], [ 12.912498755910164, 53.823989009800712 ], [ 12.901356398906907, 53.813695049231185 ], [ 12.900182161050088, 53.807228674385769 ], [ 12.896249002505797, 53.804136268681319 ], [ 12.879400595215388, 53.803989956550396 ], [ 12.864023056569248, 53.784153836474182 ], [ 12.873292327935854, 53.782344645481253 ], [ 12.889730177289863, 53.771034988103892 ], [ 12.895340882439539, 53.775029310260486 ], [ 12.906306018654623, 53.769023366644987 ], [ 12.90910811570896, 53.770875434030081 ], [ 12.909036738598401, 53.775927609755477 ], [ 12.918553522735333, 53.774362630407325 ], [ 12.916801593403894, 53.770706048348607 ], [ 12.926272272315, 53.771086427307424 ], [ 12.93208395833804, 53.765133033841856 ], [ 12.947896722393278, 53.763318394298821 ], [ 12.948858106076008, 53.760282625568813 ], [ 12.945361016153671, 53.756044473671736 ], [ 12.947666960475175, 53.75501161256539 ], [ 12.944102525809406, 53.746596747763526 ], [ 12.952172591725724, 53.743680850231492 ], [ 12.95491221567088, 53.740311056981831 ], [ 12.95181796424308, 53.735639664513712 ], [ 12.966597755611401, 53.734579073351732 ], [ 12.980681055614458, 53.731396194455527 ], [ 12.987719930536942, 53.736102539621285 ], [ 12.999720781223481, 53.740782062073052 ], [ 13.003202150236989, 53.740664730648916 ], [ 13.013717096081381, 53.749627856375177 ], [ 13.017374560723733, 53.748793777273143 ], [ 13.026404469015581, 53.750279022780056 ], [ 13.028654876613855, 53.748616045588548 ], [ 13.047890962808484, 53.748584487631661 ], [ 13.064261030188648, 53.760036185660333 ], [ 13.067448722535852, 53.759120845879508 ], [ 13.067719807171081, 53.756272664163482 ], [ 13.079009162137059, 53.756190073215969 ], [ 13.085855002443697, 53.760232625839961 ], [ 13.095883296875053, 53.772680846229072 ], [ 13.107314667900308, 53.777414123646736 ], [ 13.111937909519886, 53.781380780575788 ], [ 13.118946762547289, 53.780144281715636 ], [ 13.141499770009512, 53.784537717262616 ], [ 13.143765366313435, 53.787642859794666 ], [ 13.13760516911762, 53.795483269826676 ], [ 13.159393589295556, 53.800309880771998 ], [ 13.157216103756879, 53.803868655180196 ], [ 13.166187372078054, 53.805283945474535 ], [ 13.164196655483417, 53.800308014284383 ], [ 13.183951323131183, 53.799635838405806 ], [ 13.191473668868671, 53.793573928666191 ], [ 13.195705095722985, 53.792531036619174 ], [ 13.2136284186079, 53.795953984718061 ], [ 13.217098595109219, 53.79500240268856 ], [ 13.218601446920447, 53.798488377048606 ], [ 13.216778563877691, 53.8051822342278 ], [ 13.224838892125007, 53.807454456256579 ], [ 13.229058735996341, 53.80673325624651 ], [ 13.247730307479443, 53.813859379355925 ], [ 13.270021216989322, 53.818756624869735 ], [ 13.281180030356907, 53.810365387353897 ], [ 13.300768139329762, 53.811297328329061 ], [ 13.303023257339197, 53.823731016595524 ], [ 13.309393964838499, 53.825709068533669 ], [ 13.315953341803262, 53.831351175926613 ], [ 13.333170344069641, 53.834072847710154 ], [ 13.337583861961681, 53.849178004499727 ], [ 13.354060867104637, 53.846771215527539 ], [ 13.363201278677435, 53.843465239263118 ], [ 13.369183290493757, 53.844527055435094 ], [ 13.371630836561017, 53.848097250966532 ], [ 13.3783002774947, 53.844856605066965 ], [ 13.381787467814114, 53.840003272565248 ], [ 13.394096891556138, 53.834366726090785 ], [ 13.396505075539345, 53.8304187323767 ], [ 13.392048175935114, 53.819961666027787 ], [ 13.39300254538054, 53.816219314877962 ], [ 13.387695608862987, 53.810994023102495 ], [ 13.387517821734701, 53.807332269744442 ], [ 13.376664780700654, 53.799930146197561 ], [ 13.365966865572506, 53.799887896646844 ], [ 13.352902403670598, 53.803895204214463 ], [ 13.344096092113464, 53.804269226511259 ], [ 13.343818044070796, 53.787556750736272 ], [ 13.352229162438833, 53.78538561227694 ], [ 13.354125380314375, 53.781839792318301 ], [ 13.359685823054145, 53.779220302709476 ], [ 13.36119203940819, 53.775651315474995 ], [ 13.375790129862621, 53.766776291540367 ], [ 13.360227370751153, 53.757583085779309 ], [ 13.367293890932242, 53.755164686648811 ], [ 13.365699182651351, 53.753345925043824 ], [ 13.369071186382838, 53.752094251189355 ], [ 13.3670952906753, 53.749998458030632 ], [ 13.371050126838732, 53.748209594765243 ], [ 13.377039567293348, 53.750087711978303 ], [ 13.385486607058478, 53.755050999417364 ], [ 13.391874130753813, 53.762414482182848 ], [ 13.406546359064329, 53.759407098980439 ], [ 13.424242614839583, 53.752715547891036 ], [ 13.431989470711047, 53.751804954985424 ] ] ] } },
{ "type": "Feature", "properties": { "wkr": 15, "wkr_name": "Landkreis Rostock III" }, "geometry": { "type": "Polygon", "coordinates": [ [ [ 12.657850382176781, 53.662439484523453 ], [ 12.65423368468033, 53.656046742713301 ], [ 12.642599553433492, 53.653837308527969 ], [ 12.626161289642811, 53.640862186314521 ], [ 12.621892124304452, 53.642716780552746 ], [ 12.611140481842115, 53.642832056686828 ], [ 12.605127529760841, 53.645260865833677 ], [ 12.605536247740398, 53.647353125816906 ], [ 12.600048538477184, 53.647991204573387 ], [ 12.592880049764256, 53.652750941533014 ], [ 12.564173055242545, 53.65321506611663 ], [ 12.557529107242031, 53.65990622865737 ], [ 12.531219836351084, 53.657900697365072 ], [ 12.522146408154011, 53.654335628176327 ], [ 12.5109015826035, 53.653879825830764 ], [ 12.503579362331772, 53.658441557665647 ], [ 12.50237096724492, 53.664663829315877 ], [ 12.498371244461643, 53.667697711264047 ], [ 12.501826812934786, 53.66906509070995 ], [ 12.497573921590531, 53.674362768852781 ], [ 12.502074540395613, 53.678022836548678 ], [ 12.487152589097727, 53.69011988453348 ], [ 12.468185876233964, 53.683329719303643 ], [ 12.466134379285634, 53.688112298521744 ], [ 12.472344303339003, 53.69320490269471 ], [ 12.472970603698258, 53.698597263289265 ], [ 12.457790682634331, 53.693280150812804 ], [ 12.461617295794028, 53.689110999832991 ], [ 12.458904417136498, 53.686598732713847 ], [ 12.459878995440173, 53.680366686175482 ], [ 12.453493687007096, 53.675959624323127 ], [ 12.450630761021277, 53.678873625848048 ], [ 12.446940496706997, 53.676811771866014 ], [ 12.466303412097833, 53.666656287903209 ], [ 12.468008161247003, 53.662527228011115 ], [ 12.462424188618245, 53.662603136986085 ], [ 12.459769912354616, 53.659996305294335 ], [ 12.4567134100914, 53.660470021130578 ], [ 12.450313175028487, 53.662444208996639 ], [ 12.452454140192732, 53.663230100685951 ], [ 12.443073465438728, 53.667200066324362 ], [ 12.439189734248734, 53.666688427310369 ], [ 12.433424668752496, 53.67298817352539 ], [ 12.396277109332416, 53.665907991864401 ], [ 12.406884188961254, 53.651709162524973 ], [ 12.416669225226391, 53.646814564252978 ], [ 12.408074049731656, 53.63637316213395 ], [ 12.410246050011239, 53.635160600797853 ], [ 12.412548838868101, 53.625965327869082 ], [ 12.407204552458269, 53.625287422810864 ], [ 12.411879435162309, 53.610945506083326 ], [ 12.403124437104667, 53.607113322584098 ], [ 12.405089737099537, 53.604178836709217 ], [ 12.403687129880597, 53.603039326225769 ], [ 12.398579917437935, 53.602884334809183 ], [ 12.416239615469477, 53.584068709152746 ], [ 12.41079506661637, 53.575396653685196 ], [ 12.402116626638938, 53.572627985094336 ], [ 12.398631171868447, 53.567389300153756 ], [ 12.391435208689558, 53.568783168197058 ], [ 12.392296275615291, 53.571689768360798 ], [ 12.388600903848372, 53.575323301891466 ], [ 12.371097870373452, 53.576814856937844 ], [ 12.374804974451445, 53.585341762996585 ], [ 12.35422696758623, 53.585752084733869 ], [ 12.34896451071538, 53.593640342634728 ], [ 12.336472346232265, 53.590813644632036 ], [ 12.339196201915733, 53.585873677263592 ], [ 12.334057571378766, 53.582030344761698 ], [ 12.317324911884576, 53.575501445756402 ], [ 12.317132985109266, 53.573019763000389 ], [ 12.311335239158224, 53.568760505627331 ], [ 12.299066967295271, 53.568027515697231 ], [ 12.289938229470105, 53.570619634810448 ], [ 12.287796447059737, 53.573598109579244 ], [ 12.288904857539812, 53.577957039026998 ], [ 12.28272116019571, 53.581803170792227 ], [ 12.254439691994911, 53.58229541523216 ], [ 12.250393245857772, 53.583592401816666 ], [ 12.248895114112564, 53.590561937635854 ], [ 12.234935399263145, 53.595764578390416 ], [ 12.217044746843701, 53.598695688213347 ], [ 12.209539233882868, 53.603094217652476 ], [ 12.214517705078983, 53.61115556147729 ], [ 12.202549589695833, 53.622833939954496 ], [ 12.198270244536049, 53.63903305210107 ], [ 12.199289243396857, 53.644981026892609 ], [ 12.205667164758374, 53.653370322186319 ], [ 12.206865612740611, 53.663838386062913 ], [ 12.223678212248355, 53.665170423805257 ], [ 12.239648943192934, 53.657951036682512 ], [ 12.243860091035581, 53.657438406602274 ], [ 12.251914620211249, 53.664507549649549 ], [ 12.248774402295171, 53.671505261900812 ], [ 12.250495425909431, 53.685072866929829 ], [ 12.246024150815213, 53.690726820744828 ], [ 12.242023237235635, 53.691619845140735 ], [ 12.231568489972595, 53.684773727804476 ], [ 12.225981339126959, 53.685391776426179 ], [ 12.199526875861883, 53.682561413848454 ], [ 12.19661480303747, 53.67455036758021 ], [ 12.198614948098188, 53.671741717731258 ], [ 12.190393732936585, 53.67084783042435 ], [ 12.186292814479932, 53.672061887373445 ], [ 12.193197972815415, 53.68088458141402 ], [ 12.193694477587176, 53.689803166168595 ], [ 12.187681928746247, 53.691680214528844 ], [ 12.181965062465373, 53.690783414231035 ], [ 12.181905073987663, 53.694013359269888 ], [ 12.168590644037621, 53.696133187852645 ], [ 12.168922961810036, 53.704052396250482 ], [ 12.166073313530989, 53.705391155157173 ], [ 12.165502626370406, 53.713850518421765 ], [ 12.170663906559119, 53.717595140251682 ], [ 12.167936859975402, 53.71872810836765 ], [ 12.169003096534301, 53.721658466642729 ], [ 12.171235139793454, 53.723679020184932 ], [ 12.17500886198164, 53.720395674344275 ], [ 12.180516621045811, 53.721835356134974 ], [ 12.178696166710029, 53.725808894974122 ], [ 12.194935756572949, 53.726951572370993 ], [ 12.20289504708188, 53.72479485082598 ], [ 12.208557681182304, 53.725841909381408 ], [ 12.215212581095896, 53.729530962719039 ], [ 12.230050023396677, 53.72725330632764 ], [ 12.234869392791055, 53.720014397454364 ], [ 12.241119642427334, 53.722170246572702 ], [ 12.250756041113529, 53.718971958912221 ], [ 12.252493643687123, 53.719622319073281 ], [ 12.25236328460044, 53.722849872761621 ], [ 12.258368660596132, 53.725186695761039 ], [ 12.254104463575427, 53.732488140464504 ], [ 12.261344148712796, 53.736491971730665 ], [ 12.255778174047562, 53.744373323949993 ], [ 12.265232559696948, 53.746582584636371 ], [ 12.285537586866075, 53.748281143704027 ], [ 12.286235081333436, 53.752135415114338 ], [ 12.283494417410051, 53.754226763696437 ], [ 12.291936005116465, 53.755079876418428 ], [ 12.292179000988565, 53.774982144039882 ], [ 12.293970171425718, 53.775525418082438 ], [ 12.294521891304255, 53.782021046265946 ], [ 12.286751866058042, 53.791210155741446 ], [ 12.28885549001849, 53.79439414909249 ], [ 12.292452672919492, 53.793354410160134 ], [ 12.300581780318225, 53.79937168519966 ], [ 12.320695211010774, 53.80263391115912 ], [ 12.322655731083461, 53.804333519162007 ], [ 12.327783506612853, 53.804088804761854 ], [ 12.332880064705037, 53.806145668622904 ], [ 12.351007089251386, 53.79595619574193 ], [ 12.356450073712896, 53.800978581504765 ], [ 12.361701274046412, 53.811817992041497 ], [ 12.359159015172905, 53.814003118674634 ], [ 12.361743950250547, 53.815544600842159 ], [ 12.361938873142124, 53.817775380687223 ], [ 12.359657284210492, 53.818216964993844 ], [ 12.36074401018918, 53.821873038953846 ], [ 12.368869603797117, 53.830781037193809 ], [ 12.370340394399157, 53.831751535438208 ], [ 12.371882973985866, 53.83079843904077 ], [ 12.373954404349302, 53.83344259280117 ], [ 12.372588972364218, 53.838386740202289 ], [ 12.375080916989761, 53.841408234133048 ], [ 12.367672691359175, 53.852403982027546 ], [ 12.356409366018017, 53.855617367074366 ], [ 12.344786997050726, 53.851609793964492 ], [ 12.327617248686096, 53.849479147242654 ], [ 12.324696629521187, 53.852594181997013 ], [ 12.334325883601265, 53.865556871833761 ], [ 12.318758435556223, 53.867323626520253 ], [ 12.308298315328077, 53.866709939532917 ], [ 12.301189217283886, 53.869724612538718 ], [ 12.301826719514388, 53.871217326365596 ], [ 12.294797539879008, 53.87338096873443 ], [ 12.299078203001587, 53.875608122132363 ], [ 12.264775542128802, 53.881944753809449 ], [ 12.249533947093166, 53.875077260888474 ], [ 12.237224099156595, 53.871515827692043 ], [ 12.235222129317453, 53.866876061336463 ], [ 12.22995372348055, 53.867961380593648 ], [ 12.218375367629864, 53.876627475482373 ], [ 12.221160548386099, 53.884153518049473 ], [ 12.213177123294434, 53.888844876431172 ], [ 12.174059534083847, 53.883774602641957 ], [ 12.175858563600308, 53.892417245466312 ], [ 12.131434709393513, 53.894793000671456 ], [ 12.112218703696055, 53.902922943186368 ], [ 12.111745393220742, 53.900760132693158 ], [ 12.121019164601469, 53.895990047338287 ], [ 12.117005467045805, 53.893572564878973 ], [ 12.122047620074891, 53.88636841308017 ], [ 12.12345888440665, 53.879899211456809 ], [ 12.114213033469097, 53.876681193269718 ], [ 12.110271452210506, 53.864257648661351 ], [ 12.101132573421115, 53.860753123110918 ], [ 12.08861697300194, 53.864588117286274 ], [ 12.082361330656081, 53.863561928063781 ], [ 12.055704124648258, 53.878506347773502 ], [ 12.046130891923237, 53.881713144409474 ], [ 12.045394659162943, 53.879715668172203 ], [ 12.041000609414329, 53.879656312587485 ], [ 12.040313994543663, 53.882188455369267 ], [ 12.018810542332632, 53.872968872662824 ], [ 12.01769255898011, 53.87406445664277 ], [ 12.02660720556041, 53.878805963190359 ], [ 12.025094212498958, 53.882973891760479 ], [ 12.029662582191643, 53.884514063576468 ], [ 12.034224461292416, 53.891021822290092 ], [ 12.029959687423899, 53.892405308132325 ], [ 12.036803635561297, 53.901421324085518 ], [ 12.026739002104692, 53.904979968459457 ], [ 12.023738462014373, 53.902214568618078 ], [ 12.016829015928996, 53.904864575507474 ], [ 12.018563007419781, 53.909415210092185 ], [ 12.003241121995972, 53.913527451185502 ], [ 12.000231855697468, 53.908988612767331 ], [ 11.992708212782601, 53.910145818233737 ], [ 11.989486607512584, 53.911982609542207 ], [ 11.985208139064335, 53.924045409491107 ], [ 11.979250342669962, 53.929041034400569 ], [ 11.986055820705623, 53.928587508949121 ], [ 11.988727565877822, 53.927060555145253 ], [ 11.996643893417749, 53.929768649671125 ], [ 11.988414625510959, 53.940426941445814 ], [ 11.996264856057326, 53.941681891752879 ], [ 12.006429738907435, 53.95704340650569 ], [ 11.998937006392039, 53.962957988087048 ], [ 12.00886496766978, 53.972720792117372 ], [ 12.009878515887475, 53.976476069979299 ], [ 12.013962692511852, 53.976579371936438 ], [ 12.013962535266899, 53.974357899778695 ], [ 12.017003077631774, 53.973253389184713 ], [ 12.019985211183343, 53.975334657159806 ], [ 12.024791974188465, 53.974202262124948 ], [ 12.029157592584085, 53.975374833551541 ], [ 12.039686267118018, 53.971938735225912 ], [ 12.052573800477434, 53.977110408692582 ], [ 12.062425603679399, 53.975504830222739 ], [ 12.073470978698175, 53.975715569126699 ], [ 12.070321456844855, 53.979896842815464 ], [ 12.063661046128546, 53.982272320872241 ], [ 12.063626680226779, 53.98536500248845 ], [ 12.07080557617364, 53.987530645878294 ], [ 12.069570125060682, 53.991772971769819 ], [ 12.072569118286955, 53.994252927991973 ], [ 12.068697043092268, 53.999035653627104 ], [ 12.070298024873278, 54.002998951379645 ], [ 12.078834563482159, 54.00148583541808 ], [ 12.079210814955754, 53.999266963640025 ], [ 12.084184214258219, 53.998984837819421 ], [ 12.087987073918336, 53.988888534507616 ], [ 12.093243026101222, 53.987405087451933 ], [ 12.094124697721972, 53.984706419280798 ], [ 12.098540117116213, 53.985591516456481 ], [ 12.105282674470287, 53.983874164379039 ], [ 12.103242966034616, 53.982154172472924 ], [ 12.105941208379869, 53.98101633070187 ], [ 12.109409303063396, 53.982874872110671 ], [ 12.11164963501755, 53.979503621890906 ], [ 12.11723453388071, 53.980398799181707 ], [ 12.115770124358855, 53.983619095098426 ], [ 12.125935604306862, 53.986936181409533 ], [ 12.128882292455787, 53.980822638469071 ], [ 12.12691002316371, 53.97562048400497 ], [ 12.140974254007094, 53.971172302153377 ], [ 12.153750121972461, 53.97265471783502 ], [ 12.162759900313384, 53.96971919893118 ], [ 12.167907372716606, 53.974076468756678 ], [ 12.177995453566179, 53.973805770329768 ], [ 12.182274292833654, 53.965537504648985 ], [ 12.191082871440148, 53.962722898252601 ], [ 12.191454960757286, 53.977778888117527 ], [ 12.20534075462294, 53.977413196928708 ], [ 12.210628757167841, 53.965133744182786 ], [ 12.215227411387305, 53.962036538827192 ], [ 12.216043354336016, 53.965395232606227 ], [ 12.231463392994137, 53.962716767105782 ], [ 12.238863485582129, 53.964762422493266 ], [ 12.249782538409015, 53.964761781489557 ], [ 12.258214366810021, 53.960571359059941 ], [ 12.270119376514184, 53.959279350120461 ], [ 12.288745677877266, 53.953610475254905 ], [ 12.291499247725863, 53.956322508818744 ], [ 12.299484560912921, 53.955805364170416 ], [ 12.297880564299863, 53.958473150003734 ], [ 12.291480948041446, 53.959586072343576 ], [ 12.292690587044168, 53.965512057787706 ], [ 12.28533948101065, 53.968276218513815 ], [ 12.282069458647879, 53.971887150956782 ], [ 12.292860674538685, 53.97972526127333 ], [ 12.296417917641921, 53.984866893024233 ], [ 12.303139608442267, 53.985093284940717 ], [ 12.299756393278541, 53.989729965383255 ], [ 12.3098733017982, 53.988811514852109 ], [ 12.321171491063637, 53.993979663357244 ], [ 12.32045392776903, 54.00051612456263 ], [ 12.329991417227427, 54.001174313036245 ], [ 12.329875492251656, 53.999864624946923 ], [ 12.337620447937509, 53.999459066194355 ], [ 12.344390927703218, 53.988241086247605 ], [ 12.345190597680881, 53.98498465620284 ], [ 12.335855679729567, 53.980610276974183 ], [ 12.341101472427166, 53.975011686662256 ], [ 12.339518454279196, 53.972051705924862 ], [ 12.347168524207287, 53.964138746451759 ], [ 12.350571779847041, 53.965337144854765 ], [ 12.356915378483192, 53.96206846924764 ], [ 12.367814780633514, 53.959522357788508 ], [ 12.375583985356798, 53.968744541011098 ], [ 12.387126016882833, 53.975042130798521 ], [ 12.391432106079526, 53.974515042325628 ], [ 12.398703725775466, 53.980351065373476 ], [ 12.401203144214366, 53.977884703988821 ], [ 12.401831868437066, 53.982939291807064 ], [ 12.405467309600773, 53.984324459018588 ], [ 12.407232429122617, 53.984128580605756 ], [ 12.407289852276797, 53.979590754231531 ], [ 12.412692324767081, 53.978176213695612 ], [ 12.423017880006798, 53.983061594628069 ], [ 12.439519354657437, 53.985501837335171 ], [ 12.455932265260385, 53.982597614540545 ], [ 12.455826679102115, 53.979904326647642 ], [ 12.45800937784985, 53.979000399278128 ], [ 12.46168534152857, 53.979927845456302 ], [ 12.467951947816774, 53.976219947984127 ], [ 12.477623499021975, 53.97642499979348 ], [ 12.474936485755075, 53.969790400321827 ], [ 12.480393782525512, 53.95789937697257 ], [ 12.494238500738176, 53.957285124494469 ], [ 12.513167519759383, 53.950573044691829 ], [ 12.515099205871204, 53.95194024143553 ], [ 12.512434668963509, 53.953135780861992 ], [ 12.514037365401816, 53.955885164684993 ], [ 12.517999681516489, 53.956732656152532 ], [ 12.514436861393648, 53.959555910417116 ], [ 12.509892543232164, 53.971808526393708 ], [ 12.511841053521273, 53.974059823274196 ], [ 12.520836866227413, 53.976419888761335 ], [ 12.533753086654865, 53.975581445050423 ], [ 12.552151308659335, 53.977798420468098 ], [ 12.547575376420182, 53.981561681519992 ], [ 12.550990008116692, 53.989774761006991 ], [ 12.55479171943368, 53.992695078279937 ], [ 12.559971657957876, 53.993717228313272 ], [ 12.552816896081548, 53.998794033388513 ], [ 12.53759667817131, 54.004533402802551 ], [ 12.525834870267715, 54.004423455224114 ], [ 12.520079514336558, 54.010654287636783 ], [ 12.52564760209837, 54.011344396763093 ], [ 12.529067056581228, 54.01019423818849 ], [ 12.527209789462621, 54.008006412405777 ], [ 12.533753311753035, 54.005876854076753 ], [ 12.540108263310916, 54.009158094052758 ], [ 12.551924934858176, 54.006045360690671 ], [ 12.560133275082938, 54.008979684508994 ], [ 12.570063143663903, 54.016025143000476 ], [ 12.577688904713682, 54.016336376859044 ], [ 12.577990133007686, 54.013328472652923 ], [ 12.589042346183962, 54.010492654870475 ], [ 12.58385550948435, 54.007709970423122 ], [ 12.601162350752917, 54.008463784475076 ], [ 12.610606896672662, 54.004056811168724 ], [ 12.617625847104431, 54.005219311331906 ], [ 12.618549279992328, 54.008900383666806 ], [ 12.621903237496545, 54.009706506900983 ], [ 12.625223963085569, 54.027085776019035 ], [ 12.628901888321725, 54.032247057710279 ], [ 12.646370137470178, 54.033809509057654 ], [ 12.645781934865179, 54.038777715114172 ], [ 12.656964908393036, 54.039157255039576 ], [ 12.65912922966141, 54.046406727253192 ], [ 12.6740724485588, 54.044176451658934 ], [ 12.6796270996982, 54.040301253283431 ], [ 12.696433725846989, 54.036266432592569 ], [ 12.698277527448001, 54.034579021001932 ], [ 12.693006891968716, 54.033684519333725 ], [ 12.689341404005784, 54.030776803159682 ], [ 12.696589147482193, 54.033244875572095 ], [ 12.696750686701247, 54.031708143149622 ], [ 12.691775235143002, 54.029882161008764 ], [ 12.715925939223133, 54.018820710289098 ], [ 12.723710487845523, 54.020999334298985 ], [ 12.724493374864295, 54.023751248892232 ], [ 12.736018339848314, 54.026011576602635 ], [ 12.745682769301361, 54.033580089049515 ], [ 12.75650705824728, 54.029174730645302 ], [ 12.759011503337179, 54.02961079667223 ], [ 12.760932037738188, 54.026308031301291 ], [ 12.763378164519429, 54.02614370803159 ], [ 12.767388403027946, 54.022515118914541 ], [ 12.772463235905969, 54.019840127471326 ], [ 12.77598856654504, 54.020843195559763 ], [ 12.790161925061737, 54.012434179835552 ], [ 12.789226552280107, 54.010104672283695 ], [ 12.808553618272322, 54.004773202947632 ], [ 12.802364179764107, 53.998458313789676 ], [ 12.812257333960497, 53.996464167964859 ], [ 12.807776214932098, 53.994240546145313 ], [ 12.815823081440897, 53.98829871411224 ], [ 12.800677794907799, 53.973590410110795 ], [ 12.798954486933981, 53.974491956107109 ], [ 12.796077197139631, 53.965770123792758 ], [ 12.788183330514059, 53.959066231085359 ], [ 12.791081585030025, 53.958352338644758 ], [ 12.787240149162763, 53.953198475702109 ], [ 12.795492376233181, 53.952097335846979 ], [ 12.805738505414508, 53.943665704476629 ], [ 12.813692880629304, 53.930404983807541 ], [ 12.80966665261821, 53.930290214057329 ], [ 12.81198967635474, 53.924309093349713 ], [ 12.80448262816703, 53.929232974243462 ], [ 12.795652469098583, 53.927592921438759 ], [ 12.802893178734211, 53.920864039695132 ], [ 12.80149025535793, 53.920401452031342 ], [ 12.784297939180069, 53.922898158060605 ], [ 12.764693135729804, 53.899899389242229 ], [ 12.770668363443717, 53.896156130477337 ], [ 12.780387323429974, 53.895095535361406 ], [ 12.783826922984803, 53.893214652435177 ], [ 12.777636177895857, 53.886443518587434 ], [ 12.781655446597012, 53.883352779199818 ], [ 12.786864682628037, 53.882716983152548 ], [ 12.785160943064984, 53.880806772045545 ], [ 12.787685823501814, 53.879051205132335 ], [ 12.791340863584422, 53.877501996945249 ], [ 12.803243994478345, 53.87689325369643 ], [ 12.800321701594811, 53.871863391506217 ], [ 12.794906227227806, 53.873248302094211 ], [ 12.794334008691774, 53.871751042210924 ], [ 12.788526754938873, 53.871937108318711 ], [ 12.784196556865073, 53.874316576716438 ], [ 12.771921808221151, 53.869860980366937 ], [ 12.768616898417775, 53.872206303616451 ], [ 12.76371512540932, 53.863843624813896 ], [ 12.753013589484445, 53.860309627735617 ], [ 12.756474614795666, 53.844686446560893 ], [ 12.748132847270046, 53.827640790054879 ], [ 12.749613943615431, 53.823718980651286 ], [ 12.734876441383113, 53.817335759647044 ], [ 12.717706148259843, 53.816697949474623 ], [ 12.709967697333347, 53.813930152702916 ], [ 12.703582644751332, 53.814267938477734 ], [ 12.704221815552637, 53.806062987891636 ], [ 12.700612468686639, 53.799962770283777 ], [ 12.703139148678799, 53.787234095444276 ], [ 12.69662680809282, 53.782645251584945 ], [ 12.69520290461422, 53.77774340932465 ], [ 12.699089655913953, 53.774846547080664 ], [ 12.694849640649929, 53.770231829647827 ], [ 12.689955797076649, 53.771564218410553 ], [ 12.683600820862216, 53.768791906355723 ], [ 12.647114452403072, 53.772349041329399 ], [ 12.643525530649057, 53.770958046543313 ], [ 12.647622610579932, 53.766131304670495 ], [ 12.646384778975833, 53.754030805031533 ], [ 12.628617125595818, 53.753585952912509 ], [ 12.627748575069907, 53.72591894703951 ], [ 12.636730716644436, 53.724423618984893 ], [ 12.638769989969303, 53.720473863579613 ], [ 12.6365913718295, 53.718640165690381 ], [ 12.639400768991099, 53.71564864168402 ], [ 12.636039119453262, 53.713872196413334 ], [ 12.627552598434226, 53.702545107323708 ], [ 12.623669845211969, 53.690978771806833 ], [ 12.630171479431086, 53.680305248975962 ], [ 12.641596750185441, 53.669640119292765 ], [ 12.650158970261852, 53.667572137112245 ], [ 12.657850382176781, 53.662439484523453 ] ] ] } },
{ "type": "Feature", "properties": { "wkr": 16, "wkr_name": "Landkreis Rostock IV" }, "geometry": { "type": "Polygon", "coordinates": [ [ [ 12.174059497002711, 53.883779094732326 ], [ 12.213177090386615, 53.888849368581774 ], [ 12.221160516356283, 53.884158010216026 ], [ 12.218375335335615, 53.876631967649523 ], [ 12.229953692467287, 53.867965872785014 ], [ 12.235222098873948, 53.866880553536895 ], [ 12.237224068906894, 53.871520319892433 ], [ 12.249533918147671, 53.875081753105654 ], [ 12.26477551478782, 53.881949246045501 ], [ 12.291388613573705, 53.877331869129996 ], [ 12.299078179367346, 53.875612614424391 ], [ 12.294797515795162, 53.873385461021641 ], [ 12.30182669619353, 53.871221818664658 ], [ 12.301189193900994, 53.869729104837852 ], [ 12.308298292720169, 53.866714431844613 ], [ 12.318758414067238, 53.867328118846864 ], [ 12.334325863788653, 53.865561364184025 ], [ 12.324696608729964, 53.852598674342183 ], [ 12.327617228220724, 53.849483639594141 ], [ 12.344786978416389, 53.851614286339171 ], [ 12.356409348612972, 53.855621859462765 ], [ 12.367672675174026, 53.852408474433851 ], [ 12.375080901641882, 53.841412726557117 ], [ 12.372588956761366, 53.838391232624929 ], [ 12.373954388912225, 53.833447085229068 ], [ 12.371882958337439, 53.830802931467623 ], [ 12.370340378581782, 53.831756027862248 ], [ 12.36886958782611, 53.830785529616463 ], [ 12.360743993383771, 53.821877531371193 ], [ 12.359657267303405, 53.818221457412157 ], [ 12.361938856480988, 53.817779873109053 ], [ 12.361743933577461, 53.815549093265261 ], [ 12.359158998229375, 53.814007611095114 ], [ 12.361701257383659, 53.81182248446698 ], [ 12.356450056531791, 53.800983073930247 ], [ 12.351007071508388, 53.795960688163177 ], [ 12.332880044981705, 53.80615016101136 ], [ 12.327783486352788, 53.804093297144377 ], [ 12.322655710273866, 53.804338011536913 ], [ 12.320695189998522, 53.802638403532356 ], [ 12.300581757168365, 53.799376177545518 ], [ 12.292452648925885, 53.793358902497914 ], [ 12.288855465635789, 53.794398641424223 ], [ 12.286751841464042, 53.791214648072177 ], [ 12.294521867580135, 53.782025538614526 ], [ 12.293970147670287, 53.775529910434557 ], [ 12.292178977044044, 53.774986636389684 ], [ 12.291935981230832, 53.755084368781375 ], [ 12.283494392626702, 53.754231256047284 ], [ 12.286235056851675, 53.752139907470777 ], [ 12.285537562326372, 53.748285636061972 ], [ 12.265232532997059, 53.746587076964623 ], [ 12.255778146348188, 53.744377816265185 ], [ 12.261344121642038, 53.736496464059734 ], [ 12.25410443574979, 53.732492632785139 ], [ 12.258368633257499, 53.725191188093206 ], [ 12.252363256631572, 53.722854365086079 ], [ 12.252493615746397, 53.719626811400104 ], [ 12.250756012990378, 53.718976451236792 ], [ 12.241119613262333, 53.722174738880014 ], [ 12.234869362969121, 53.720018889753362 ], [ 12.23004999302823, 53.727257798614133 ], [ 12.215212549134367, 53.729535454980351 ], [ 12.20855764852775, 53.72584640163452 ], [ 12.202895013828147, 53.724799343070636 ], [ 12.194935722460276, 53.726956064601339 ], [ 12.178696130870483, 53.725813387178519 ], [ 12.180516585419092, 53.721839848345056 ], [ 12.175008825774315, 53.720400166546213 ], [ 12.171235103168165, 53.723683512378351 ], [ 12.170020214416335, 53.723034604887616 ], [ 12.167936823021803, 53.718732600558987 ], [ 12.170663869901679, 53.717599632448319 ], [ 12.165502589180401, 53.713855010612257 ], [ 12.166073276441979, 53.705395647354372 ], [ 12.168922925031092, 53.704056888453323 ], [ 12.168590607260764, 53.696137680060239 ], [ 12.181905038639353, 53.694017851501002 ], [ 12.181965027138579, 53.690787906464443 ], [ 12.187681894024276, 53.691684706771071 ], [ 12.193694443514429, 53.689807658421884 ], [ 12.193197938731137, 53.680889073672532 ], [ 12.18629277970148, 53.67206637962655 ], [ 12.190393698600328, 53.670852322685086 ], [ 12.198614914632953, 53.671746210004784 ], [ 12.196614769346333, 53.674554859848577 ], [ 12.199526842443833, 53.682565906116132 ], [ 12.225981308513427, 53.685396268734486 ], [ 12.231568459956904, 53.684778220122077 ], [ 12.242023208302969, 53.691624337470174 ], [ 12.246024122312727, 53.690731313081123 ], [ 12.250495397908219, 53.685077359276946 ], [ 12.248774374170639, 53.671509754254394 ], [ 12.251914592451843, 53.664512042012753 ], [ 12.243860062450334, 53.657442898957726 ], [ 12.239648914157348, 53.657955529030971 ], [ 12.223678181480878, 53.665174916123568 ], [ 12.206865580189907, 53.663842878355155 ], [ 12.205667132128122, 53.653374814483726 ], [ 12.198669457848847, 53.642394709261936 ], [ 12.168900760070203, 53.63982053317514 ], [ 12.159166068293418, 53.635797843521487 ], [ 12.1384008369439, 53.63647067001186 ], [ 12.128704717137317, 53.644293679117389 ], [ 12.120168909947886, 53.647583580344339 ], [ 12.107509546169627, 53.642415836799245 ], [ 12.10279468652857, 53.645688583087718 ], [ 12.095668798769422, 53.644652349019495 ], [ 12.095048660754598, 53.642816269076668 ], [ 12.090570575768284, 53.643434203669138 ], [ 12.080296327232155, 53.648837109989479 ], [ 12.075012114305258, 53.655396016750878 ], [ 12.071404600239493, 53.653837757592079 ], [ 12.069376363433019, 53.661429642236214 ], [ 12.050522213860562, 53.66604304951322 ], [ 12.052605687956952, 53.670074325880933 ], [ 12.050484296515112, 53.672287543184552 ], [ 12.051602659764347, 53.675048690375263 ], [ 12.048950028976316, 53.677244927212989 ], [ 12.044114917106993, 53.674526235373968 ], [ 12.043354246069113, 53.67710126727291 ], [ 12.03890408598717, 53.678090110624595 ], [ 12.035799829272895, 53.684804090493522 ], [ 12.026744855393778, 53.692205497757406 ], [ 12.033235725706456, 53.69977857856648 ], [ 12.027547212537076, 53.706416972602547 ], [ 12.029249408132069, 53.7092159213367 ], [ 12.03751907986285, 53.707928781603208 ], [ 12.039055995351154, 53.710577931073011 ], [ 12.03123224209453, 53.715834208467413 ], [ 12.020389051858599, 53.718000897797161 ], [ 12.02177628217993, 53.712369869546805 ], [ 12.017157875868236, 53.712009231906215 ], [ 12.01215852107531, 53.715565912385294 ], [ 12.007712167779042, 53.71446923988951 ], [ 12.006535736834941, 53.722800620058003 ], [ 12.001242434611816, 53.722729069395633 ], [ 12.000438477568055, 53.727406723987059 ], [ 11.995523580110035, 53.72820947141863 ], [ 11.976047306449695, 53.724452685417283 ], [ 11.975148707187437, 53.729314850194598 ], [ 11.987174735861293, 53.73038515294558 ], [ 11.997036392505256, 53.735111560086402 ], [ 11.982749357414576, 53.742954475010812 ], [ 11.965252726267023, 53.740635368886167 ], [ 11.959168404173464, 53.738057769751173 ], [ 11.936066288181634, 53.742733540097092 ], [ 11.926355882414118, 53.738685692175594 ], [ 11.91616920161632, 53.740251806864642 ], [ 11.904242683810629, 53.73637063810677 ], [ 11.904895264413206, 53.73214478306032 ], [ 11.883419765236795, 53.736558089547515 ], [ 11.873109590198247, 53.745835109957653 ], [ 11.871397792976577, 53.74626834155471 ], [ 11.869578397929763, 53.7438685939834 ], [ 11.841561723871106, 53.750089448727948 ], [ 11.838586018107469, 53.752037897732194 ], [ 11.844493178735334, 53.760093874959097 ], [ 11.840173213138437, 53.764491719740391 ], [ 11.830417749329216, 53.764386362564871 ], [ 11.827299554102572, 53.762897245293843 ], [ 11.819396391774836, 53.76584068363146 ], [ 11.815187110050113, 53.765472428225316 ], [ 11.81250713298544, 53.767513883813557 ], [ 11.810375998289661, 53.766423172300513 ], [ 11.805238878175961, 53.767030515732891 ], [ 11.793568572245844, 53.772498741211621 ], [ 11.794577516586186, 53.776424013273463 ], [ 11.791979512051997, 53.778416061713948 ], [ 11.802788012929408, 53.7895495187596 ], [ 11.808022165284573, 53.788749746794508 ], [ 11.810452342168556, 53.794866471266388 ], [ 11.807966132415897, 53.80187477161153 ], [ 11.80072390202081, 53.808906182701286 ], [ 11.801598475442466, 53.811887171055474 ], [ 11.798792874127882, 53.813489693345332 ], [ 11.80165522472401, 53.817857265813387 ], [ 11.793644032111413, 53.82216141284318 ], [ 11.781958396977833, 53.819828141505077 ], [ 11.766174714819641, 53.82390474207309 ], [ 11.757509858447808, 53.824038497818528 ], [ 11.756839469179139, 53.825287377740239 ], [ 11.765029965900693, 53.827178810837353 ], [ 11.771009532730993, 53.83041682900609 ], [ 11.760663458630219, 53.833365545468851 ], [ 11.767704764798882, 53.845690840692292 ], [ 11.759363532067635, 53.851564916471453 ], [ 11.767726361366197, 53.856489499316872 ], [ 11.777297827598346, 53.859585888792672 ], [ 11.778127034824076, 53.861235059744345 ], [ 11.772529600267349, 53.868068100451801 ], [ 11.761432153855761, 53.873150086213904 ], [ 11.767434994568083, 53.879779917852524 ], [ 11.773136542838207, 53.882744314570061 ], [ 11.781570638078465, 53.883223569548925 ], [ 11.787764109514695, 53.886215172402082 ], [ 11.791641341591905, 53.885365270630004 ], [ 11.79827324501877, 53.891232578705861 ], [ 11.791183164350729, 53.891996154690716 ], [ 11.788473963663243, 53.89400234289446 ], [ 11.789890401921951, 53.898693130360982 ], [ 11.795418413819855, 53.903306354414205 ], [ 11.792981603073978, 53.906314417948749 ], [ 11.796810691507378, 53.908348162412253 ], [ 11.794764034268205, 53.909933015645471 ], [ 11.78904807670785, 53.910249915442805 ], [ 11.791027160690005, 53.914086812503591 ], [ 11.801390699652046, 53.912939264939347 ], [ 11.802103215899978, 53.917707164876006 ], [ 11.804927326195997, 53.91873259977725 ], [ 11.800647167854892, 53.929711648657488 ], [ 11.791957277060165, 53.932547362571547 ], [ 11.791549706507384, 53.936234727220693 ], [ 11.794032267723477, 53.939051551498288 ], [ 11.792147172892138, 53.941004264566516 ], [ 11.79857382806529, 53.942546663181162 ], [ 11.803332027303066, 53.938196595262418 ], [ 11.809966104212483, 53.94376611801426 ], [ 11.811185515309658, 53.941273868504979 ], [ 11.823789485902919, 53.940562373660747 ], [ 11.827447956437373, 53.941676340347783 ], [ 11.835967535607487, 53.936119608344299 ], [ 11.840535474098154, 53.936094285635541 ], [ 11.845594840583795, 53.933287115937276 ], [ 11.847876168083793, 53.934492327602818 ], [ 11.846541605526774, 53.943540911986872 ], [ 11.851524675095634, 53.943865859367037 ], [ 11.85123867656541, 53.946485244689562 ], [ 11.859443248550114, 53.952446840269552 ], [ 11.865544861924908, 53.948258220005897 ], [ 11.875968683270836, 53.968206550161796 ], [ 11.880904499575555, 53.968035611362012 ], [ 11.884094429379701, 53.970261968239399 ], [ 11.891064581587262, 53.970177426252775 ], [ 11.89338618691604, 53.974030901722287 ], [ 11.902820022229063, 53.977626787333371 ], [ 11.901800703626042, 53.980281782822544 ], [ 11.919080072222375, 53.982936296672129 ], [ 11.925383572027263, 53.986977512296292 ], [ 11.929085573300421, 53.985369976525647 ], [ 11.924939762625179, 53.980512902052162 ], [ 11.924715930052173, 53.974500740383419 ], [ 11.926671218210156, 53.971981237272026 ], [ 11.931912229404308, 53.970063301644721 ], [ 11.938471403866757, 53.959221858912976 ], [ 11.945939373347944, 53.958712221383884 ], [ 11.957081781853976, 53.962260844966799 ], [ 11.96288124963595, 53.9615389174905 ], [ 11.970191524008071, 53.962789839707263 ], [ 11.977927718792886, 53.966736657736384 ], [ 11.985950996187718, 53.968424949438507 ], [ 11.992200798350568, 53.963706506765469 ], [ 11.998936950093475, 53.962962479813733 ], [ 12.00570821903888, 53.958717681251549 ], [ 12.006429683447015, 53.957047898250472 ], [ 11.996264799587221, 53.941686383488758 ], [ 11.988414568203785, 53.940431433167596 ], [ 11.996643837053274, 53.929773141415673 ], [ 11.988727508677494, 53.927065046876542 ], [ 11.986055763209848, 53.928592000674215 ], [ 11.979250284440404, 53.929045526112382 ], [ 11.985208081502403, 53.924049901217693 ], [ 11.989486550476302, 53.911987101285028 ], [ 11.99270815610231, 53.910150309983898 ], [ 12.000231799831363, 53.908993104532513 ], [ 12.003241066428414, 53.913531942953334 ], [ 12.018562953519744, 53.909419701891593 ], [ 12.016828961867168, 53.904869067306656 ], [ 12.023738408708484, 53.902219060431939 ], [ 12.026738949106194, 53.904984460276985 ], [ 12.036803583662163, 53.901425815924036 ], [ 12.029959634837937, 53.892409799964284 ], [ 12.034224409171436, 53.891026314130848 ], [ 12.029662529615685, 53.884518555413095 ], [ 12.025094159441098, 53.882978383589681 ], [ 12.026607152687024, 53.878810455025139 ], [ 12.017692505175926, 53.874068948464128 ], [ 12.018810488654195, 53.872973364487024 ], [ 12.040313943122653, 53.882192947227104 ], [ 12.041000558080304, 53.879660804448278 ], [ 12.045394608299921, 53.879720160041025 ], [ 12.046130841128715, 53.881717636278303 ], [ 12.055704074897355, 53.878510839661914 ], [ 12.082361283840592, 53.863566420010152 ], [ 12.088616926851856, 53.864592609243147 ], [ 12.101132528632027, 53.860757615092375 ], [ 12.110271408383539, 53.864262140656457 ], [ 12.114212990002885, 53.876685685263332 ], [ 12.123458841916184, 53.879903703464301 ], [ 12.122047577401061, 53.886372905080833 ], [ 12.117005423795231, 53.893577056866057 ], [ 12.121019121769672, 53.895994539330765 ], [ 12.111745349369818, 53.90076462466633 ], [ 12.112218659885157, 53.902927435158922 ], [ 12.131434667685479, 53.894797492682599 ], [ 12.175858526671259, 53.892421737553811 ], [ 12.174059497002711, 53.883779094732326 ] ] ] } },
{ "type": "Feature", "properties": { "wkr": 17, "wkr_name": "Ludwigslust-Parchim I" }, "geometry": { "type": "Polygon", "coordinates": [ [ [ 11.049570840745771, 53.346018083471385 ], [ 11.063126441895548, 53.348462031056386 ], [ 11.074994927917311, 53.348590054641178 ], [ 11.08853556673626, 53.346597602996646 ], [ 11.096533022266206, 53.34821386193012 ], [ 11.101939980778409, 53.343515854724657 ], [ 11.108388292131295, 53.344809709567706 ], [ 11.115516538078738, 53.343552045286394 ], [ 11.128078092887229, 53.347347215629128 ], [ 11.123503702797739, 53.356878277050257 ], [ 11.127566469008745, 53.359633842771466 ], [ 11.137449922271587, 53.357623031263429 ], [ 11.14083056970706, 53.354889007828199 ], [ 11.138306019610187, 53.349468843576382 ], [ 11.143961075184848, 53.349721700304691 ], [ 11.143276453254273, 53.35705886405276 ], [ 11.137226849174287, 53.360110128460178 ], [ 11.138575723208278, 53.360569812016543 ], [ 11.145694207110665, 53.360037594220941 ], [ 11.148713304857075, 53.356114681660465 ], [ 11.161675254936728, 53.353760021902318 ], [ 11.159480691641672, 53.356253934271415 ], [ 11.163394447114383, 53.356520483086619 ], [ 11.165774363224088, 53.353268136216784 ], [ 11.16930268614475, 53.353153273110941 ], [ 11.172954954240273, 53.342959403591692 ], [ 11.167281235330424, 53.338220609088317 ], [ 11.161510358492897, 53.336674589649952 ], [ 11.167704860224873, 53.336200796993744 ], [ 11.168347092727906, 53.333665737884921 ], [ 11.16578947793526, 53.331954787131849 ], [ 11.169522904358079, 53.322128420586353 ], [ 11.165079831122059, 53.321835852516791 ], [ 11.165914336043258, 53.318546094879729 ], [ 11.170614811604221, 53.318793281001462 ], [ 11.16865833648103, 53.310093508603359 ], [ 11.15445975659987, 53.311937137929966 ], [ 11.136156919610398, 53.309098974562623 ], [ 11.13934767739074, 53.307341074764423 ], [ 11.152916450021429, 53.305703224053374 ], [ 11.159673408157683, 53.29672428959563 ], [ 11.212633953676065, 53.290317975524808 ], [ 11.220651858656154, 53.263669063886937 ], [ 11.242224415582136, 53.260839928320515 ], [ 11.24370358372277, 53.265443597882765 ], [ 11.252032992451403, 53.264343350326186 ], [ 11.261211553342781, 53.261710414045893 ], [ 11.264327635602134, 53.258863556376639 ], [ 11.267769938215029, 53.258670706690623 ], [ 11.268209548704139, 53.261606931703106 ], [ 11.281364506069044, 53.260670743962507 ], [ 11.290805739448363, 53.265291254308742 ], [ 11.306860419791999, 53.269178551947839 ], [ 11.31036912830394, 53.267797371242793 ], [ 11.317008260417555, 53.271407179637563 ], [ 11.321106540326097, 53.271445123469178 ], [ 11.320378470052614, 53.2695251548691 ], [ 11.3256253040774, 53.26940920723171 ], [ 11.327006651507455, 53.267735847458752 ], [ 11.328909531707547, 53.26417127790041 ], [ 11.324365245076864, 53.26382432943138 ], [ 11.328541620383614, 53.261554189011321 ], [ 11.330247285176581, 53.256870954805919 ], [ 11.341596286855582, 53.254102270070035 ], [ 11.341420722435272, 53.250640474153023 ], [ 11.349308344016338, 53.246119720758067 ], [ 11.371988332637624, 53.23868750133304 ], [ 11.396367141010327, 53.23386493419514 ], [ 11.394157234484554, 53.231402074267876 ], [ 11.398056861859075, 53.22953595913269 ], [ 11.407417218810009, 53.229559613490949 ], [ 11.405637872479229, 53.227044060588746 ], [ 11.409592430201412, 53.225725488430008 ], [ 11.404159706122728, 53.220837942463454 ], [ 11.408285986494118, 53.21583037667039 ], [ 11.405104450932301, 53.211284654527866 ], [ 11.3993598315077, 53.210083533037469 ], [ 11.402964319801283, 53.207882873850672 ], [ 11.402784990248227, 53.204968262648812 ], [ 11.394086173490676, 53.199817490119202 ], [ 11.378485901501024, 53.194428835256417 ], [ 11.377966423495476, 53.195457966030396 ], [ 11.374410826448649, 53.195055202488582 ], [ 11.373595397597638, 53.193275564903281 ], [ 11.380664102037535, 53.186401252594244 ], [ 11.388132754102429, 53.191090529391666 ], [ 11.39825857520291, 53.190478264252242 ], [ 11.40422960768729, 53.187726142374586 ], [ 11.409084670976053, 53.180608669175982 ], [ 11.410472361371482, 53.174417987371918 ], [ 11.403456372785152, 53.165050583030386 ], [ 11.404800612211806, 53.160559818716195 ], [ 11.389713399912306, 53.159458531410671 ], [ 11.395639925047478, 53.140219445995776 ], [ 11.392241958901279, 53.12877753722249 ], [ 11.400480307037247, 53.115472428546667 ], [ 11.393483456228084, 53.11130189444895 ], [ 11.386917812056126, 53.112163711374436 ], [ 11.380712505019861, 53.110499574253112 ], [ 11.374366930940733, 53.111075253157921 ], [ 11.359507696800351, 53.115991795184719 ], [ 11.336760852811464, 53.113736441209262 ], [ 11.324364628999474, 53.119183921808421 ], [ 11.317812137979942, 53.119496960600316 ], [ 11.308081849916078, 53.116300245688954 ], [ 11.291059783543496, 53.11682465871003 ], [ 11.283090750875273, 53.121284602779852 ], [ 11.274963508963793, 53.120614890600393 ], [ 11.266689166501886, 53.122117536964247 ], [ 11.24085174045222, 53.13888637373406 ], [ 11.221103245762478, 53.144106084722154 ], [ 11.211214301106621, 53.143884589750051 ], [ 11.197609926938616, 53.136284539461791 ], [ 11.191321735653807, 53.134656879464508 ], [ 11.185224348077359, 53.13608996541911 ], [ 11.173688444519657, 53.155313493354932 ], [ 11.19071110697476, 53.167056062859032 ], [ 11.191799175452058, 53.172062879320805 ], [ 11.195760701050707, 53.176503839896974 ], [ 11.193743810689208, 53.180861148076538 ], [ 11.181438846956627, 53.186259143823492 ], [ 11.137481145868898, 53.192332104104864 ], [ 11.145716024681155, 53.197636645892693 ], [ 11.136963353801695, 53.199548994826856 ], [ 11.138758012773877, 53.201806404053158 ], [ 11.126325790949865, 53.20400782080015 ], [ 11.119210772987548, 53.203444829546186 ], [ 11.110428389744483, 53.206324727546416 ], [ 11.092449443831848, 53.21319424287914 ], [ 11.079641659499556, 53.22124134420028 ], [ 11.078941216039448, 53.223617820360666 ], [ 11.074285534488997, 53.225426134202777 ], [ 11.072148424484061, 53.230020125477587 ], [ 11.064316500725278, 53.233878435014397 ], [ 11.05745376935435, 53.24579697469806 ], [ 11.0462060257045, 53.258779671576299 ], [ 11.040238205180998, 53.262432232776511 ], [ 11.031223618391712, 53.275144980660613 ], [ 11.021956181359824, 53.280614680164057 ], [ 11.011126036136547, 53.280854388269901 ], [ 11.009194078141613, 53.282842337547351 ], [ 11.008592432598419, 53.289320613252464 ], [ 11.005985090880751, 53.292717168408558 ], [ 11.003113406723076, 53.293053781441543 ], [ 11.008963632277109, 53.300132022959346 ], [ 11.002438880321655, 53.305194961939932 ], [ 11.00376539625714, 53.309907585933345 ], [ 10.998955302529026, 53.315735303974243 ], [ 10.998429025654277, 53.320125916156613 ], [ 10.992005683126123, 53.325708438004803 ], [ 10.988549535564589, 53.324992873397179 ], [ 10.984200252480269, 53.326300448364073 ], [ 10.988121386661225, 53.333339284676178 ], [ 10.959291330612148, 53.338560307623496 ], [ 10.955610635637482, 53.333592013587619 ], [ 10.932567869697619, 53.340595351316033 ], [ 10.933730633909994, 53.34284748874552 ], [ 10.928045258526451, 53.348065650938331 ], [ 10.918485288725142, 53.34815610682643 ], [ 10.910350278189712, 53.338089720411048 ], [ 10.903690455160637, 53.336985139757786 ], [ 10.8995849789983, 53.334535963532048 ], [ 10.894210229798333, 53.336558084770481 ], [ 10.89119692219051, 53.334184062890735 ], [ 10.879613111799079, 53.334743342089034 ], [ 10.879743690452843, 53.331315917548771 ], [ 10.886694267153359, 53.328178708492075 ], [ 10.888947915952008, 53.325029549725116 ], [ 10.880258118013368, 53.320961117953303 ], [ 10.878042668152849, 53.323688573726145 ], [ 10.872799140129381, 53.324065846493134 ], [ 10.871964928601203, 53.326362898775521 ], [ 10.866964964127607, 53.32681813414802 ], [ 10.866539898919985, 53.325021968005565 ], [ 10.870988806867494, 53.322475823964147 ], [ 10.867652121841695, 53.316271983469683 ], [ 10.851478091687358, 53.315100856992451 ], [ 10.849851264083652, 53.308991945602898 ], [ 10.836473689100394, 53.306858552270555 ], [ 10.835964398702769, 53.304919745628879 ], [ 10.827206664373259, 53.308823418393686 ], [ 10.828976353760792, 53.311309611710918 ], [ 10.826193734980837, 53.312462985867448 ], [ 10.796091273262736, 53.315241377351967 ], [ 10.771436775397664, 53.325810298074302 ], [ 10.771189220863855, 53.32913024886107 ], [ 10.766942534290754, 53.330424775606559 ], [ 10.763291105170364, 53.32907551905263 ], [ 10.75823073325812, 53.331089937971427 ], [ 10.763823513849506, 53.338825162392482 ], [ 10.758504384059137, 53.340000478978844 ], [ 10.75530273918543, 53.338722605181147 ], [ 10.738108064898313, 53.34231839235003 ], [ 10.727623350612484, 53.357312958860959 ], [ 10.703903667685221, 53.369083421798898 ], [ 10.696912809704388, 53.370522550848143 ], [ 10.680196092438722, 53.367435980933443 ], [ 10.657805324351216, 53.367866832201322 ], [ 10.636332717785901, 53.370625897245965 ], [ 10.610325488877903, 53.368876502804468 ], [ 10.595531627133521, 53.364514518041517 ], [ 10.59422476380777, 53.367871077146603 ], [ 10.597521077003041, 53.370203728739462 ], [ 10.599780999204103, 53.377441786630826 ], [ 10.617414698618669, 53.383583480318521 ], [ 10.615738923602256, 53.38572863464524 ], [ 10.62083775196963, 53.403997038317328 ], [ 10.617411671292555, 53.405072343596395 ], [ 10.620244685361449, 53.420239503846702 ], [ 10.618851153444453, 53.425627191498783 ], [ 10.621148607594375, 53.425960029665447 ], [ 10.6247844211067, 53.439529651736564 ], [ 10.629078998028728, 53.440814614978052 ], [ 10.626128722972208, 53.443990548642688 ], [ 10.632796474629636, 53.453893480051732 ], [ 10.63570092431199, 53.455838062348931 ], [ 10.641503909368833, 53.455517361842013 ], [ 10.647325304107296, 53.457507131053887 ], [ 10.651604044027508, 53.461358955108395 ], [ 10.692740549644451, 53.455213457307131 ], [ 10.701954928967668, 53.478117843718131 ], [ 10.721002488359929, 53.475791032015081 ], [ 10.726877669086235, 53.480968256185179 ], [ 10.732104397527365, 53.479458785029585 ], [ 10.752443856995798, 53.484184148632671 ], [ 10.755558317012474, 53.483573307385022 ], [ 10.765264800288668, 53.490997119160703 ], [ 10.777775485644788, 53.494892706531182 ], [ 10.786388463198991, 53.510446528373315 ], [ 10.806805233262745, 53.515598061872417 ], [ 10.822535331060747, 53.512696496562128 ], [ 10.82446575958574, 53.518086084090257 ], [ 10.813310705446012, 53.521160130644141 ], [ 10.822061027285283, 53.52400074628239 ], [ 10.818606137466043, 53.52646965571283 ], [ 10.818440598539166, 53.533446056766593 ], [ 10.832224142606647, 53.544223500560747 ], [ 10.824830774320777, 53.555811962527457 ], [ 10.826859271460753, 53.566955101198779 ], [ 10.822826620481557, 53.574313627179215 ], [ 10.830491026509707, 53.575926591333811 ], [ 10.833568704757786, 53.574688881186148 ], [ 10.840635986855316, 53.575297282946458 ], [ 10.850653753257337, 53.565200955852234 ], [ 10.856248692216118, 53.565857953760855 ], [ 10.862902271411793, 53.564482227341244 ], [ 10.873295888957742, 53.568412280587992 ], [ 10.882399488957542, 53.568621577222338 ], [ 10.894893956116643, 53.572418243571164 ], [ 10.911025943096559, 53.571834787895803 ], [ 10.92363473240345, 53.584614990778817 ], [ 10.92346376435985, 53.589930234477151 ], [ 10.920072926166432, 53.592100484016051 ], [ 10.917758227598162, 53.599533390362481 ], [ 10.922297524623973, 53.602731054107601 ], [ 10.929410968568527, 53.629032190808296 ], [ 10.947774444498855, 53.64257630586436 ], [ 10.945979594850169, 53.645834822220536 ], [ 10.950840631205862, 53.645321568870457 ], [ 10.952760121956942, 53.647305116633206 ], [ 10.966457006821591, 53.644476766426024 ], [ 10.968442552790771, 53.645930510495326 ], [ 10.974779409811635, 53.642136361864949 ], [ 10.979506875835654, 53.643216733248188 ], [ 10.985571608784838, 53.636775255976588 ], [ 10.989518715183129, 53.635147607313186 ], [ 10.992293741680106, 53.63694378316427 ], [ 10.999772428402684, 53.634967221086271 ], [ 11.002907708319679, 53.630779324452902 ], [ 11.002028936197746, 53.6255419357798 ], [ 11.004679498741023, 53.625356490051786 ], [ 11.01180780361577, 53.619944395895068 ], [ 11.009787643654427, 53.603718486015801 ], [ 11.005121789994417, 53.603420338038603 ], [ 11.013029055218722, 53.601581641561097 ], [ 11.01090287299372, 53.595935473284094 ], [ 11.015206964227847, 53.591339168732532 ], [ 11.013200380411359, 53.583978269182545 ], [ 11.019519953686364, 53.582432161284451 ], [ 11.021936685013765, 53.576148563063207 ], [ 11.017411024156122, 53.572532242350491 ], [ 11.013002080016944, 53.571949113525207 ], [ 11.00528844844551, 53.561005116920356 ], [ 11.011825776872913, 53.549687599209044 ], [ 11.003371406202426, 53.547232578497457 ], [ 11.003648918274086, 53.534153663969036 ], [ 11.001071885853298, 53.533860562359493 ], [ 10.998960016486958, 53.529546035690714 ], [ 10.985434728098909, 53.524800245910463 ], [ 10.98124920004344, 53.524692532493283 ], [ 10.974105789871015, 53.519763638005749 ], [ 10.972879542990274, 53.516974473627442 ], [ 10.981096720767294, 53.510421663366564 ], [ 10.977096520512372, 53.487609117846524 ], [ 10.974002596553868, 53.482782752980405 ], [ 10.993940177371755, 53.480185917894893 ], [ 10.997736971837369, 53.473448039321077 ], [ 11.001565311571921, 53.47426242932648 ], [ 11.014384373238364, 53.470953679822586 ], [ 11.010190969004704, 53.462803743649836 ], [ 11.021647567252067, 53.462030945732053 ], [ 11.035604445429291, 53.458592355870046 ], [ 11.039681732820782, 53.455892815014181 ], [ 11.037404218420413, 53.453808493821342 ], [ 11.010437668312706, 53.446783882737343 ], [ 11.007688748461494, 53.42947996666831 ], [ 11.012621891445665, 53.427290502423638 ], [ 11.019040718786698, 53.428512765352721 ], [ 11.02799753172015, 53.427803634097671 ], [ 11.035939143782864, 53.430826290041018 ], [ 11.041062129666457, 53.424129788833319 ], [ 11.033802939778852, 53.419854308810152 ], [ 11.031210294862019, 53.421113584871897 ], [ 11.025644906303043, 53.419245112726117 ], [ 11.03579824496595, 53.408486208728107 ], [ 11.050062440038374, 53.412122283666761 ], [ 11.052653989831303, 53.409164992522498 ], [ 11.059246468013896, 53.411416101472227 ], [ 11.061739620308245, 53.408808142185755 ], [ 11.040521905750431, 53.402117320594968 ], [ 11.042431261753983, 53.396911653051646 ], [ 11.036363007035868, 53.394785104827569 ], [ 11.034741326765173, 53.391703856759371 ], [ 11.039554421847791, 53.388299602730498 ], [ 11.035519467354767, 53.379690559947747 ], [ 11.041619879905225, 53.378210518752987 ], [ 11.047183694800118, 53.36716707369618 ], [ 11.040422581994045, 53.354027066639333 ], [ 11.044430649810714, 53.34773212920269 ], [ 11.049570840745771, 53.346018083471385 ] ] ] } },
{ "type": "Feature", "properties": { "wkr": 18, "wkr_name": "Ludwigslust-Parchim II" }, "geometry": { "type": "MultiPolygon", "coordinates": [ [ [ [ 11.369841876696947, 53.620326766827041 ], [ 11.368603597925063, 53.618623834054105 ], [ 11.361331697283845, 53.619481638746485 ], [ 11.36355278362859, 53.622123853203256 ], [ 11.369841876696947, 53.620326766827041 ] ] ], [ [ [ 11.291110375750772, 53.65300678596914 ], [ 11.294880455088935, 53.650460508703183 ], [ 11.302189180155063, 53.653297002178896 ], [ 11.308951762851844, 53.647344265898802 ], [ 11.317311832585842, 53.647374183003038 ], [ 11.328087186182712, 53.645249025978934 ], [ 11.325810457898799, 53.642742608569954 ], [ 11.340139625210718, 53.63361708778929 ], [ 11.345965817647144, 53.632482095136076 ], [ 11.349543911157719, 53.62767944237924 ], [ 11.359276229183557, 53.623937768307158 ], [ 11.356476525322414, 53.620773350558473 ], [ 11.355987524957804, 53.613373144890872 ], [ 11.360488801740241, 53.613448458363052 ], [ 11.366189115235784, 53.608666062273372 ], [ 11.361729733796913, 53.597507335579692 ], [ 11.356178363825931, 53.596800232347746 ], [ 11.35700647474993, 53.594478886138397 ], [ 11.379406850223965, 53.578296674212076 ], [ 11.366239507465947, 53.555895799465993 ], [ 11.379132294710628, 53.553447528141277 ], [ 11.380449201691233, 53.55502087006554 ], [ 11.38397317817412, 53.554528951390623 ], [ 11.385308741224982, 53.556634690807222 ], [ 11.388836134764482, 53.556058790686343 ], [ 11.387318788611351, 53.552688532957944 ], [ 11.391112737502789, 53.552160524337182 ], [ 11.388295423401672, 53.546576912621184 ], [ 11.384045343672375, 53.546204247753003 ], [ 11.383949509044262, 53.544461087570809 ], [ 11.42258504920491, 53.549572582309416 ], [ 11.425822252826849, 53.540953395128348 ], [ 11.415909050762705, 53.539634860818111 ], [ 11.41931540001152, 53.528977548091504 ], [ 11.38162819165116, 53.530135275201317 ], [ 11.372675194945442, 53.521887781029349 ], [ 11.361605407839674, 53.523834119684949 ], [ 11.362123070169723, 53.518062623594567 ], [ 11.351030764688083, 53.514088803691777 ], [ 11.35585948198249, 53.510856803885517 ], [ 11.356260914712276, 53.496440636279971 ], [ 11.362765138601342, 53.495980782516369 ], [ 11.363672994421606, 53.491877284619875 ], [ 11.367986311919323, 53.491127735993409 ], [ 11.369296588546252, 53.494139994428863 ], [ 11.382332030238365, 53.498281409327234 ], [ 11.387148049422111, 53.495949472520415 ], [ 11.394715390938448, 53.497453934151608 ], [ 11.399035112121393, 53.491535604273849 ], [ 11.403476747261456, 53.491984681589209 ], [ 11.401639211191847, 53.485820790616977 ], [ 11.407194116130414, 53.482458592715467 ], [ 11.387025884456532, 53.484106000421093 ], [ 11.389189261483716, 53.48189432215797 ], [ 11.371299612015267, 53.473252112115603 ], [ 11.375294140736228, 53.467315282407064 ], [ 11.363239012780184, 53.46719000228557 ], [ 11.357360866571154, 53.458553039728635 ], [ 11.350540643700018, 53.456817647152569 ], [ 11.341757240403796, 53.456274250693724 ], [ 11.339483778415389, 53.457276830790072 ], [ 11.335800518812587, 53.449921218515719 ], [ 11.320000060080174, 53.437926002509919 ], [ 11.320130189723516, 53.436404468243474 ], [ 11.325606719535466, 53.436155572315357 ], [ 11.334867361958286, 53.438625308477867 ], [ 11.340205025217312, 53.435150570593976 ], [ 11.323647144149556, 53.429302324338671 ], [ 11.323947485596298, 53.427163449326045 ], [ 11.32041179530218, 53.426428890628884 ], [ 11.318552354246467, 53.421102645532322 ], [ 11.340158430929536, 53.415443617143183 ], [ 11.341519181692156, 53.413937178849402 ], [ 11.351216840195905, 53.412399741974312 ], [ 11.372655359421193, 53.419187377588585 ], [ 11.384225959991753, 53.412599197702797 ], [ 11.389723605817554, 53.414033249683072 ], [ 11.389720904337002, 53.415744602725098 ], [ 11.39878372753404, 53.421630232518012 ], [ 11.406513398525524, 53.413598287154564 ], [ 11.411268938116722, 53.412192460606214 ], [ 11.405984805922667, 53.410938417674018 ], [ 11.403890787832051, 53.409069603183411 ], [ 11.404932343967015, 53.406877193269061 ], [ 11.414943451884184, 53.410041788709115 ], [ 11.419175629519899, 53.406783520670231 ], [ 11.422783991002108, 53.408118373046861 ], [ 11.427287459387781, 53.406692710767409 ], [ 11.433268941331187, 53.396860938787405 ], [ 11.432908389860589, 53.392571587512954 ], [ 11.42413772036892, 53.387946885140515 ], [ 11.422932320983959, 53.384307084001883 ], [ 11.425339592259181, 53.381254388362819 ], [ 11.420911188295564, 53.38051791931052 ], [ 11.416403280800916, 53.381790317138652 ], [ 11.415750452655896, 53.377526360839767 ], [ 11.421591595472517, 53.376778041752345 ], [ 11.401157657603113, 53.373250023151179 ], [ 11.394530257478534, 53.370798533307472 ], [ 11.388730486358828, 53.371997778534151 ], [ 11.380239052956647, 53.368910902515374 ], [ 11.383619957412302, 53.357715949320387 ], [ 11.381183033559852, 53.348180514827021 ], [ 11.379363176658, 53.346069177834792 ], [ 11.367476988863078, 53.347302378011157 ], [ 11.363915310217047, 53.343770920573192 ], [ 11.365988219175989, 53.342978724049921 ], [ 11.363899426112145, 53.337267469460393 ], [ 11.352388312399128, 53.333320974945671 ], [ 11.345806520525999, 53.333989615320853 ], [ 11.334980580472932, 53.336576179698348 ], [ 11.320212021258794, 53.344196111846742 ], [ 11.307899628549896, 53.34431175767358 ], [ 11.301844535045261, 53.339642896496478 ], [ 11.303720056130841, 53.33766281108084 ], [ 11.283230760469179, 53.333831997221374 ], [ 11.272235175130126, 53.326882456192813 ], [ 11.267449295872208, 53.322128578518061 ], [ 11.266352878141992, 53.313967685008492 ], [ 11.232154032370424, 53.314698469303153 ], [ 11.223008567782715, 53.308903063229856 ], [ 11.219513272119064, 53.30095464538018 ], [ 11.222019537493015, 53.292127599918231 ], [ 11.220154851457876, 53.292062653430378 ], [ 11.220462601568325, 53.289294571153434 ], [ 11.159673408157689, 53.296724289595652 ], [ 11.152916450021443, 53.305703224053374 ], [ 11.13934767739074, 53.307341074764444 ], [ 11.136156919610404, 53.309098974562637 ], [ 11.154459756599877, 53.311937137929966 ], [ 11.168658336481027, 53.310093508603394 ], [ 11.170614811604221, 53.318793281001469 ], [ 11.165914336043251, 53.318546094879757 ], [ 11.165079831122062, 53.321835852516791 ], [ 11.169522904358093, 53.322128420586374 ], [ 11.16578947793527, 53.331954787131878 ], [ 11.168347092727911, 53.333665737884914 ], [ 11.167704860224903, 53.336200796993772 ], [ 11.16151035849289, 53.336674589649959 ], [ 11.167281235330419, 53.338220609088317 ], [ 11.172954954240298, 53.342959403591721 ], [ 11.169302686144773, 53.353153273110955 ], [ 11.165774363224086, 53.353268136216805 ], [ 11.16339444711439, 53.356520483086655 ], [ 11.159480691641685, 53.356253934271422 ], [ 11.161675254936721, 53.353760021902353 ], [ 11.14871330485709, 53.356114681660465 ], [ 11.145694207110665, 53.360037594220955 ], [ 11.138575723208312, 53.360569812016536 ], [ 11.137226849174274, 53.360110128460207 ], [ 11.143276453254289, 53.357058864052782 ], [ 11.143961075184844, 53.349721700304713 ], [ 11.138306019610196, 53.349468843576375 ], [ 11.140830569707077, 53.354889007828199 ], [ 11.137449922271614, 53.357623031263444 ], [ 11.127566469008752, 53.35963384277148 ], [ 11.123505510653223, 53.356980080137618 ], [ 11.12807809288725, 53.347347215629149 ], [ 11.115516538078738, 53.343552045286408 ], [ 11.108388292131309, 53.344809709567727 ], [ 11.101939980778425, 53.34351585472465 ], [ 11.096533022266211, 53.348213861930162 ], [ 11.088535566736272, 53.346597602996667 ], [ 11.074796091612521, 53.348587673046445 ], [ 11.059660390419022, 53.348226270266863 ], [ 11.049570840745799, 53.346018083471421 ], [ 11.044430649810712, 53.347732129202711 ], [ 11.040422581994045, 53.354027066639333 ], [ 11.047183694800143, 53.367167073696187 ], [ 11.041619879905223, 53.378210518752979 ], [ 11.03551946735478, 53.379690559947768 ], [ 11.039554421847777, 53.388299602730527 ], [ 11.034741326765191, 53.391703856759385 ], [ 11.036363007035863, 53.394785104827598 ], [ 11.04243126175397, 53.39691165305166 ], [ 11.040521905750442, 53.402117320594989 ], [ 11.061739620308273, 53.408808142185777 ], [ 11.059246468013914, 53.411416101472248 ], [ 11.052653989831308, 53.40916499252252 ], [ 11.050062440038376, 53.412122283666761 ], [ 11.035798244965953, 53.408486208728121 ], [ 11.025644906303045, 53.419245112726138 ], [ 11.031210294862051, 53.421113584871883 ], [ 11.033802939778859, 53.419854308810173 ], [ 11.041062129666473, 53.424129788833348 ], [ 11.035939143782866, 53.430826290041018 ], [ 11.02799753172016, 53.427803634097671 ], [ 11.019040718786703, 53.428512765352743 ], [ 11.012621891445672, 53.427290502423645 ], [ 11.007688748461502, 53.429479966668325 ], [ 11.010437668312704, 53.446783882737343 ], [ 11.037404218420422, 53.453808493821356 ], [ 11.039681732820799, 53.455892815014195 ], [ 11.035604445429311, 53.45859235587006 ], [ 11.021647567252076, 53.462030945732074 ], [ 11.010190969004706, 53.462803743649829 ], [ 11.01438437323838, 53.470953679822607 ], [ 11.001603016268456, 53.474260659054792 ], [ 10.997736971837364, 53.473448039321099 ], [ 10.993940177371769, 53.480185917894914 ], [ 10.974028938923189, 53.482783091284524 ], [ 10.977122865935184, 53.48760945552295 ], [ 10.981123080428493, 53.510422000419972 ], [ 10.972905906563236, 53.516974812569238 ], [ 10.981245433110255, 53.524692484323971 ], [ 10.985430961144594, 53.524800197872985 ], [ 10.998956249073837, 53.529545988072137 ], [ 11.001068118050989, 53.533860514800494 ], [ 11.003645150438675, 53.534153616490848 ], [ 11.003367637205031, 53.547232530989412 ], [ 11.011822007634002, 53.549687551963778 ], [ 11.005284678217478, 53.561005069450538 ], [ 11.012998308793337, 53.571949066281121 ], [ 11.017407252868537, 53.572532195244662 ], [ 11.021932913391725, 53.576148516094307 ], [ 11.019516181510939, 53.582432114229235 ], [ 11.013196608115395, 53.583978221925399 ], [ 11.015203191270142, 53.591339121526865 ], [ 11.010899099637854, 53.595935425935146 ], [ 11.013025281353327, 53.601581594270229 ], [ 11.005118015986609, 53.603420290495109 ], [ 11.017496256736347, 53.602717188904215 ], [ 11.033850991235937, 53.597775949593171 ], [ 11.034473908547737, 53.596270259832039 ], [ 11.042027866160002, 53.599307681429572 ], [ 11.051631329217724, 53.598352346260285 ], [ 11.063576956431563, 53.599239305369657 ], [ 11.0661151395887, 53.604746861473288 ], [ 11.080776076129837, 53.601923885014429 ], [ 11.082602188323118, 53.605465610591395 ], [ 11.092272785993879, 53.608001600586881 ], [ 11.101179624254735, 53.604338044072058 ], [ 11.102665920408594, 53.605626650003437 ], [ 11.116109115942274, 53.591633848826511 ], [ 11.114761643910153, 53.58866174606063 ], [ 11.134826627952542, 53.593640537168817 ], [ 11.140505000373802, 53.591401920769094 ], [ 11.140506307708614, 53.58961409431182 ], [ 11.145131743205004, 53.58956371702277 ], [ 11.148186771447739, 53.58626181650083 ], [ 11.141215162031882, 53.578481273739868 ], [ 11.146522331128969, 53.577740413277006 ], [ 11.143162790017881, 53.57533931139767 ], [ 11.141097745970599, 53.569573351038777 ], [ 11.141516269808845, 53.56734350314143 ], [ 11.144618891654069, 53.566457127204707 ], [ 11.159371299279318, 53.570708736452801 ], [ 11.168128434050629, 53.570333217868701 ], [ 11.19821151203579, 53.580510299914359 ], [ 11.203186488014422, 53.584849844463619 ], [ 11.201586107579109, 53.590228339396234 ], [ 11.206742903655016, 53.601123941532059 ], [ 11.21653365673893, 53.59834280753185 ], [ 11.225788424798637, 53.60281833537455 ], [ 11.234884069812626, 53.60341428825889 ], [ 11.241124799649528, 53.601064599972084 ], [ 11.234803961453464, 53.595459136274648 ], [ 11.239364601677403, 53.593331746626454 ], [ 11.241704511910955, 53.588184445639115 ], [ 11.2470064552996, 53.590499974919744 ], [ 11.249241001098243, 53.595540836053488 ], [ 11.260000371404685, 53.59769106143019 ], [ 11.273351106796161, 53.59597343651658 ], [ 11.282354240171054, 53.588145858802335 ], [ 11.284754240507793, 53.588294994999679 ], [ 11.301616631824514, 53.594377423558427 ], [ 11.301081453094282, 53.603191061264745 ], [ 11.29741701091066, 53.604056910778702 ], [ 11.307747773869041, 53.611534770743326 ], [ 11.31461733920117, 53.61338032705445 ], [ 11.313366813896179, 53.615863995090663 ], [ 11.316950900217341, 53.621213150875612 ], [ 11.306747957993419, 53.62235630166694 ], [ 11.298212192926126, 53.619624157571216 ], [ 11.293409908671297, 53.620989731731008 ], [ 11.294602931516676, 53.625522799140683 ], [ 11.292765900948208, 53.629452163291297 ], [ 11.294445921788689, 53.630383227881147 ], [ 11.296172197628673, 53.628453844593366 ], [ 11.303358442413101, 53.629092437742045 ], [ 11.306960359747707, 53.634332898430038 ], [ 11.304449920130098, 53.636750920362068 ], [ 11.298704628401254, 53.635594143752925 ], [ 11.297941990135298, 53.637144950561158 ], [ 11.29436359441172, 53.63739154139985 ], [ 11.293858474385827, 53.64035979015474 ], [ 11.290743805429733, 53.640965809966914 ], [ 11.282036349462675, 53.648527376460258 ], [ 11.286983639848112, 53.647994842431899 ], [ 11.291110375750772, 53.65300678596914 ] ] ] ] } },
{ "type": "Feature", "properties": { "wkr": 19, "wkr_name": "Ludwigslust-Parchim III" }, "geometry": { "type": "Polygon", "coordinates": [ [ [ 11.212637700546567, 53.29031801603626 ], [ 11.220466348368653, 53.289294611417134 ], [ 11.220158598499898, 53.292062693708075 ], [ 11.222023284545379, 53.292127640137366 ], [ 11.219517019938582, 53.300954685691764 ], [ 11.223012316307681, 53.308903103443612 ], [ 11.232157781426292, 53.314698509238184 ], [ 11.266356627217645, 53.313967723866639 ], [ 11.267453045666496, 53.322128617354075 ], [ 11.27223892535325, 53.32688249488546 ], [ 11.28323451132907, 53.333832035578553 ], [ 11.303723807376425, 53.337662848799148 ], [ 11.301848286460261, 53.339642934276775 ], [ 11.307903380389561, 53.344311795270336 ], [ 11.320215773117598, 53.344196149055875 ], [ 11.334984331697241, 53.336576216431347 ], [ 11.345810271548578, 53.333989651709366 ], [ 11.352392063378375, 53.333321011126174 ], [ 11.358421108897772, 53.334748395287264 ], [ 11.363903177464804, 53.337267505284551 ], [ 11.36599197103522, 53.342978759816759 ], [ 11.36391906214109, 53.343770956406416 ], [ 11.367480741105698, 53.347302413737573 ], [ 11.379368214894155, 53.346046794428055 ], [ 11.381183033559836, 53.348180514827021 ], [ 11.383619957412293, 53.357715949320365 ], [ 11.380239052956613, 53.36891090251536 ], [ 11.388767144184847, 53.371998767328527 ], [ 11.39453025747852, 53.370798533307457 ], [ 11.421876423873153, 53.377073264205997 ], [ 11.415757962786115, 53.377526426491201 ], [ 11.416410791578873, 53.381790385612057 ], [ 11.4209186988698, 53.38051798749639 ], [ 11.425347102983123, 53.381254456271954 ], [ 11.422939832234778, 53.384307152071507 ], [ 11.424145232266481, 53.387946953144777 ], [ 11.432915902612637, 53.392571654978276 ], [ 11.433276454840962, 53.396861006242496 ], [ 11.427294974604544, 53.406692778627743 ], [ 11.422791506450084, 53.408118441194979 ], [ 11.41918687478309, 53.406796553514845 ], [ 11.414950967636052, 53.410041857356745 ], [ 11.404939859115085, 53.406877262537989 ], [ 11.404785439555315, 53.4102513589254 ], [ 11.411268938116708, 53.412192460606178 ], [ 11.406520914866684, 53.413598356343627 ], [ 11.398791245257774, 53.421630302217451 ], [ 11.389728420980205, 53.415744672978263 ], [ 11.389731122158736, 53.414033319931001 ], [ 11.384233476054595, 53.412599268292915 ], [ 11.372662876593459, 53.419187448926984 ], [ 11.351224356070354, 53.41239981464323 ], [ 11.341526697792451, 53.413937252133735 ], [ 11.340165947289325, 53.415443690517748 ], [ 11.318559871503034, 53.421102720284857 ], [ 11.320419313508099, 53.426428965280145 ], [ 11.323955003948717, 53.427163523756789 ], [ 11.323654662878345, 53.429302398794654 ], [ 11.340212545057517, 53.435150644024063 ], [ 11.334874882387439, 53.438625382254671 ], [ 11.325614239484356, 53.436155646668333 ], [ 11.320137709690409, 53.436404542942306 ], [ 11.320007580315325, 53.437926077221476 ], [ 11.335808041243247, 53.449921292267312 ], [ 11.339491302164602, 53.457276904331309 ], [ 11.3417647639863, 53.456274324088689 ], [ 11.350548167419895, 53.45681771999557 ], [ 11.357368390629969, 53.45855311214688 ], [ 11.363246538395124, 53.467190074358712 ], [ 11.375301666429307, 53.467315353720686 ], [ 11.37130713874113, 53.473252183698477 ], [ 11.389196789823151, 53.481894392638296 ], [ 11.387033413177956, 53.484106071044316 ], [ 11.407201644652211, 53.482458662062221 ], [ 11.401646740284177, 53.485820860323848 ], [ 11.403484277454904, 53.491984751198139 ], [ 11.399042642214946, 53.49153567416154 ], [ 11.394722922061757, 53.497454004329015 ], [ 11.387155580243823, 53.495949543170646 ], [ 11.382339561451516, 53.498281480288021 ], [ 11.369304118964566, 53.494140066199456 ], [ 11.36799384179745, 53.491127807837778 ], [ 11.363680524412578, 53.491877356738492 ], [ 11.36277266931574, 53.495980854704285 ], [ 11.356268445477907, 53.496440708879447 ], [ 11.355867015304129, 53.510856876552793 ], [ 11.351038298560917, 53.514088876673199 ], [ 11.362130604799987, 53.518062695888034 ], [ 11.361612943492656, 53.523834192028133 ], [ 11.372682730304122, 53.521887852668414 ], [ 11.381635728516613, 53.530135346299772 ], [ 11.419322936843528, 53.528977616808959 ], [ 11.415916589473786, 53.539634929781364 ], [ 11.425829791817257, 53.54095346346994 ], [ 11.424584123811524, 53.545295309342542 ], [ 11.461749827063599, 53.550136574485073 ], [ 11.467972195420954, 53.521222660242174 ], [ 11.477984725680443, 53.494838978947527 ], [ 11.488952579157665, 53.492506824005275 ], [ 11.489961543272328, 53.491026103752141 ], [ 11.483210461535984, 53.489023136210228 ], [ 11.488969128021811, 53.480317257093667 ], [ 11.473702287928489, 53.480572642900384 ], [ 11.469211835584126, 53.477611429004561 ], [ 11.474178865429597, 53.475127117299067 ], [ 11.476744530181723, 53.464633346643183 ], [ 11.469940417854643, 53.454623955726774 ], [ 11.498543961951325, 53.450825220582935 ], [ 11.501136701670026, 53.45287045010123 ], [ 11.508487159597902, 53.451756601428009 ], [ 11.510643386335214, 53.446758900059422 ], [ 11.546221593863239, 53.446703561676088 ], [ 11.555634794193121, 53.458733931015786 ], [ 11.550631670827586, 53.465039906261339 ], [ 11.547215338750549, 53.465188555501882 ], [ 11.547277517432249, 53.467472530730099 ], [ 11.543951980060077, 53.467425809315273 ], [ 11.553617997042975, 53.476271343091753 ], [ 11.557266222578138, 53.475552405114975 ], [ 11.577989743913406, 53.485674668192495 ], [ 11.607857273444665, 53.46643527376532 ], [ 11.643503061186125, 53.462206726024654 ], [ 11.618336507723987, 53.432441445415428 ], [ 11.636270838780369, 53.429375172432863 ], [ 11.627662312298966, 53.418514461506014 ], [ 11.629206346820839, 53.410520060804856 ], [ 11.640099975230482, 53.413457137450955 ], [ 11.648473154141604, 53.407292260645256 ], [ 11.646129987692992, 53.405392533262912 ], [ 11.660359355654546, 53.396563049468995 ], [ 11.667493091563633, 53.394527264916164 ], [ 11.681946697677711, 53.395475876144509 ], [ 11.687693822284865, 53.394148537100627 ], [ 11.680488729002281, 53.390723511710895 ], [ 11.689225449508992, 53.374118553836638 ], [ 11.697061039592858, 53.370300430623473 ], [ 11.698963618231979, 53.364247464934046 ], [ 11.688293088599783, 53.349415097101492 ], [ 11.693431596904741, 53.341090829830151 ], [ 11.703844326250332, 53.337696836013805 ], [ 11.709782760266172, 53.329048109736803 ], [ 11.716428106049801, 53.310363864267885 ], [ 11.720824319529264, 53.311580168483722 ], [ 11.724884235203152, 53.308504564628073 ], [ 11.730263404834036, 53.309481020337458 ], [ 11.739452316950596, 53.307110478078606 ], [ 11.746179649731257, 53.31048253670329 ], [ 11.754038998930637, 53.31170481770684 ], [ 11.762447814890921, 53.310578056315954 ], [ 11.774912806405029, 53.305457713872762 ], [ 11.776053736976557, 53.29957539947501 ], [ 11.782069935938228, 53.299439164433878 ], [ 11.78264180639807, 53.296392313095659 ], [ 11.790718697827543, 53.29516062266844 ], [ 11.779277235174321, 53.290371998839817 ], [ 11.789560558148787, 53.277406185831623 ], [ 11.785524033455179, 53.275804496109899 ], [ 11.790129301044383, 53.274236884701246 ], [ 11.798822076709941, 53.273474494409683 ], [ 11.804425452754682, 53.276314450461854 ], [ 11.821998411300372, 53.277449553432731 ], [ 11.819434360009081, 53.288962864497336 ], [ 11.824653777213314, 53.290297861843477 ], [ 11.827583431555114, 53.293360344399751 ], [ 11.840858637978389, 53.293615069902032 ], [ 11.844721025237597, 53.284058348572735 ], [ 11.852449920971145, 53.276098172772215 ], [ 11.852994887066869, 53.273224373680641 ], [ 11.852339890108279, 53.270818916884394 ], [ 11.848528613057692, 53.27071633678257 ], [ 11.845210686155751, 53.268439219580053 ], [ 11.845670271279836, 53.266657399683261 ], [ 11.832380023772387, 53.257743192414829 ], [ 11.819480822828572, 53.25700030694275 ], [ 11.81101835171715, 53.253173008510068 ], [ 11.804486258403186, 53.252966282134878 ], [ 11.801736672231664, 53.254374132256096 ], [ 11.796470220579428, 53.25326270475923 ], [ 11.803581851879768, 53.247114432804935 ], [ 11.817379883760006, 53.244892703930802 ], [ 11.825581644704728, 53.237933822709479 ], [ 11.829957318308447, 53.236354950578857 ], [ 11.832751337848656, 53.231721238545965 ], [ 11.82896840533671, 53.231149680800726 ], [ 11.829026235059688, 53.228892444886064 ], [ 11.819876057504478, 53.22903343786583 ], [ 11.813309511193449, 53.226297808339055 ], [ 11.794921849791832, 53.226668250895138 ], [ 11.787088259842948, 53.228447489022521 ], [ 11.769509618960317, 53.227412699945781 ], [ 11.749470551784745, 53.219918045102688 ], [ 11.730422129781363, 53.217222275917337 ], [ 11.727737865123478, 53.219585608909561 ], [ 11.727653176016952, 53.231489106919014 ], [ 11.716606530063665, 53.230888760414004 ], [ 11.707331773576891, 53.234261371933009 ], [ 11.708460865308709, 53.237579589058846 ], [ 11.699827389487726, 53.243806196365753 ], [ 11.695976019607221, 53.244239607983239 ], [ 11.691415659568754, 53.241696237140886 ], [ 11.662344816019953, 53.243852516789161 ], [ 11.658617191851024, 53.240675613090154 ], [ 11.652716741316285, 53.239040419832101 ], [ 11.639251077689472, 53.238611013082441 ], [ 11.62905878729546, 53.241930010245042 ], [ 11.619213849216084, 53.23716569681433 ], [ 11.616586989773937, 53.230235118742854 ], [ 11.610111268018157, 53.229219045445397 ], [ 11.598147739756827, 53.224231755778753 ], [ 11.588442968771629, 53.215986686994299 ], [ 11.578093787100288, 53.212311057657359 ], [ 11.56593812023481, 53.213136647133851 ], [ 11.560379648874783, 53.212088600814518 ], [ 11.55028236908387, 53.207990272005361 ], [ 11.558875570296477, 53.201868549884296 ], [ 11.55639182525311, 53.19454712391228 ], [ 11.559157452838956, 53.188855094232572 ], [ 11.556464248167968, 53.185183963658844 ], [ 11.566695407897882, 53.182565062477984 ], [ 11.562910897604731, 53.175873858004593 ], [ 11.569247379735083, 53.169558036116157 ], [ 11.568395778747737, 53.164881894060123 ], [ 11.565315163987314, 53.164417474810165 ], [ 11.555832963660492, 53.153752494175535 ], [ 11.556632306572821, 53.150524553543242 ], [ 11.552879917826958, 53.150077041913818 ], [ 11.551510433585875, 53.152210951174048 ], [ 11.549788587729369, 53.151182058049159 ], [ 11.555773169373541, 53.138622485315629 ], [ 11.546947095827914, 53.134574820660148 ], [ 11.54856427974825, 53.130690576375969 ], [ 11.53662806452914, 53.128921136495045 ], [ 11.534482597048717, 53.125175298863383 ], [ 11.509967437443885, 53.125436491448063 ], [ 11.50666193518923, 53.122087025305895 ], [ 11.501401963193279, 53.121248033087369 ], [ 11.500234931190858, 53.126159009801874 ], [ 11.49292278619631, 53.127808801687145 ], [ 11.483908687966121, 53.129070925688715 ], [ 11.473372118265383, 53.127136236118247 ], [ 11.473821261906998, 53.134596831229004 ], [ 11.460314666752497, 53.140175616968833 ], [ 11.436903510890279, 53.13704399905599 ], [ 11.421828893628158, 53.140883260720074 ], [ 11.410254493645239, 53.136640955882406 ], [ 11.395643659266939, 53.140219480531648 ], [ 11.389717135789292, 53.159458566160865 ], [ 11.404804348218883, 53.160559852994382 ], [ 11.403460109179537, 53.16505061735738 ], [ 11.410476098596376, 53.174418021492336 ], [ 11.40777802005614, 53.183772511306394 ], [ 11.404233346056099, 53.187726176710598 ], [ 11.398262313797741, 53.190478298779752 ], [ 11.388136492727432, 53.191090564238173 ], [ 11.380667840237161, 53.186401287668403 ], [ 11.373599136379495, 53.193275600209624 ], [ 11.374414565387372, 53.195055237771889 ], [ 11.377970162477466, 53.195458001202681 ], [ 11.37848964039458, 53.194428870410846 ], [ 11.394089912889365, 53.199817524791577 ], [ 11.402788730115525, 53.204968297055508 ], [ 11.402968059923005, 53.207882908255975 ], [ 11.399363571813041, 53.210083567559266 ], [ 11.405108191355412, 53.211284688870919 ], [ 11.408289727320787, 53.215830410920212 ], [ 11.404163447376753, 53.220837976850255 ], [ 11.409596171894158, 53.225725522653221 ], [ 11.405641614278053, 53.227044094938158 ], [ 11.407420960832395, 53.229559647788101 ], [ 11.398060603858104, 53.229535993723999 ], [ 11.394160976637554, 53.231402108984433 ], [ 11.396370883383346, 53.233864968845886 ], [ 11.371992075375715, 53.238687536756984 ], [ 11.349312087350848, 53.246119756905891 ], [ 11.341424466146297, 53.250640510555421 ], [ 11.341600030869543, 53.254102306472127 ], [ 11.330251029405851, 53.25687099156886 ], [ 11.328545365018288, 53.261554225834907 ], [ 11.324368989900178, 53.263824366389628 ], [ 11.328913276571939, 53.264171314716322 ], [ 11.327010396679114, 53.2677358843398 ], [ 11.325629049392168, 53.269409244158702 ], [ 11.320382215365104, 53.269525191961236 ], [ 11.321110285808277, 53.271445160541326 ], [ 11.317012005886697, 53.271407216838462 ], [ 11.310372873441517, 53.267797408647041 ], [ 11.306864165042029, 53.269178589464438 ], [ 11.290809484319951, 53.265291292324164 ], [ 11.281368250513856, 53.260670782267781 ], [ 11.268213293198942, 53.261606970423308 ], [ 11.267773682452061, 53.25867074542014 ], [ 11.264331379847649, 53.258863595214727 ], [ 11.261215297829606, 53.261710452986236 ], [ 11.252036737146037, 53.26434338955913 ], [ 11.243707328493196, 53.265443637379221 ], [ 11.24222815994637, 53.260839967856398 ], [ 11.220655603214452, 53.26366910410529 ], [ 11.212637700546567, 53.29031801603626 ] ] ] } },
{ "type": "Feature", "properties": { "wkr": 20, "wkr_name": "Mecklenburgische Seenplatte III" }, "geometry": { "type": "Polygon", "coordinates": [ [ [ 12.910331339897979, 53.590341333062618 ], [ 12.906459241287799, 53.588577690491931 ], [ 12.910866350136191, 53.58641889308749 ], [ 12.905401004902606, 53.577458945613429 ], [ 12.901251150712197, 53.577225900020231 ], [ 12.90158324845159, 53.574914613729938 ], [ 12.894811060640235, 53.569124259743909 ], [ 12.887724766997232, 53.565965188758533 ], [ 12.890173094145371, 53.565288561806824 ], [ 12.888470060345204, 53.561746784247333 ], [ 12.88012387211773, 53.557278607016436 ], [ 12.883553910222565, 53.555429374303536 ], [ 12.87323078788399, 53.544623347629951 ], [ 12.874587999595068, 53.541614003136324 ], [ 12.886468963357839, 53.538306444160703 ], [ 12.883183086662745, 53.533377492472582 ], [ 12.880380257585371, 53.530373406810853 ], [ 12.874755607437107, 53.529158050772061 ], [ 12.871946829115965, 53.524791774787012 ], [ 12.864552211077685, 53.525544211519886 ], [ 12.859769754048724, 53.51857032888433 ], [ 12.867324620625091, 53.515691281917299 ], [ 12.896561060487155, 53.514966860605789 ], [ 12.89179709660316, 53.510449727994619 ], [ 12.887462312433151, 53.497068345476194 ], [ 12.877151849388195, 53.490386899526513 ], [ 12.885746798138294, 53.487264255140822 ], [ 12.885058223968617, 53.484856728607447 ], [ 12.889943961014394, 53.480870993174292 ], [ 12.885343529580323, 53.479190891400975 ], [ 12.891018699206359, 53.47537882168649 ], [ 12.881892553471994, 53.46778672707007 ], [ 12.88564057472113, 53.465139046953283 ], [ 12.875206535781313, 53.464087006409869 ], [ 12.876924522968867, 53.458635021626961 ], [ 12.875494460920745, 53.4453577525966 ], [ 12.885516399613216, 53.435711152457444 ], [ 12.867901923072548, 53.423535316600471 ], [ 12.867261073254069, 53.419584702362386 ], [ 12.857449562136436, 53.417097608409463 ], [ 12.85085302855577, 53.417163751803066 ], [ 12.844172357462059, 53.390264418710963 ], [ 12.85682491155651, 53.384863564951509 ], [ 12.851950600705075, 53.360531056785028 ], [ 12.849234599411851, 53.360544678076366 ], [ 12.843341365639738, 53.356656584654274 ], [ 12.841706012773244, 53.360170120430858 ], [ 12.832350953405777, 53.356682467123029 ], [ 12.832307226972418, 53.352784919598477 ], [ 12.824902606553925, 53.351115190165039 ], [ 12.822558535826062, 53.342521938628501 ], [ 12.815601674496433, 53.336170097368544 ], [ 12.810589543748073, 53.334073437756814 ], [ 12.814184166032495, 53.332201955493396 ], [ 12.814142902787014, 53.329566963894997 ], [ 12.809470076228171, 53.317270249400828 ], [ 12.809948830649505, 53.311472525635274 ], [ 12.804146816084375, 53.305557977404426 ], [ 12.801415265989236, 53.304486444032548 ], [ 12.788023336051998, 53.304774764547588 ], [ 12.767103338538666, 53.301177042188883 ], [ 12.766561262138522, 53.290371298919695 ], [ 12.764072167343825, 53.286704515637567 ], [ 12.773923949641228, 53.283106236109376 ], [ 12.777349821355386, 53.279149298819434 ], [ 12.758345218853501, 53.272919569221401 ], [ 12.755784162278207, 53.270537564284247 ], [ 12.75871224640917, 53.267453171382869 ], [ 12.754752054398729, 53.264642397225359 ], [ 12.752912990091961, 53.253585721297725 ], [ 12.763872262799232, 53.242034578038876 ], [ 12.775885442014653, 53.238235697943495 ], [ 12.789861117498926, 53.237054685071612 ], [ 12.793995223345538, 53.234879216830478 ], [ 12.80033260738003, 53.235763949429 ], [ 12.804294469576194, 53.22235544907997 ], [ 12.801344385269127, 53.211274131332644 ], [ 12.797165120707252, 53.2105928673775 ], [ 12.797146286755734, 53.209450132585722 ], [ 12.81187861773733, 53.210344023533622 ], [ 12.815169648978966, 53.208875008148453 ], [ 12.808396026310207, 53.20548646701176 ], [ 12.81480563336803, 53.199331560625211 ], [ 12.814235258070459, 53.192019347442759 ], [ 12.810357791349864, 53.194855870189471 ], [ 12.812398084516312, 53.197112862776933 ], [ 12.809957794834856, 53.197496600927423 ], [ 12.796021799038504, 53.189951316408603 ], [ 12.790166560651901, 53.190886857971059 ], [ 12.780996020921572, 53.187774694612052 ], [ 12.764158534152905, 53.1893561176473 ], [ 12.759222511853672, 53.195230735464186 ], [ 12.739647295488675, 53.200092078628842 ], [ 12.749381841660231, 53.206062681215464 ], [ 12.758054696921224, 53.220960818369726 ], [ 12.757896795318691, 53.223979835851111 ], [ 12.747148993121288, 53.225325551394455 ], [ 12.745551743156497, 53.223567345632141 ], [ 12.722573063496647, 53.22192716670525 ], [ 12.715619863518443, 53.224651321426528 ], [ 12.69693769122336, 53.226812858650128 ], [ 12.68288343506735, 53.226834643188496 ], [ 12.672752169687818, 53.22948934086422 ], [ 12.66555077044497, 53.231993189763962 ], [ 12.664458771648047, 53.234340091059444 ], [ 12.669851818636122, 53.237486893413596 ], [ 12.66618901872584, 53.238370523308738 ], [ 12.66632126425201, 53.240643808991948 ], [ 12.675392916246613, 53.247523584220424 ], [ 12.67417617705209, 53.248772117738028 ], [ 12.668185076754922, 53.248194318292249 ], [ 12.665880802387807, 53.252964922401887 ], [ 12.657694991505567, 53.254880529516917 ], [ 12.627858394224379, 53.254110527544327 ], [ 12.624328820501205, 53.252013746164501 ], [ 12.618190707573449, 53.251626783246408 ], [ 12.605703273158021, 53.244305363073707 ], [ 12.601427614246109, 53.244895293358098 ], [ 12.598753410187994, 53.248264920843006 ], [ 12.569705671505972, 53.254866628887136 ], [ 12.549593668232538, 53.261957814016981 ], [ 12.52932831017581, 53.264647342464848 ], [ 12.500698420303397, 53.262021686865076 ], [ 12.500541717502852, 53.256897473227085 ], [ 12.49739886462646, 53.254909139692479 ], [ 12.471198964366653, 53.256265807020434 ], [ 12.464284288882302, 53.255511243605277 ], [ 12.446055589862764, 53.249757065910714 ], [ 12.436017521991456, 53.257166219792964 ], [ 12.432066900687309, 53.262453301722068 ], [ 12.431962098338724, 53.271095277617604 ], [ 12.428623967916959, 53.274934563929499 ], [ 12.410373351083871, 53.279488318512499 ], [ 12.40134164299767, 53.279240397046664 ], [ 12.394541565205008, 53.282534221813421 ], [ 12.393629788843837, 53.288618919125184 ], [ 12.398092337720227, 53.29551504871867 ], [ 12.394134382230003, 53.302169842025684 ], [ 12.380749689229225, 53.302399087881241 ], [ 12.373850465113792, 53.305725289270349 ], [ 12.363380659435434, 53.306506309244782 ], [ 12.347050082737006, 53.314898043609766 ], [ 12.33192850045369, 53.317894973325885 ], [ 12.34453553703157, 53.333234818505211 ], [ 12.339159422945247, 53.341089409512804 ], [ 12.326921190908909, 53.343753357854382 ], [ 12.318654436166952, 53.35707007973447 ], [ 12.315207831414277, 53.356992237110454 ], [ 12.311803498295355, 53.352072072344654 ], [ 12.289998443886075, 53.354753027203422 ], [ 12.296368211199136, 53.35894979284474 ], [ 12.299633722034901, 53.358969150861604 ], [ 12.300142539172743, 53.362790176935491 ], [ 12.311656218040596, 53.362183112865416 ], [ 12.312064009072683, 53.365629536079446 ], [ 12.302097517888578, 53.369359603572306 ], [ 12.290642670160398, 53.370534937510101 ], [ 12.27506851761553, 53.378678273159885 ], [ 12.307474730607526, 53.393873791568218 ], [ 12.311696838323975, 53.391616046348943 ], [ 12.316344969133898, 53.391896596098775 ], [ 12.316443865222572, 53.395441113557453 ], [ 12.312715347991354, 53.396255558872994 ], [ 12.303077337583177, 53.40544288221259 ], [ 12.303244340133659, 53.413771091204055 ], [ 12.307414289908056, 53.414710241318019 ], [ 12.310168390489096, 53.413408490255478 ], [ 12.310893764808709, 53.415899465761406 ], [ 12.304799131220902, 53.418095998944409 ], [ 12.300150704220194, 53.425415310473682 ], [ 12.309351628202627, 53.431024128621978 ], [ 12.310892415066585, 53.438021871864862 ], [ 12.307701729182536, 53.447159414856706 ], [ 12.314831446258678, 53.452923668717879 ], [ 12.329273557902455, 53.452986946476472 ], [ 12.333397306331689, 53.456434008810668 ], [ 12.342887266823807, 53.459983173559557 ], [ 12.350560841959718, 53.474527783933283 ], [ 12.365677596336745, 53.479124031598282 ], [ 12.336605041423873, 53.479043337645727 ], [ 12.330919868661988, 53.477938600866366 ], [ 12.325070385288793, 53.480773933629941 ], [ 12.317358648458645, 53.492377802220595 ], [ 12.318915474431002, 53.493099547655099 ], [ 12.301424387147767, 53.498616771505354 ], [ 12.303134522373616, 53.501617883306665 ], [ 12.300385730967102, 53.50808764200594 ], [ 12.289333935917396, 53.51725969259995 ], [ 12.293094953111165, 53.520526352125238 ], [ 12.294086938816806, 53.529117899832961 ], [ 12.304231562112795, 53.553517246220544 ], [ 12.302406248062468, 53.55677198004912 ], [ 12.306263621382083, 53.562656092988831 ], [ 12.305694743407024, 53.567786185717722 ], [ 12.311350438404848, 53.568738068080059 ], [ 12.317148182916256, 53.57299732471143 ], [ 12.317340110526688, 53.575479007461034 ], [ 12.334072763688592, 53.58200790428203 ], [ 12.339211392972944, 53.585851236127638 ], [ 12.336487540584445, 53.590791203897837 ], [ 12.34897969956358, 53.59361790025504 ], [ 12.35424215069429, 53.585729641591485 ], [ 12.374820146583287, 53.585319317108002 ], [ 12.371113041246552, 53.576792411477811 ], [ 12.388616064957994, 53.575300854088894 ], [ 12.392311433416753, 53.571667320038614 ], [ 12.391450365851901, 53.56876071996723 ], [ 12.398646324724501, 53.567366850955729 ], [ 12.402131779629414, 53.572605535472576 ], [ 12.410810216082627, 53.575374202930327 ], [ 12.416254765327551, 53.584046257739914 ], [ 12.398595083660881, 53.602861885888721 ], [ 12.403702293473435, 53.603016876626846 ], [ 12.405104900382604, 53.604156386932381 ], [ 12.403139602526254, 53.607090873091096 ], [ 12.411894597415612, 53.610923055454712 ], [ 12.407219722571385, 53.625264972913278 ], [ 12.412564006420682, 53.625942877265651 ], [ 12.41026122224007, 53.635138150570739 ], [ 12.408089223562092, 53.636350712205044 ], [ 12.416684398459841, 53.646792113259757 ], [ 12.406899369199927, 53.651686712871104 ], [ 12.396292300524619, 53.665885543731022 ], [ 12.433439843012057, 53.672965720502241 ], [ 12.439204903090427, 53.666665973473151 ], [ 12.443088632423299, 53.667177611974878 ], [ 12.452469300730796, 53.663207645060311 ], [ 12.450328336400625, 53.662421753649461 ], [ 12.456728567342502, 53.660447564918513 ], [ 12.459785067814337, 53.659973848672898 ], [ 12.462439343657966, 53.66258068003188 ], [ 12.46802331331069, 53.662504770315238 ], [ 12.466318566614992, 53.66663383046464 ], [ 12.44695566527211, 53.676789317075283 ], [ 12.450645928414792, 53.678851170582533 ], [ 12.45350885179071, 53.675937168655331 ], [ 12.459894158511997, 53.680344229692906 ], [ 12.458919583071449, 53.68657627640755 ], [ 12.461632461242584, 53.689088543185399 ], [ 12.457805851676479, 53.693257694704755 ], [ 12.472985766722314, 53.698574805205681 ], [ 12.472359464662066, 53.693182444653793 ], [ 12.466149541971266, 53.688089841266859 ], [ 12.468201036034129, 53.683307261740538 ], [ 12.487167741433117, 53.690097424504891 ], [ 12.502089680296036, 53.678000374451628 ], [ 12.497589062492791, 53.674340307324819 ], [ 12.501841949600022, 53.669042628578879 ], [ 12.49838638243812, 53.66767524958059 ], [ 12.502386101969593, 53.664641367079838 ], [ 12.503594494082028, 53.65841909522311 ], [ 12.510916708776319, 53.653857362384535 ], [ 12.522161528561435, 53.654313163245099 ], [ 12.531234953304267, 53.657878231259943 ], [ 12.557544211051569, 53.659883759089581 ], [ 12.564188153038772, 53.653192595622031 ], [ 12.592895132224472, 53.652728467247584 ], [ 12.600063615373491, 53.647968729308197 ], [ 12.605551321500011, 53.647330649823935 ], [ 12.605142602955569, 53.645238389879253 ], [ 12.611155550955047, 53.642809579922627 ], [ 12.621907187695836, 53.642694302372135 ], [ 12.626176350088111, 53.640839707558534 ], [ 12.642614610028808, 53.653814827704082 ], [ 12.647028452082179, 53.655298174638119 ], [ 12.656628937992879, 53.65322674962821 ], [ 12.66632502546098, 53.653039892075512 ], [ 12.67547957906139, 53.657241843091924 ], [ 12.685816921491044, 53.657364565797856 ], [ 12.686317829933316, 53.660330811548498 ], [ 12.702971398505872, 53.665449470754332 ], [ 12.732300053807503, 53.661360314390414 ], [ 12.728701897411391, 53.649983205454916 ], [ 12.717648947244504, 53.639583815239646 ], [ 12.731660031056501, 53.634064717135885 ], [ 12.717454872177829, 53.625788884025134 ], [ 12.718911531799492, 53.618178461765211 ], [ 12.729982559565343, 53.617309012982169 ], [ 12.757022660272268, 53.611769381750285 ], [ 12.763879256203371, 53.614685191548155 ], [ 12.796903121601479, 53.611030973527818 ], [ 12.797512273148204, 53.592827329322155 ], [ 12.814224191571588, 53.589141033588696 ], [ 12.817641181330437, 53.58529091279393 ], [ 12.835395225936182, 53.589839981038757 ], [ 12.83491132345047, 53.593701521978105 ], [ 12.831635551256866, 53.592864293346892 ], [ 12.826836201946834, 53.596682295404662 ], [ 12.839386047072134, 53.602734707710589 ], [ 12.840426534024207, 53.605387313353702 ], [ 12.84546283942014, 53.605523852011842 ], [ 12.849204445438254, 53.603884544968111 ], [ 12.85447146843428, 53.597443464851864 ], [ 12.906587503435805, 53.601362137260779 ], [ 12.905733973230273, 53.598520209517815 ], [ 12.902648028118083, 53.598334494774889 ], [ 12.910331339897979, 53.590341333062618 ] ] ] } },
{ "type": "Feature", "properties": { "wkr": 21, "wkr_name": "Mecklenburgische Seenplatte IV" }, "geometry": { "type": "Polygon", "coordinates": [ [ [ 13.180687659445464, 53.465022551736212 ], [ 13.188755572149864, 53.448058176823196 ], [ 13.186279635478023, 53.443156493490136 ], [ 13.188800431775144, 53.440218071526509 ], [ 13.193724252211856, 53.441608246595983 ], [ 13.198155125414909, 53.438759028705235 ], [ 13.194353672149164, 53.438071619591653 ], [ 13.195313351415063, 53.435798762719024 ], [ 13.190740994112648, 53.435154919900704 ], [ 13.191044963242353, 53.432527693021207 ], [ 13.194425038329294, 53.431891784447856 ], [ 13.202129644673855, 53.43167001736915 ], [ 13.202456086428374, 53.43453272118213 ], [ 13.207717203244334, 53.432494423005046 ], [ 13.209421700769726, 53.43526706056582 ], [ 13.226516110358153, 53.434321338620734 ], [ 13.2322818627615, 53.449910644040116 ], [ 13.238450084991801, 53.449374061685162 ], [ 13.237550406264114, 53.448046075616922 ], [ 13.249035806954206, 53.443807854610583 ], [ 13.24868140647585, 53.438368362435838 ], [ 13.255630337762339, 53.437664259345055 ], [ 13.252981079669135, 53.434137886185354 ], [ 13.264290023680067, 53.434074700202181 ], [ 13.265478283681379, 53.437752823023793 ], [ 13.273915140288592, 53.440049732226683 ], [ 13.286259098549682, 53.423635363203168 ], [ 13.296332329440151, 53.425722433433755 ], [ 13.300546758060202, 53.430475639539694 ], [ 13.304673378662081, 53.430305306099143 ], [ 13.312583779844642, 53.436251147814943 ], [ 13.317648418869746, 53.437408616336072 ], [ 13.318684494637697, 53.434620484656726 ], [ 13.335469871327241, 53.429247959143922 ], [ 13.340180596369915, 53.431315520467777 ], [ 13.346538646210053, 53.430488729876089 ], [ 13.364235550931358, 53.436054573892214 ], [ 13.376667595663392, 53.436739058079056 ], [ 13.400434169828747, 53.424602829386217 ], [ 13.406028110841422, 53.425192664635894 ], [ 13.408233716957488, 53.424018051636878 ], [ 13.404001910751841, 53.421639359042743 ], [ 13.403190096289968, 53.416384621898501 ], [ 13.421835863843395, 53.402353222558332 ], [ 13.442529003924028, 53.407548342472936 ], [ 13.454552685116083, 53.409324510852599 ], [ 13.464496426658245, 53.40893820038233 ], [ 13.476631692232093, 53.411584361021184 ], [ 13.477755553318099, 53.408419542710028 ], [ 13.482716634251041, 53.410545697808807 ], [ 13.485222779650721, 53.409305132822467 ], [ 13.4844030240002, 53.407557203402511 ], [ 13.514096883728255, 53.406529275240317 ], [ 13.526829539373633, 53.402479782523471 ], [ 13.529671701306242, 53.401160094971679 ], [ 13.524703801293095, 53.392069258551068 ], [ 13.535082053117987, 53.387663172941579 ], [ 13.546582025152665, 53.389488035361836 ], [ 13.555455877528304, 53.387842226883997 ], [ 13.554055784894269, 53.382733188027743 ], [ 13.549917645199367, 53.381330576329653 ], [ 13.551280683437861, 53.379902989110164 ], [ 13.556554367357057, 53.379784728839638 ], [ 13.556752860706663, 53.377207756920527 ], [ 13.546830816688798, 53.37098653369344 ], [ 13.543049869790279, 53.364133999703157 ], [ 13.534224387038936, 53.364356268393692 ], [ 13.525954839147266, 53.367067670937097 ], [ 13.516805407523039, 53.352242078269676 ], [ 13.525330885736548, 53.350816688812387 ], [ 13.523895506556016, 53.342588532728513 ], [ 13.519831578993795, 53.339773507694261 ], [ 13.523246979925332, 53.334665722872877 ], [ 13.521230969193176, 53.333244815325884 ], [ 13.523078231499387, 53.319579695528681 ], [ 13.510938323035855, 53.318125300444919 ], [ 13.504900504762567, 53.326978098099495 ], [ 13.501709345753962, 53.326784581614987 ], [ 13.506356999031095, 53.315963794142036 ], [ 13.496951804588322, 53.306507526463562 ], [ 13.497709573884043, 53.302393278686147 ], [ 13.484004593813331, 53.291571599366726 ], [ 13.46091796017472, 53.288923143895502 ], [ 13.456343811037303, 53.297746067788765 ], [ 13.437029446765495, 53.299146656887729 ], [ 13.435093831928413, 53.294760801302978 ], [ 13.43837156625125, 53.291474423014463 ], [ 13.43388725927456, 53.28978374983717 ], [ 13.442089093072184, 53.28704094474309 ], [ 13.434342226330349, 53.282591572776447 ], [ 13.431784552497968, 53.284119302186468 ], [ 13.427628595651646, 53.281272995949287 ], [ 13.426457887075481, 53.276202808641564 ], [ 13.420523105693359, 53.269392770099969 ], [ 13.412515101051106, 53.26306583324012 ], [ 13.408333459264304, 53.262502217132571 ], [ 13.408835775290147, 53.258091765290949 ], [ 13.403748644482683, 53.249119482425314 ], [ 13.405917423868388, 53.248388324946085 ], [ 13.40506644685626, 53.246509137788379 ], [ 13.397596480250197, 53.245979008111128 ], [ 13.393436964303465, 53.243282202088999 ], [ 13.387636915204093, 53.243413000360576 ], [ 13.385592072591043, 53.250836733047223 ], [ 13.382797541663736, 53.250390064916843 ], [ 13.370720140822431, 53.261990401543997 ], [ 13.369990603333539, 53.268346032246555 ], [ 13.3609433091334, 53.277936944593094 ], [ 13.344612725648098, 53.27741963660641 ], [ 13.340353931831983, 53.276258110491518 ], [ 13.341029477257356, 53.273592832077824 ], [ 13.337386006426197, 53.273459591141631 ], [ 13.298594818457051, 53.280862205601679 ], [ 13.288700662316966, 53.275132425301173 ], [ 13.284915728431834, 53.275602130853528 ], [ 13.276044978040757, 53.265537026957034 ], [ 13.254074383822628, 53.261349290578465 ], [ 13.253300271361612, 53.259154362641866 ], [ 13.248487240282937, 53.256690362128118 ], [ 13.243946908736598, 53.24865198477783 ], [ 13.244975020003231, 53.24701197831228 ], [ 13.248272010796738, 53.248081101340787 ], [ 13.250885152224608, 53.246774997616022 ], [ 13.246037025845398, 53.243904461743412 ], [ 13.247968903616878, 53.24263424806054 ], [ 13.239992495338438, 53.237697528807587 ], [ 13.242710246606848, 53.237386340012051 ], [ 13.241145771875578, 53.231780747560435 ], [ 13.236974476768628, 53.227424842917799 ], [ 13.238595121823863, 53.225635204426105 ], [ 13.229578513398891, 53.21654293805701 ], [ 13.213101617442234, 53.22097453781344 ], [ 13.205695808391141, 53.220501608155054 ], [ 13.190660026693863, 53.235185620613493 ], [ 13.190977247849268, 53.239583303887933 ], [ 13.183438041140665, 53.249749207115727 ], [ 13.179987724889413, 53.250713200449312 ], [ 13.178636808659384, 53.247722643334157 ], [ 13.174220191681123, 53.246794773888197 ], [ 13.171853156574668, 53.249451656373417 ], [ 13.163767785647197, 53.249841378439704 ], [ 13.151977899457304, 53.246385265141129 ], [ 13.152031566481698, 53.251098998965439 ], [ 13.138249254464501, 53.245160338718186 ], [ 13.133605919950524, 53.23726451363968 ], [ 13.128708676393098, 53.236850097060135 ], [ 13.127764601054848, 53.239128969857688 ], [ 13.11747855689511, 53.241112837917285 ], [ 13.115084603339861, 53.239507392712888 ], [ 13.111619711145959, 53.240014993410441 ], [ 13.104453565424411, 53.236033118333381 ], [ 13.108015407791683, 53.22541659773642 ], [ 13.105249521005121, 53.220177352305704 ], [ 13.106751523738131, 53.215156793130355 ], [ 13.097365889209451, 53.212900893312622 ], [ 13.094084646255755, 53.217078523294703 ], [ 13.087343802317976, 53.215498419898601 ], [ 13.088091237218636, 53.213490458000109 ], [ 13.084379864864575, 53.212504407506167 ], [ 13.086062944542373, 53.211031100090061 ], [ 13.085098486482542, 53.209746014948607 ], [ 13.082532355107162, 53.210208421809554 ], [ 13.078518239090513, 53.204394503707753 ], [ 13.080670689068132, 53.201667525935221 ], [ 13.07939375831487, 53.200208714351682 ], [ 13.071988924444986, 53.200244487771883 ], [ 13.068971955326502, 53.203568514644147 ], [ 13.062858153471719, 53.200372088352893 ], [ 13.055320795922533, 53.200281787237536 ], [ 13.042997601287496, 53.196714623962073 ], [ 13.030330040074068, 53.189219849710106 ], [ 13.028417809990868, 53.185817464042323 ], [ 13.019047255478005, 53.185162069798288 ], [ 13.019910474024499, 53.175768632680331 ], [ 13.012299093620824, 53.171918953471248 ], [ 13.00986796768122, 53.172807835496492 ], [ 13.005556050767966, 53.169894077736316 ], [ 13.006858851360219, 53.167812326693529 ], [ 13.001898284508487, 53.166952621037723 ], [ 13.001919330214813, 53.168754524396462 ], [ 12.991664329031597, 53.168545503900376 ], [ 12.984528746539187, 53.166752521947387 ], [ 12.984755884384917, 53.164992220168685 ], [ 12.979804545144733, 53.162522599646444 ], [ 12.967253809439187, 53.167638974785497 ], [ 12.963773184066479, 53.176736492650072 ], [ 12.961014970039166, 53.177592023529435 ], [ 12.944639834960341, 53.172293135437137 ], [ 12.942290336829441, 53.174355504557582 ], [ 12.947492613521677, 53.1783577988922 ], [ 12.956575510411385, 53.179664976727253 ], [ 12.965220644454513, 53.186125141323146 ], [ 12.97985617009636, 53.191052979877554 ], [ 12.976778927706333, 53.193918700707314 ], [ 12.976719298561232, 53.197561393301903 ], [ 12.964951564920675, 53.20003633881241 ], [ 12.947847595765445, 53.198930748121747 ], [ 12.942926583950449, 53.195556008520477 ], [ 12.93726254606714, 53.194109814084555 ], [ 12.944021321008384, 53.19067426015706 ], [ 12.943456020843488, 53.185915302492681 ], [ 12.933082112506318, 53.188006986000843 ], [ 12.919675441578534, 53.186461883580854 ], [ 12.919555110024838, 53.188306969214025 ], [ 12.927532972385391, 53.190076116919073 ], [ 12.930489085224657, 53.193545814334186 ], [ 12.92416268573225, 53.19583078538021 ], [ 12.918706127555325, 53.194510771983452 ], [ 12.913483039973931, 53.195241164547646 ], [ 12.909346853698278, 53.193453465558434 ], [ 12.904750704026993, 53.194015073025199 ], [ 12.902483908661173, 53.190418700557295 ], [ 12.890457282154941, 53.187567073005525 ], [ 12.888508317690645, 53.181704742796853 ], [ 12.879226823600646, 53.179308040019173 ], [ 12.867555039178466, 53.18683292713731 ], [ 12.860254691513001, 53.187409925078356 ], [ 12.857335410341243, 53.18901387225155 ], [ 12.848081421610846, 53.200647810130015 ], [ 12.845229568298182, 53.20103348557361 ], [ 12.830874330085269, 53.195888554944851 ], [ 12.824044837275034, 53.196639529139638 ], [ 12.821336585354848, 53.19371245847254 ], [ 12.819027331356168, 53.195551985991912 ], [ 12.814944314578725, 53.194300791467022 ], [ 12.814805832433374, 53.199358520689948 ], [ 12.808396221268884, 53.205513427019966 ], [ 12.8151698481464, 53.208901968175084 ], [ 12.811878814818241, 53.21037098353834 ], [ 12.797146474595724, 53.209477092522548 ], [ 12.797165308543473, 53.21061982730965 ], [ 12.801344575721041, 53.211301091282436 ], [ 12.804294661731458, 53.22238240899793 ], [ 12.800332796863575, 53.235790909271685 ], [ 12.793995408857153, 53.234906176645673 ], [ 12.789861300381563, 53.23708164485722 ], [ 12.775885616094152, 53.238262657653756 ], [ 12.763872429270954, 53.242061537671631 ], [ 12.752913149502824, 53.253612680824936 ], [ 12.754752214804624, 53.26466935671629 ], [ 12.758712409266417, 53.267480130882817 ], [ 12.755784323247477, 53.270564523756015 ], [ 12.758345381400156, 53.27294652869665 ], [ 12.777349995777712, 53.279176258366732 ], [ 12.773924121850211, 53.283133195622852 ], [ 12.764072333296745, 53.286731475085318 ], [ 12.766561429606437, 53.290398258365052 ], [ 12.767103506192834, 53.301204001592069 ], [ 12.788023516839157, 53.304801724041823 ], [ 12.801415455220486, 53.304513403593944 ], [ 12.804147007022641, 53.305584936974668 ], [ 12.809949025165382, 53.31149948520887 ], [ 12.809470270364567, 53.31729720894792 ], [ 12.81414309970631, 53.329593923413171 ], [ 12.814184362942816, 53.33222891500079 ], [ 12.810589738365623, 53.33410039723924 ], [ 12.815601872248402, 53.336197056866148 ], [ 12.82255873788432, 53.342548898132456 ], [ 12.824902809979406, 53.351142149644119 ], [ 12.832307435050962, 53.352811879104998 ], [ 12.832351161461728, 53.356709426613456 ], [ 12.841706226692091, 53.36019707994955 ], [ 12.843341580635691, 53.356683544195 ], [ 12.849234818080399, 53.360571637627316 ], [ 12.851950821089, 53.360558016348158 ], [ 12.85683265018781, 53.384890502197479 ], [ 12.844180088963942, 53.390291356684436 ], [ 12.850875592016806, 53.417163686388797 ], [ 12.857472125586828, 53.417097541747914 ], [ 12.867283638057556, 53.419584633859174 ], [ 12.867924489971262, 53.423535247996789 ], [ 12.885538973027915, 53.435711080586977 ], [ 12.875517039416522, 53.44535768267118 ], [ 12.876947108516536, 53.458634951500137 ], [ 12.875229124218109, 53.464086936636406 ], [ 12.884341059499004, 53.46463172990984 ], [ 12.88797058244846, 53.467176121358406 ], [ 12.897769388371715, 53.464683188252934 ], [ 12.90492279742038, 53.457252498783788 ], [ 12.940687513824555, 53.45100507452532 ], [ 12.945049642613604, 53.457630146400376 ], [ 12.941337484305551, 53.462436558429587 ], [ 12.954026809681093, 53.46289434047906 ], [ 12.955521465069708, 53.465235475498019 ], [ 12.965761025133245, 53.465348409545733 ], [ 12.974106522771107, 53.462804148658918 ], [ 12.977103194132184, 53.465772410052217 ], [ 13.012778209784619, 53.46659053634275 ], [ 13.024420854893132, 53.464305616353684 ], [ 13.027353358387995, 53.466723241400558 ], [ 13.036794386260189, 53.464123604837525 ], [ 13.041711029170552, 53.467618476791493 ], [ 13.056214037930992, 53.469341095257946 ], [ 13.066380886155045, 53.466974161403066 ], [ 13.067282016044999, 53.465393602825834 ], [ 13.072912493239491, 53.469501655893296 ], [ 13.086462556717612, 53.473961616655103 ], [ 13.095331885084404, 53.467607943268668 ], [ 13.099937586058992, 53.467735839359868 ], [ 13.10088179617914, 53.469348646018652 ], [ 13.098262402190109, 53.47012589581513 ], [ 13.101700543460518, 53.474710532267338 ], [ 13.106941092061653, 53.473783334815018 ], [ 13.114064196697901, 53.47803609774467 ], [ 13.116322358443256, 53.47783218578035 ], [ 13.116172018486994, 53.472510160591618 ], [ 13.124075550072337, 53.469488479639004 ], [ 13.124590748469023, 53.475160423901023 ], [ 13.120850544459733, 53.478332103084171 ], [ 13.124963089614059, 53.479857397760284 ], [ 13.133179685557796, 53.473976527947414 ], [ 13.132744850970939, 53.468650198584228 ], [ 13.140170405148455, 53.461097095728462 ], [ 13.135394739076219, 53.457640546156973 ], [ 13.141513475252109, 53.454481768031449 ], [ 13.141783680566718, 53.449904605191385 ], [ 13.161707071862384, 53.444152106090996 ], [ 13.171822630546654, 53.445222643629698 ], [ 13.177651013906811, 53.450058885881511 ], [ 13.178751115017967, 53.453509896824222 ], [ 13.176608908874046, 53.456452195758629 ], [ 13.178587532458574, 53.459515636693489 ], [ 13.174396232235289, 53.461224798592902 ], [ 13.176806509210024, 53.464062625701459 ], [ 13.180687659445464, 53.465022551736212 ] ] ] } },
{ "type": "Feature", "properties": { "wkr": 22, "wkr_name": "Mecklenburgische Seenplatte V" }, "geometry": { "type": "MultiPolygon", "coordinates": [ [ [ [ 13.212735636400478, 53.620677244028116 ], [ 13.228111499469938, 53.616152656655196 ], [ 13.248957890278486, 53.617132422929267 ], [ 13.246388420567168, 53.61043711553949 ], [ 13.250437155826694, 53.609208235022528 ], [ 13.249171401583208, 53.603892183039889 ], [ 13.242106527997093, 53.603425571067532 ], [ 13.241434103757266, 53.60138591178508 ], [ 13.236240375757747, 53.599021453808618 ], [ 13.237361560102311, 53.597289766292889 ], [ 13.229666283227413, 53.595205262097927 ], [ 13.232501564526254, 53.594047179546116 ], [ 13.231562829306185, 53.588940995411185 ], [ 13.224704969850512, 53.58740596244207 ], [ 13.224255061576082, 53.588888348448492 ], [ 13.220895439619509, 53.588723998149455 ], [ 13.220867303171737, 53.583092265066618 ], [ 13.215781676223534, 53.583158128308206 ], [ 13.205162014009055, 53.576131490058685 ], [ 13.195349510679936, 53.576668015889695 ], [ 13.180713175584833, 53.565977651735189 ], [ 13.190251435399764, 53.55645200056221 ], [ 13.2054158598282, 53.554501157744035 ], [ 13.206405622290461, 53.556232839799669 ], [ 13.211641215040483, 53.557341706456498 ], [ 13.210589255252371, 53.552690171273134 ], [ 13.217357801606967, 53.544837930768132 ], [ 13.212966678722836, 53.544086709332348 ], [ 13.221737522958229, 53.536608025882117 ], [ 13.221320174101725, 53.530478835055128 ], [ 13.216694180163783, 53.528637132145967 ], [ 13.212594946316836, 53.523369611524039 ], [ 13.205734924040513, 53.51913635860766 ], [ 13.207326040871534, 53.513964799865143 ], [ 13.202516350711575, 53.509657983066518 ], [ 13.185667741336436, 53.499563297748544 ], [ 13.183849978038403, 53.49644294374518 ], [ 13.185320106193611, 53.493882164163288 ], [ 13.176711647038235, 53.493710517323116 ], [ 13.172800095627764, 53.490895478353146 ], [ 13.163308452938697, 53.488573907043943 ], [ 13.157813239325444, 53.479257546128039 ], [ 13.161569907902788, 53.477077173392196 ], [ 13.161376746457778, 53.473783558393656 ], [ 13.159158423287973, 53.468323280259511 ], [ 13.15428370127507, 53.465689305568077 ], [ 13.140162875965732, 53.461097135694686 ], [ 13.132722259424051, 53.468650317042325 ], [ 13.13315709118007, 53.473976646463342 ], [ 13.124940492125358, 53.479857514694949 ], [ 13.120827947789442, 53.47833221924791 ], [ 13.124568153477595, 53.475160540786931 ], [ 13.124052958095749, 53.469488596453488 ], [ 13.116149424919632, 53.472510275897235 ], [ 13.11629976204719, 53.477832301089776 ], [ 13.114041600197707, 53.478036212626051 ], [ 13.106918497835512, 53.473783448368707 ], [ 13.101677948751945, 53.474710644825436 ], [ 13.098239609060089, 53.470130499625071 ], [ 13.100859204321328, 53.469348758446728 ], [ 13.099914995059851, 53.467735951616895 ], [ 13.095309294162504, 53.467608054655216 ], [ 13.086439962438185, 53.473961726334281 ], [ 13.072889901358904, 53.469501763030415 ], [ 13.067259426359124, 53.465393708917446 ], [ 13.066358295631638, 53.466974267316772 ], [ 13.056191446173241, 53.469341199237348 ], [ 13.041688438362101, 53.467618578035953 ], [ 13.036771797320041, 53.464123705168909 ], [ 13.027330768090357, 53.466723339933694 ], [ 13.024398265887005, 53.464305714343944 ], [ 13.012755619594691, 53.466590632119754 ], [ 12.977080604474089, 53.465772499085645 ], [ 12.974083934698101, 53.46280423714019 ], [ 12.965738435733135, 53.465348496435944 ], [ 12.955498875759915, 53.465235560452136 ], [ 12.954004221619229, 53.462894425162212 ], [ 12.941314896525538, 53.462436640715062 ], [ 12.945027057374345, 53.457630229412153 ], [ 12.940664932115427, 53.451005156745566 ], [ 12.904900212510377, 53.457252574208574 ], [ 12.897746799539913, 53.464683262286556 ], [ 12.887947992326078, 53.467176193525809 ], [ 12.88564057472113, 53.465139046953283 ], [ 12.881892553471989, 53.467786727070099 ], [ 12.891018699206359, 53.47537882168649 ], [ 12.88534352958033, 53.479190891400975 ], [ 12.889943961014406, 53.480870993174307 ], [ 12.885058223968613, 53.484856728607475 ], [ 12.885746798138301, 53.487264255140857 ], [ 12.877151849388186, 53.490386899526513 ], [ 12.887462312433179, 53.497068345476201 ], [ 12.891797096603179, 53.510449727994626 ], [ 12.896561060487162, 53.514966860605789 ], [ 12.867324620625066, 53.515691281917327 ], [ 12.859769754048735, 53.51857032888433 ], [ 12.86454100961666, 53.525540281191418 ], [ 12.871946829115977, 53.524791774787026 ], [ 12.8747556074371, 53.529158050772061 ], [ 12.880380257585374, 53.530373406810853 ], [ 12.883183086662761, 53.533377492472582 ], [ 12.886468963357814, 53.538306444160703 ], [ 12.874587999595077, 53.541614003136324 ], [ 12.87323078788399, 53.544623347629972 ], [ 12.883553910222572, 53.555429374303536 ], [ 12.880123872117746, 53.557278607016464 ], [ 12.888470060345217, 53.561746784247347 ], [ 12.890173094145362, 53.565288561806824 ], [ 12.887724766997227, 53.565965188758554 ], [ 12.894811060640226, 53.569124259743937 ], [ 12.901583248451594, 53.574914613729966 ], [ 12.901251150712211, 53.577225900020267 ], [ 12.905401004902611, 53.577458945613429 ], [ 12.910866350136198, 53.58641889308749 ], [ 12.906459241287788, 53.588577690491945 ], [ 12.90948434040388, 53.589022369217012 ], [ 12.912163087606192, 53.595311862449705 ], [ 12.915184246558796, 53.596174803420986 ], [ 12.922647870702839, 53.595015608215832 ], [ 12.93132227921858, 53.590937171951644 ], [ 12.944286980957218, 53.589459859745908 ], [ 12.958671294175609, 53.591025015170331 ], [ 12.964622953815491, 53.579126158585581 ], [ 12.97580177224433, 53.572687314997658 ], [ 12.976796127597874, 53.568063408598491 ], [ 12.978847868205724, 53.570900411792074 ], [ 12.995334778099998, 53.569032013188064 ], [ 13.000434885247371, 53.571183220641196 ], [ 13.006125749195267, 53.564248903814253 ], [ 13.015740492728677, 53.566338943603029 ], [ 13.021162515918315, 53.563727637614853 ], [ 13.03330019870223, 53.568078681699284 ], [ 13.051642937283967, 53.560447969969815 ], [ 13.068261572250371, 53.557843718131764 ], [ 13.069996619125918, 53.546211430672109 ], [ 13.073945691686403, 53.5449180780262 ], [ 13.076179019581927, 53.551821258614844 ], [ 13.086251585097454, 53.554461629945173 ], [ 13.089017359612544, 53.552868939809976 ], [ 13.088903713681635, 53.561049069516152 ], [ 13.093869117683232, 53.564085305372494 ], [ 13.095274378507165, 53.568580631046132 ], [ 13.098591401741967, 53.56935152295916 ], [ 13.091382206220192, 53.574506541809249 ], [ 13.094177924892515, 53.577082260750188 ], [ 13.106764394498933, 53.579525799734839 ], [ 13.111031252377995, 53.582247211314296 ], [ 13.130685201110854, 53.585602658260541 ], [ 13.134493575250334, 53.587227582569952 ], [ 13.138163824772771, 53.594550967668361 ], [ 13.149265503828522, 53.59642064892067 ], [ 13.151754353267467, 53.594355355621502 ], [ 13.16148297134875, 53.596336207300538 ], [ 13.164394145543554, 53.60025193026086 ], [ 13.172116454977928, 53.603901622623937 ], [ 13.181373680976053, 53.603634708586753 ], [ 13.194278696024957, 53.600915640530374 ], [ 13.199731769114184, 53.604189528910219 ], [ 13.200805642896755, 53.60841509540797 ], [ 13.205053370169573, 53.607935779127693 ], [ 13.212735636400478, 53.620677244028116 ] ] ], [ [ [ 13.438597974569094, 53.749284934262526 ], [ 13.445457880262619, 53.74811475213982 ], [ 13.445971466764648, 53.750310681007228 ], [ 13.466359248940336, 53.74847317191562 ], [ 13.470920134019531, 53.746615639218938 ], [ 13.503597084561861, 53.742732757079906 ], [ 13.518242625271833, 53.734467891259477 ], [ 13.51597021164681, 53.733235830669443 ], [ 13.525490413095499, 53.726446338401779 ], [ 13.526524858297496, 53.722373490888167 ], [ 13.523740107267756, 53.721394272617189 ], [ 13.523204579623474, 53.715967939168117 ], [ 13.531552648917547, 53.706767154161128 ], [ 13.544956119806193, 53.697269204670327 ], [ 13.554902489779417, 53.694715849578827 ], [ 13.597077462783174, 53.700471309592338 ], [ 13.642774872191163, 53.703982889573631 ], [ 13.646435579419686, 53.700087815714575 ], [ 13.657185852957612, 53.698069396155375 ], [ 13.679603288078747, 53.696843655236123 ], [ 13.709934052807627, 53.698990768048027 ], [ 13.72570383972154, 53.696067167008941 ], [ 13.745756043587791, 53.688981350685737 ], [ 13.746165672471054, 53.687192821116042 ], [ 13.751438404070592, 53.690236347967399 ], [ 13.755514035352343, 53.689294715614551 ], [ 13.753411416210875, 53.686790510883974 ], [ 13.7598460589365, 53.685335170503627 ], [ 13.795315340207962, 53.685387102954046 ], [ 13.792495265262016, 53.678852683058295 ], [ 13.764747988458534, 53.679243803690788 ], [ 13.750723602849973, 53.672212812217204 ], [ 13.723787703102243, 53.66820455979871 ], [ 13.694552862694605, 53.650755026593629 ], [ 13.719518847423375, 53.640264818796389 ], [ 13.734158778741206, 53.637159572293044 ], [ 13.735932214905054, 53.629064800011889 ], [ 13.730197403350271, 53.6256262546041 ], [ 13.739099226617828, 53.625338137576172 ], [ 13.744832220213652, 53.627088440624419 ], [ 13.762196502585944, 53.62127600794004 ], [ 13.765905661126101, 53.616651359948044 ], [ 13.760342267501745, 53.614807469750119 ], [ 13.75449920711285, 53.614974418107408 ], [ 13.75717646853189, 53.612060288636393 ], [ 13.753776967001253, 53.610286896032058 ], [ 13.744463308800432, 53.610985559071366 ], [ 13.73498422477458, 53.60368844952518 ], [ 13.718570980450492, 53.59954527036507 ], [ 13.707390058111706, 53.592231257039359 ], [ 13.699233364610388, 53.591779474228268 ], [ 13.709692099236324, 53.584823725382329 ], [ 13.708962781725191, 53.576147621857373 ], [ 13.72569220261879, 53.572286802771295 ], [ 13.71818648805673, 53.56111854839132 ], [ 13.72163913050697, 53.557767446969493 ], [ 13.724157537137138, 53.543182783964561 ], [ 13.721515509246275, 53.541142931810676 ], [ 13.716670035851772, 53.542027787828971 ], [ 13.713319913331752, 53.540962486490905 ], [ 13.705991833877317, 53.536130618047494 ], [ 13.69847214377462, 53.537858823537199 ], [ 13.679013323817243, 53.535492412109591 ], [ 13.678554823158459, 53.531701904916453 ], [ 13.68312650491862, 53.523843185711677 ], [ 13.671814089026197, 53.516494221238048 ], [ 13.669313443720181, 53.510470423275954 ], [ 13.670112464984797, 53.509211773921081 ], [ 13.689370023380654, 53.508804752241005 ], [ 13.695592814030524, 53.506812933181372 ], [ 13.693579032510719, 53.498505820981428 ], [ 13.687809247978278, 53.491365241192376 ], [ 13.709718216441271, 53.478765623429958 ], [ 13.702435199791065, 53.473255100664552 ], [ 13.678339014478599, 53.464324118144972 ], [ 13.673165395848287, 53.460100511181153 ], [ 13.663110154726253, 53.458083363866685 ], [ 13.654249942594584, 53.45084086678083 ], [ 13.655550174771149, 53.448589222146872 ], [ 13.650980570035122, 53.443536124625069 ], [ 13.64050923308556, 53.447085305696461 ], [ 13.633934911974789, 53.440032438110535 ], [ 13.639041135167485, 53.438004419501155 ], [ 13.636208070147617, 53.433190605662908 ], [ 13.629410104515582, 53.431566602055085 ], [ 13.636100891072161, 53.424535036680119 ], [ 13.62627080572874, 53.410249601043922 ], [ 13.622052888535054, 53.408601218628696 ], [ 13.617262440465204, 53.413120063574958 ], [ 13.608918266303114, 53.413345731720767 ], [ 13.592208031896298, 53.407925079237081 ], [ 13.589255811048986, 53.409551797890771 ], [ 13.572320151383337, 53.407883689398815 ], [ 13.569131549498241, 53.402997255302807 ], [ 13.560952557453486, 53.399842752229276 ], [ 13.558156664991522, 53.400820108921053 ], [ 13.550110460789323, 53.398935574209467 ], [ 13.546108806600758, 53.394568232394505 ], [ 13.547482520366108, 53.39277868082452 ], [ 13.556369371337194, 53.391388627896085 ], [ 13.555455877528329, 53.387842226883997 ], [ 13.546604574894324, 53.389487838344962 ], [ 13.535104601906649, 53.387662978090852 ], [ 13.524726352421037, 53.392069065677106 ], [ 13.529694257237798, 53.401159901192095 ], [ 13.526852096006051, 53.402479589285726 ], [ 13.514119442514742, 53.406529084423497 ], [ 13.484425583352609, 53.407557018200897 ], [ 13.485245339927776, 53.409304947472492 ], [ 13.482739195186364, 53.410545512937119 ], [ 13.477778113130999, 53.408419358767901 ], [ 13.47665425372092, 53.411584177303361 ], [ 13.464518986752861, 53.4089380189479 ], [ 13.454575245419806, 53.409324331298869 ], [ 13.4425515632923, 53.407548165184679 ], [ 13.421858420468173, 53.402353049160503 ], [ 13.403212660344641, 53.416384452079441 ], [ 13.404024477589545, 53.421639189090818 ], [ 13.408256285054929, 53.424017880894446 ], [ 13.406050679561426, 53.425192494314956 ], [ 13.400456738236695, 53.424602660120414 ], [ 13.376667595663378, 53.436739058079077 ], [ 13.364235550931339, 53.436054573892207 ], [ 13.346538646210055, 53.430488729876132 ], [ 13.340180596369899, 53.431315520467798 ], [ 13.335469871327277, 53.429247959143943 ], [ 13.31868449463769, 53.434620484656747 ], [ 13.317648418869743, 53.437408616336079 ], [ 13.312583779844635, 53.43625114781495 ], [ 13.304673378662091, 53.430305306099143 ], [ 13.300546758060181, 53.430475639539715 ], [ 13.296332329440146, 53.425722433433791 ], [ 13.286259098549682, 53.423635363203175 ], [ 13.27391514028858, 53.440049732226711 ], [ 13.265478283681395, 53.437752823023828 ], [ 13.264290023680068, 53.434074700202196 ], [ 13.252981079669135, 53.434137886185354 ], [ 13.255630337762337, 53.437664259345084 ], [ 13.248681406475843, 53.438368362435838 ], [ 13.249035806954193, 53.443807854610576 ], [ 13.237550406264125, 53.448046075616922 ], [ 13.238450084991772, 53.449374061685177 ], [ 13.2322818627615, 53.449910644040138 ], [ 13.22651611035816, 53.434321338620748 ], [ 13.209421700769717, 53.435267060565835 ], [ 13.207717203244322, 53.432494423005046 ], [ 13.202456086428372, 53.434532721182158 ], [ 13.20212964467385, 53.431670017369186 ], [ 13.191044963242337, 53.432527693021221 ], [ 13.190740994112664, 53.435154919900704 ], [ 13.195313351415058, 53.435798762719038 ], [ 13.194353672149155, 53.438071619591653 ], [ 13.198155125414923, 53.438759028705235 ], [ 13.193724252211874, 53.441608246595983 ], [ 13.188800431775118, 53.44021807152653 ], [ 13.186279635478021, 53.44315649349015 ], [ 13.188755572149871, 53.44805817682321 ], [ 13.182664850120515, 53.462895788502905 ], [ 13.176248994323538, 53.469886757342515 ], [ 13.18258171055021, 53.470909937013602 ], [ 13.20239891576467, 53.482523550575699 ], [ 13.210010260250236, 53.484805609892526 ], [ 13.218390510605452, 53.494366290609094 ], [ 13.220370209044779, 53.502888735047669 ], [ 13.225104752825745, 53.506791585880691 ], [ 13.23000663332302, 53.515791935365876 ], [ 13.246389274591779, 53.512693562550346 ], [ 13.249508638499883, 53.513228553184121 ], [ 13.250455771584631, 53.518887138482611 ], [ 13.259750462290894, 53.517680861684944 ], [ 13.256394527010132, 53.511446505291666 ], [ 13.267470333741601, 53.512556246320223 ], [ 13.269541947859244, 53.517926698102706 ], [ 13.301783397562319, 53.52158813883954 ], [ 13.323844291854209, 53.530353570739173 ], [ 13.324390452545321, 53.533064174981263 ], [ 13.328305673290881, 53.53317658759152 ], [ 13.327890370582354, 53.539506996626827 ], [ 13.343098486933652, 53.539266989975054 ], [ 13.33933314047156, 53.56851501259063 ], [ 13.322148839356975, 53.570932020792974 ], [ 13.31244126481551, 53.581874641219578 ], [ 13.314531191336558, 53.584933812506691 ], [ 13.311658670439504, 53.587012471270896 ], [ 13.31112399257071, 53.591410452089271 ], [ 13.284714920548735, 53.58982051907342 ], [ 13.266464686693512, 53.591627419287555 ], [ 13.251574287774842, 53.624260158293481 ], [ 13.257486076070126, 53.626763596690353 ], [ 13.257881256699402, 53.628263677371706 ], [ 13.25291670342666, 53.630095281352389 ], [ 13.256589234381288, 53.634289855997224 ], [ 13.255577161606006, 53.636988675712068 ], [ 13.25894617483139, 53.638394834569198 ], [ 13.256351255968314, 53.640393148448155 ], [ 13.257468867046645, 53.643804512329559 ], [ 13.261529634980802, 53.645087225246002 ], [ 13.262812514211205, 53.648372571817838 ], [ 13.27226287651486, 53.653524951687629 ], [ 13.267615682434091, 53.66212558228348 ], [ 13.269347097535306, 53.66355109054409 ], [ 13.278171130224976, 53.662843786225622 ], [ 13.30899866002394, 53.672382973831468 ], [ 13.345285641724939, 53.679593066980978 ], [ 13.381352813376147, 53.691929718695079 ], [ 13.410675909804993, 53.706300656927723 ], [ 13.416415713511018, 53.712625789560022 ], [ 13.418962878221135, 53.727203154829112 ], [ 13.428991887752909, 53.742612814913656 ], [ 13.432000451070044, 53.75178689527332 ], [ 13.43664521805113, 53.751505109322785 ], [ 13.438597974569094, 53.749284934262526 ] ] ] ] } },
{ "type": "Feature", "properties": { "wkr": 23, "wkr_name": "Vorpommern-Rügen I" }, "geometry": { "type": "MultiPolygon", "coordinates": [ [ [ [ 12.527495837489681, 54.36369088211034 ], [ 12.524468861846097, 54.363513094189557 ], [ 12.527860491952698, 54.366273969180959 ], [ 12.528645283529212, 54.365919155300595 ], [ 12.527495837489681, 54.36369088211034 ] ] ], [ [ [ 12.528694896823717, 54.36746224482836 ], [ 12.52463679089475, 54.367142852941704 ], [ 12.523182366594538, 54.368133203803772 ], [ 12.528086761582149, 54.368735743161572 ], [ 12.528694896823717, 54.36746224482836 ] ] ], [ [ [ 12.524050858324372, 54.370422135856778 ], [ 12.520553880486698, 54.370569855412512 ], [ 12.518898825834262, 54.3722721406738 ], [ 12.522756910266915, 54.373606950481062 ], [ 12.524050858324372, 54.370422135856778 ] ] ], [ [ [ 12.736004072591969, 54.412677327327685 ], [ 12.735873590305324, 54.407870536709552 ], [ 12.72953227988272, 54.404686522626442 ], [ 12.717782402277846, 54.4050143123034 ], [ 12.725187910529803, 54.413011007416095 ], [ 12.736004072591969, 54.412677327327685 ] ] ], [ [ [ 12.670279970468247, 54.420674386330532 ], [ 12.670719603626612, 54.415970381495825 ], [ 12.668553606886054, 54.417940351277281 ], [ 12.670279970468247, 54.420674386330532 ] ] ], [ [ [ 12.642849232248489, 54.420659242510993 ], [ 12.645104892793578, 54.415742588072277 ], [ 12.640516959241499, 54.416849511263109 ], [ 12.642194670499283, 54.417762246515352 ], [ 12.639764821358311, 54.419464709642455 ], [ 12.6386243552216, 54.416219954223642 ], [ 12.636518370589895, 54.416504739519695 ], [ 12.635016149434016, 54.421234176035135 ], [ 12.637506063168603, 54.423469307928869 ], [ 12.642849232248489, 54.420659242510993 ] ] ], [ [ [ 12.926842435814672, 54.431994025608539 ], [ 12.928741323618103, 54.427105133110054 ], [ 12.922793070485474, 54.432921921825404 ], [ 12.926842435814672, 54.431994025608539 ] ] ], [ [ [ 12.694054189506042, 54.431298153782443 ], [ 12.709632616158574, 54.42602360274082 ], [ 12.723725166808622, 54.425320305598248 ], [ 12.729708353029659, 54.422076565615733 ], [ 12.730472381056105, 54.415675856042839 ], [ 12.721349689930406, 54.415074341514988 ], [ 12.699492223826125, 54.418728112185413 ], [ 12.678928295116501, 54.415244726724993 ], [ 12.675172934847692, 54.418678897279939 ], [ 12.677298302834656, 54.421953728248745 ], [ 12.69106336150289, 54.424684526830852 ], [ 12.693366898133553, 54.428776436823988 ], [ 12.687294310010458, 54.427481254652832 ], [ 12.688489514960629, 54.428800527939863 ], [ 12.694054189506042, 54.431298153782443 ] ] ], [ [ [ 12.525769747697952, 54.477777073309085 ], [ 12.526690849039372, 54.476139565722441 ], [ 12.528638253863296, 54.477462683343411 ], [ 12.527666184348524, 54.473301909522966 ], [ 12.522904540319212, 54.47248289647105 ], [ 12.520195829578357, 54.474059085930072 ], [ 12.522154147955556, 54.4768356556933 ], [ 12.517503798750372, 54.475100472189787 ], [ 12.521830279321552, 54.469165197983436 ], [ 12.52295949130451, 54.471821407427754 ], [ 12.525368207592386, 54.47165135467867 ], [ 12.54027507215195, 54.460512764295956 ], [ 12.553204834171868, 54.455851645230808 ], [ 12.614631529784344, 54.449992828331233 ], [ 12.660683299033597, 54.442642936249896 ], [ 12.819983368239983, 54.440212883313677 ], [ 12.863453694374453, 54.441070450807089 ], [ 12.914148748220411, 54.445242722678458 ], [ 12.921174961852529, 54.444714561299961 ], [ 12.915346912622221, 54.438427667230407 ], [ 12.926276330894872, 54.429476840070116 ], [ 12.925031082617375, 54.42526886563806 ], [ 12.910618939997352, 54.419948777761306 ], [ 12.902300728644155, 54.420801307478982 ], [ 12.89330317345625, 54.417761694289219 ], [ 12.88367604044066, 54.417097446021607 ], [ 12.875597658949884, 54.413620279597069 ], [ 12.859336119110504, 54.420412164590196 ], [ 12.832222606000853, 54.422906796547267 ], [ 12.815248051471119, 54.418282904741737 ], [ 12.80909202988733, 54.415176673120989 ], [ 12.802730121486571, 54.408635923803431 ], [ 12.800081013532365, 54.408673117526519 ], [ 12.791320467353854, 54.416223390435285 ], [ 12.784360510987071, 54.417466532600471 ], [ 12.76743795561284, 54.416333301508764 ], [ 12.763796334085596, 54.412431608174828 ], [ 12.74158853449684, 54.415103102369827 ], [ 12.735542365422186, 54.417635507259575 ], [ 12.724607341957562, 54.431309736135788 ], [ 12.722763112034126, 54.429926630219555 ], [ 12.719962897648205, 54.432704810381885 ], [ 12.713459879643693, 54.428302672518512 ], [ 12.699904436895848, 54.431757844074959 ], [ 12.691995217672224, 54.431920685816635 ], [ 12.668515441395892, 54.420541471206697 ], [ 12.667616749117119, 54.410113318614513 ], [ 12.665343153736858, 54.40835013175716 ], [ 12.653030721614813, 54.410410798534059 ], [ 12.647487331148472, 54.418546940250515 ], [ 12.639121558958731, 54.423250588619325 ], [ 12.645128345693342, 54.425419855902518 ], [ 12.637824271129345, 54.425304792880141 ], [ 12.631713816081012, 54.421396704841385 ], [ 12.617209214734789, 54.417751243878513 ], [ 12.618046412225025, 54.415094328405537 ], [ 12.611604298662161, 54.412768902847652 ], [ 12.610790625919877, 54.411017898174784 ], [ 12.616838446109909, 54.406914621853161 ], [ 12.610592158526609, 54.409260628060352 ], [ 12.602102531008226, 54.409301719330514 ], [ 12.586251618979521, 54.407785829946448 ], [ 12.577820060340661, 54.404493517983582 ], [ 12.575703281082518, 54.400996962005678 ], [ 12.577643527392375, 54.396724199750729 ], [ 12.585985223623334, 54.393181381257527 ], [ 12.597527284394863, 54.392093885762797 ], [ 12.59287852847733, 54.383589681434614 ], [ 12.591290454890018, 54.387819913220554 ], [ 12.587678067137592, 54.389099445479275 ], [ 12.57749367834643, 54.388399954937448 ], [ 12.554059769680872, 54.39006701692189 ], [ 12.53702546079221, 54.384488415868994 ], [ 12.535174807794668, 54.381734461027875 ], [ 12.528267851023944, 54.381096111774781 ], [ 12.523381742337515, 54.378979810204058 ], [ 12.520758587913802, 54.377014009600728 ], [ 12.520779461015167, 54.373552685602434 ], [ 12.517305734635503, 54.372932201918069 ], [ 12.501732228070285, 54.381335524799766 ], [ 12.495409266623852, 54.382155320866737 ], [ 12.458515973195295, 54.381561083341879 ], [ 12.43611621264197, 54.378987746702677 ], [ 12.433930883625665, 54.375937904139576 ], [ 12.420883852542847, 54.372188293618599 ], [ 12.414169633753421, 54.365003038108654 ], [ 12.416530299018898, 54.364071089799978 ], [ 12.416125171178381, 54.356793444827716 ], [ 12.419585340086696, 54.354436282323675 ], [ 12.420981130794155, 54.343755275432819 ], [ 12.415746305064076, 54.335657420902315 ], [ 12.407422811597842, 54.336331446103266 ], [ 12.400431113667038, 54.343207801328305 ], [ 12.388903585638731, 54.342848176975131 ], [ 12.388656749351806, 54.340929736812456 ], [ 12.384454218967418, 54.340187773191744 ], [ 12.389349549458764, 54.335423287983524 ], [ 12.396766840686608, 54.33228546726086 ], [ 12.394170620532721, 54.327365796077878 ], [ 12.396035625959843, 54.323679918054594 ], [ 12.391333588224683, 54.321217126546159 ], [ 12.38807275622076, 54.315656215137736 ], [ 12.383871623297193, 54.314175357773628 ], [ 12.383716213574345, 54.310536476107501 ], [ 12.375822850446099, 54.308511449983172 ], [ 12.365808764616812, 54.310467355333387 ], [ 12.360190861487347, 54.306328281498295 ], [ 12.361211661980345, 54.303969508971043 ], [ 12.357526368210378, 54.300078439143149 ], [ 12.363257638817931, 54.296104524938116 ], [ 12.368587104987295, 54.287705100400821 ], [ 12.382796093641339, 54.278214668137856 ], [ 12.377137453931097, 54.271686567197932 ], [ 12.364295903754554, 54.268224182550583 ], [ 12.363972020799254, 54.265866816296295 ], [ 12.36816812329041, 54.265331420251862 ], [ 12.398035423861293, 54.251549270363157 ], [ 12.419971187792116, 54.246395076205864 ], [ 12.436338694466663, 54.2453920183261 ], [ 12.454553305424428, 54.246780633724207 ], [ 12.460762653902295, 54.248898260514949 ], [ 12.460426218740489, 54.25042314170603 ], [ 12.451098262385637, 54.25395694895704 ], [ 12.417576852672429, 54.25875086746418 ], [ 12.409065018456161, 54.269510046941143 ], [ 12.410400587734967, 54.272018058086985 ], [ 12.408451950442677, 54.276687907121783 ], [ 12.416318155156171, 54.287760385294817 ], [ 12.432829219113117, 54.295832525751116 ], [ 12.474422685458359, 54.302765395565558 ], [ 12.478465105098527, 54.304670863066917 ], [ 12.479394801794674, 54.302795486017928 ], [ 12.467953500877252, 54.295063232799947 ], [ 12.484348679845105, 54.284246871601411 ], [ 12.508142244468544, 54.285986854975029 ], [ 12.509206383886319, 54.281849969582616 ], [ 12.512223680030063, 54.278728118321155 ], [ 12.515692171083026, 54.27798081981107 ], [ 12.515228338747267, 54.27649829467321 ], [ 12.511309680283444, 54.276288794489503 ], [ 12.511533206154493, 54.274440249338561 ], [ 12.520276324514766, 54.275676925006984 ], [ 12.52073745530442, 54.273909337399566 ], [ 12.531110399973029, 54.271475451063317 ], [ 12.531104249193849, 54.281385604591961 ], [ 12.55899398851777, 54.278277176754976 ], [ 12.562272041367919, 54.285215609916463 ], [ 12.56812078092927, 54.284225505637544 ], [ 12.572018520481709, 54.282411096427055 ], [ 12.570538521869384, 54.281078019735141 ], [ 12.582749413941251, 54.274217365531044 ], [ 12.591818731799327, 54.271514644447748 ], [ 12.593280275234855, 54.267588907788934 ], [ 12.615464562592834, 54.263876010640054 ], [ 12.608141973652582, 54.252782340475342 ], [ 12.611927171357173, 54.250313516605466 ], [ 12.609109877886373, 54.245299566276636 ], [ 12.612753073851712, 54.243160992254239 ], [ 12.624551935150375, 54.243664633784356 ], [ 12.629488544950517, 54.242268239347247 ], [ 12.632034423024093, 54.238701461289253 ], [ 12.640647806885013, 54.234392694157187 ], [ 12.644501186762302, 54.235757171625679 ], [ 12.653857509695719, 54.235068772908065 ], [ 12.664543540370792, 54.249904454386474 ], [ 12.691064411637088, 54.248801733108387 ], [ 12.702925431876427, 54.250288899505456 ], [ 12.723325101555073, 54.246191196491417 ], [ 12.7366829413681, 54.241278946575648 ], [ 12.731329290340664, 54.235436482615086 ], [ 12.732436425573217, 54.232740417926898 ], [ 12.758595209995272, 54.233323513045029 ], [ 12.75829454425209, 54.226958714315437 ], [ 12.749620691736377, 54.230509525293286 ], [ 12.746266626845454, 54.224316051087143 ], [ 12.750645656326999, 54.222320526340958 ], [ 12.750616392040302, 54.218658086003252 ], [ 12.742862393594441, 54.212272660553268 ], [ 12.751171818041568, 54.209194794456657 ], [ 12.748829005687661, 54.200447452038105 ], [ 12.752710334784913, 54.199231610434261 ], [ 12.751685397684513, 54.196046106810655 ], [ 12.765292403626988, 54.194623670223706 ], [ 12.770878277951359, 54.189318168065036 ], [ 12.77972360880622, 54.188857900616462 ], [ 12.779963976084497, 54.185478946955577 ], [ 12.785179179383555, 54.186514938475028 ], [ 12.790769374965997, 54.185615836860862 ], [ 12.792228925538899, 54.180762969820499 ], [ 12.798624716573098, 54.17758554414295 ], [ 12.795089943400848, 54.173361272841859 ], [ 12.802046793063727, 54.165198115680482 ], [ 12.799658161649209, 54.16053781860937 ], [ 12.81307224929167, 54.16070362826175 ], [ 12.821954847003187, 54.1589422349088 ], [ 12.824155840869681, 54.154681707462103 ], [ 12.815783916913871, 54.144853470577111 ], [ 12.820484720496456, 54.137435994755897 ], [ 12.817525811716621, 54.129387492363918 ], [ 12.810765768850816, 54.124015335295638 ], [ 12.821136211615233, 54.121681156393137 ], [ 12.82882218814609, 54.1173917244801 ], [ 12.845129386439135, 54.115736787272468 ], [ 12.849070143090326, 54.117033713671148 ], [ 12.845231029521297, 54.098194657762377 ], [ 12.852741505671846, 54.097224584664957 ], [ 12.853517836120023, 54.095310838785977 ], [ 12.862553592044762, 54.093062324511934 ], [ 12.873809679228904, 54.091867025468275 ], [ 12.877984669657684, 54.088885425527515 ], [ 12.889235554720921, 54.089059074234669 ], [ 12.891556727116779, 54.090541494341053 ], [ 12.893987904345767, 54.089768201788445 ], [ 12.89542009725082, 54.092708994122546 ], [ 12.898933127614827, 54.092387856455517 ], [ 12.911741402781868, 54.097656771625211 ], [ 12.919097555748312, 54.096301108172369 ], [ 12.92051900548544, 54.097898311371907 ], [ 12.927201784103541, 54.098083147135306 ], [ 12.928631495734948, 54.100506918140319 ], [ 12.933636470273159, 54.100128464175924 ], [ 12.936658010570591, 54.094084193334496 ], [ 12.94041494354502, 54.093319017102679 ], [ 12.940076623640438, 54.083756883101266 ], [ 12.928420316996617, 54.082254884203977 ], [ 12.925296594814331, 54.078017157686368 ], [ 12.917861630014084, 54.077311797855081 ], [ 12.914861935189222, 54.071054196244198 ], [ 12.939095542942773, 54.064869775390406 ], [ 12.923690496299804, 54.051963091971025 ], [ 12.917543899917719, 54.049127879296961 ], [ 12.90936892986999, 54.048518115956412 ], [ 12.903134235283339, 54.043723038602195 ], [ 12.894309378487444, 54.048479312439518 ], [ 12.890952844371295, 54.046281269737015 ], [ 12.88865730024893, 54.044363011414688 ], [ 12.894528291920297, 54.040386616089769 ], [ 12.873226407599637, 54.02171954391919 ], [ 12.881607460555125, 54.017206451997346 ], [ 12.891057191266205, 54.017618368965607 ], [ 12.889842899245933, 54.012183284777237 ], [ 12.895203718067936, 54.011805255683669 ], [ 12.891662562990357, 54.003005497636401 ], [ 12.898904574518953, 53.996888458295032 ], [ 12.895393078036891, 53.995591813496596 ], [ 12.89662479756063, 53.99259801274868 ], [ 12.906886362162293, 53.987001462861691 ], [ 12.902718583239484, 53.981678650974153 ], [ 12.877095458383927, 53.979897669469551 ], [ 12.872509868024899, 53.976594464366876 ], [ 12.874335499063115, 53.973125115072655 ], [ 12.865221659738987, 53.973479220178938 ], [ 12.857734913928452, 53.97586715246787 ], [ 12.849182367606886, 53.980473485473013 ], [ 12.842221521703937, 53.987959999588803 ], [ 12.828703067633242, 53.996404248079969 ], [ 12.808549850997121, 54.004779951166256 ], [ 12.789222781387606, 54.010111419855598 ], [ 12.790158154098568, 54.012440927433779 ], [ 12.775984792500408, 54.020849942674509 ], [ 12.77245946138912, 54.019846874471661 ], [ 12.760928260748704, 54.02631477790861 ], [ 12.759007725723777, 54.029617543209724 ], [ 12.756497220158735, 54.029157514529416 ], [ 12.745678989162741, 54.033586835139026 ], [ 12.736014558875242, 54.026018322387252 ], [ 12.724489592251352, 54.023757994300013 ], [ 12.723706705369251, 54.021006079686231 ], [ 12.71592215570181, 54.018827455422894 ], [ 12.691771446676977, 54.029888905320689 ], [ 12.696746898861541, 54.031714887622961 ], [ 12.696585359469491, 54.033251620037049 ], [ 12.689337615062341, 54.03078354738917 ], [ 12.693003103337183, 54.033691263679053 ], [ 12.69827373957952, 54.034585765520227 ], [ 12.696429937520172, 54.036273177046525 ], [ 12.679623308278666, 54.040307997171922 ], [ 12.674068655873352, 54.044183195355444 ], [ 12.659125434355465, 54.046413470448869 ], [ 12.627564700617395, 54.067566508796077 ], [ 12.613501745007431, 54.070455116090365 ], [ 12.609353182396774, 54.073807280968374 ], [ 12.608424373349081, 54.077314362793373 ], [ 12.602527490133113, 54.077832667953579 ], [ 12.604406549317051, 54.076479974451907 ], [ 12.600960416967878, 54.074706792454002 ], [ 12.598592004601178, 54.075849881662251 ], [ 12.594984111233085, 54.073782729370329 ], [ 12.595989610903466, 54.072097442387005 ], [ 12.588691832686678, 54.070241583385069 ], [ 12.581616196168913, 54.072286651492782 ], [ 12.566940070657102, 54.084049764401534 ], [ 12.562565487972019, 54.090395118624166 ], [ 12.556849768781777, 54.093612783735402 ], [ 12.540047521305077, 54.08768013708616 ], [ 12.53593911995014, 54.091084780449911 ], [ 12.518934760399061, 54.095442617931099 ], [ 12.518870163456755, 54.09339181696739 ], [ 12.501882237968017, 54.09341826162845 ], [ 12.494715761820478, 54.09109362837777 ], [ 12.491272711781845, 54.095618691449154 ], [ 12.48385678466324, 54.097633040913841 ], [ 12.47758874565595, 54.095040491952147 ], [ 12.459361740391481, 54.092343131696325 ], [ 12.454754005300122, 54.104426140819378 ], [ 12.459981645546799, 54.107250594871573 ], [ 12.44986806844927, 54.116875904139818 ], [ 12.435461745822693, 54.124284164739286 ], [ 12.432744422649492, 54.12272307123218 ], [ 12.432946890424057, 54.119565068949406 ], [ 12.426531523863176, 54.120891350434668 ], [ 12.418445794445365, 54.11970683865465 ], [ 12.423689447417498, 54.116854812545462 ], [ 12.411919673044844, 54.113622046576467 ], [ 12.401441541181939, 54.114600773954635 ], [ 12.40082456541667, 54.112587443989462 ], [ 12.395406031075964, 54.111810928704472 ], [ 12.386492182426448, 54.11326573335036 ], [ 12.388108042252506, 54.114659536905378 ], [ 12.384234045098465, 54.116853217853709 ], [ 12.384374351753262, 54.131830153287886 ], [ 12.389157617257331, 54.130844035755082 ], [ 12.392161015880326, 54.13279039853132 ], [ 12.384733375631026, 54.13534418602007 ], [ 12.380857589846167, 54.13989907713772 ], [ 12.381339685405841, 54.142956574649304 ], [ 12.374515345665955, 54.148774250217727 ], [ 12.372820599777452, 54.152727427345738 ], [ 12.378874195334364, 54.152733171566062 ], [ 12.382132186064467, 54.157469465537844 ], [ 12.366108058298055, 54.1619835415515 ], [ 12.366894628243058, 54.168172610623742 ], [ 12.375099541100058, 54.177154659284859 ], [ 12.369100491482328, 54.179562023546808 ], [ 12.358245183740864, 54.178559814235605 ], [ 12.355355535896996, 54.184260097890551 ], [ 12.351982139564129, 54.183860481657717 ], [ 12.351551855622018, 54.185097151183086 ], [ 12.366022753171086, 54.187211453402512 ], [ 12.372734054019848, 54.190479116051407 ], [ 12.370601193921544, 54.196618006172066 ], [ 12.371653782528217, 54.207864963532444 ], [ 12.367858659208613, 54.209752260803008 ], [ 12.352440731793084, 54.211474404065797 ], [ 12.346106818401395, 54.216895635681404 ], [ 12.349690734277813, 54.221957075315466 ], [ 12.330052027833089, 54.22463947806267 ], [ 12.331895117849475, 54.228821520414492 ], [ 12.323376705852612, 54.228055685387119 ], [ 12.323472244661639, 54.230411970447868 ], [ 12.318738264455492, 54.23104462967558 ], [ 12.319232592887166, 54.235487967990814 ], [ 12.311620496922176, 54.234281708250897 ], [ 12.313011354325571, 54.243272414900453 ], [ 12.31124717720499, 54.250505987949751 ], [ 12.308200932059467, 54.252306529057364 ], [ 12.297793939924423, 54.252405473981383 ], [ 12.300232315747841, 54.255262580395332 ], [ 12.278444256312685, 54.262006456447374 ], [ 12.283410994697663, 54.265978020038524 ], [ 12.284209062859533, 54.274434481315808 ], [ 12.319365081089828, 54.287732362088832 ], [ 12.341302232792106, 54.300822072399072 ], [ 12.365819988609008, 54.325744805987966 ], [ 12.406346863872246, 54.376714543121516 ], [ 12.432115302481835, 54.388965739036735 ], [ 12.450296719550201, 54.402670537015858 ], [ 12.469212909568768, 54.423654860997843 ], [ 12.489593468517356, 54.459584758752975 ], [ 12.505490915941186, 54.478229481686533 ], [ 12.513215562123131, 54.483762188375636 ], [ 12.518787458438554, 54.484517738325941 ], [ 12.529232526784257, 54.481778970234217 ], [ 12.525769747697952, 54.477777073309085 ] ] ] ] } },
{ "type": "Feature", "properties": { "wkr": 24, "wkr_name": "Vorpommern-Rügen II – Stralsund III" }, "geometry": { "type": "Polygon", "coordinates": [ [ [ 12.902722374081494, 53.981676392486349 ], [ 12.906890153273437, 53.986999204246594 ], [ 12.8966285897353, 53.992595754469278 ], [ 12.895396870553705, 53.995589555260224 ], [ 12.898908366968376, 53.996886199947667 ], [ 12.89166635639096, 54.003003239528582 ], [ 12.895207512093171, 54.011802997472756 ], [ 12.889846693591975, 54.012181026738723 ], [ 12.891060986050132, 54.017616110894679 ], [ 12.881611255804904, 54.017204194229073 ], [ 12.873230203713932, 54.021717286425307 ], [ 12.894532088626354, 54.040384357934677 ], [ 12.888661097636788, 54.044360753452715 ], [ 12.890956641814309, 54.046279011703639 ], [ 12.894313175954894, 54.048477054301117 ], [ 12.903138031838917, 54.043720780174972 ], [ 12.909372726536725, 54.048515857334877 ], [ 12.917547696204187, 54.049125620413911 ], [ 12.923694292520423, 54.05196083289421 ], [ 12.939099339535506, 54.064867515834855 ], [ 12.914865733651224, 54.071051937473229 ], [ 12.91786542889616, 54.077309538995273 ], [ 12.925300393364131, 54.07801489858889 ], [ 12.928424115772447, 54.082252625011243 ], [ 12.940080421931841, 54.083754623536485 ], [ 12.940418742705623, 54.093316757538219 ], [ 12.936661810003372, 54.094081933891488 ], [ 12.93364027042896, 54.100126204836961 ], [ 12.928635296193898, 54.100504658962336 ], [ 12.927205584413931, 54.098080888000375 ], [ 12.920522806136384, 54.09789605245119 ], [ 12.919101356326999, 54.096298849295373 ], [ 12.911745203880212, 54.097654512985869 ], [ 12.898936928909011, 54.092385598221036 ], [ 12.895423898762736, 54.092706736001197 ], [ 12.893991705661094, 54.089765943709594 ], [ 12.891560528633951, 54.090539236341186 ], [ 12.889239356224531, 54.089056816307533 ], [ 12.877988471746733, 54.08888316796147 ], [ 12.873813481818241, 54.091864768039869 ], [ 12.862557395346965, 54.093060067446579 ], [ 12.85352164011427, 54.095308582013658 ], [ 12.852745309885581, 54.097222327919866 ], [ 12.845234834226662, 54.098192401259872 ], [ 12.849073949344119, 54.11703145706803 ], [ 12.845133192782873, 54.115734530794469 ], [ 12.828825995515947, 54.117389468528408 ], [ 12.821140019795784, 54.121678900693873 ], [ 12.810769577803372, 54.124013079932809 ], [ 12.81663790274051, 54.127632917431306 ], [ 12.820301108972609, 54.135783092459775 ], [ 12.815787727542391, 54.144851215078319 ], [ 12.824159651967896, 54.154679451705995 ], [ 12.821958658617239, 54.158939979228663 ], [ 12.813076061545837, 54.160701372869617 ], [ 12.799661974605804, 54.160535563648835 ], [ 12.802050606328164, 54.165195860648723 ], [ 12.795093757801222, 54.173359018044202 ], [ 12.798628531179476, 54.177583289236644 ], [ 12.79223274078514, 54.180760715124045 ], [ 12.790773190744728, 54.185613582217449 ], [ 12.785182995545831, 54.186512684012719 ], [ 12.779967792429, 54.185476692660004 ], [ 12.779727425480104, 54.188855646332847 ], [ 12.770882095141978, 54.18931591406696 ], [ 12.765296221613896, 54.19462141641224 ], [ 12.751689216533251, 54.196043853439669 ], [ 12.752714153877518, 54.199229357034199 ], [ 12.748832825102122, 54.200445198764676 ], [ 12.751175638151329, 54.209192541118576 ], [ 12.742866214438129, 54.212270407486997 ], [ 12.750620213068233, 54.21865583269485 ], [ 12.750649477697335, 54.222318273036159 ], [ 12.746270448637889, 54.224313797926065 ], [ 12.74962451393101, 54.230507272031765 ], [ 12.75829836564821, 54.226956460769721 ], [ 12.758599031973292, 54.233321259497508 ], [ 12.732440248898454, 54.23273816522255 ], [ 12.731333113978705, 54.235434229949838 ], [ 12.736686765268749, 54.241276693744915 ], [ 12.723328926633853, 54.246188944097966 ], [ 12.729917033283881, 54.252416246024637 ], [ 12.721128452089332, 54.254972864755402 ], [ 12.72568273788813, 54.260055803733088 ], [ 12.727543529739997, 54.266677161147285 ], [ 12.722563855644443, 54.267830547455731 ], [ 12.72017436410635, 54.263514545412903 ], [ 12.711435571697637, 54.265872718884644 ], [ 12.709818643891204, 54.270356335413382 ], [ 12.7016725016317, 54.272963412092935 ], [ 12.703585853884213, 54.274230786108085 ], [ 12.712969880720957, 54.273432159507813 ], [ 12.726459224470783, 54.276364994172475 ], [ 12.726375654366274, 54.272476817464572 ], [ 12.73391911447853, 54.278749485474663 ], [ 12.742410232619099, 54.281882228927017 ], [ 12.740232412100411, 54.283966159697989 ], [ 12.759939330274088, 54.286278735166512 ], [ 12.765564828963708, 54.288503341359259 ], [ 12.768979327383891, 54.28871254644303 ], [ 12.770427219663173, 54.287429449525263 ], [ 12.786749145855392, 54.28807399078427 ], [ 12.793653711585428, 54.282354958418985 ], [ 12.80789668665602, 54.287029875384256 ], [ 12.813727986307011, 54.286383170687479 ], [ 12.829778344483787, 54.294746604139974 ], [ 12.83521630252986, 54.300104299844563 ], [ 12.841346654461962, 54.315278645596877 ], [ 12.845532947529081, 54.314407916113012 ], [ 12.865845472915447, 54.315477650710818 ], [ 12.861546066579434, 54.30713301573801 ], [ 12.860173997162581, 54.29426707749117 ], [ 12.880569546861688, 54.286164937947447 ], [ 12.883978450388996, 54.280320414319959 ], [ 12.876784758283701, 54.277556924944371 ], [ 12.873485655692653, 54.26955846127521 ], [ 12.864087002131242, 54.263175085505566 ], [ 12.862708753043396, 54.260155255443109 ], [ 12.8650439708953, 54.258669157816684 ], [ 12.897611522383947, 54.258654578616294 ], [ 12.905984506711434, 54.257043247918766 ], [ 12.911546764000654, 54.258538405271729 ], [ 12.911615900930588, 54.252099354022761 ], [ 12.900058127980694, 54.247927018130412 ], [ 12.895320613106907, 54.241851642173522 ], [ 12.889158400238017, 54.239861884313029 ], [ 12.896303542343832, 54.235711801117787 ], [ 12.904588097136928, 54.24156530377801 ], [ 12.907872185901752, 54.242107825704466 ], [ 12.929049541759717, 54.243613766359687 ], [ 12.930744959290838, 54.240056557444554 ], [ 12.934658315541547, 54.24010824755571 ], [ 12.934918575465106, 54.23700995504251 ], [ 12.930316164897473, 54.235769556043593 ], [ 12.908065710457464, 54.235484902945942 ], [ 12.904598291285891, 54.223378372313952 ], [ 12.926775523365619, 54.220051777220363 ], [ 12.924249217295964, 54.217233264892215 ], [ 12.930921344541707, 54.213527896169197 ], [ 12.933268141226559, 54.214432114173498 ], [ 12.937817153909855, 54.212239575324517 ], [ 12.936675120129673, 54.209094011762403 ], [ 12.944032309537475, 54.209222038735142 ], [ 12.943279283243687, 54.20260646501891 ], [ 12.949308710140448, 54.195916029844014 ], [ 12.950752910029372, 54.197784527306737 ], [ 12.956325225495076, 54.19641696269661 ], [ 12.966417039158252, 54.198079206410114 ], [ 12.968955371325352, 54.206369479424218 ], [ 12.975412052747997, 54.207698281077583 ], [ 12.998795840212775, 54.20809415987955 ], [ 12.997079720699949, 54.210377192925712 ], [ 13.015388424311118, 54.214453212061827 ], [ 13.018190213262189, 54.212157641337498 ], [ 13.033232038247551, 54.21079628773952 ], [ 13.036409376777252, 54.215741386911347 ], [ 13.056662833756256, 54.224265305460712 ], [ 13.050585729958803, 54.222432686606048 ], [ 13.037592881375236, 54.230002563867529 ], [ 13.037221882130705, 54.234429310284675 ], [ 13.039298830181062, 54.234793463553856 ], [ 13.041763648824494, 54.243841544831376 ], [ 13.060704884257088, 54.241262747247703 ], [ 13.061274417512276, 54.239911072083295 ], [ 13.056383888827533, 54.237711335992984 ], [ 13.057650351021522, 54.233108351506722 ], [ 13.07674883238672, 54.232659419955574 ], [ 13.111540205814528, 54.228731996912529 ], [ 13.110562469443918, 54.230790013934872 ], [ 13.113363917072139, 54.231071054123639 ], [ 13.115406320665979, 54.233454584838036 ], [ 13.120989963346373, 54.233309822008671 ], [ 13.12171768557233, 54.236859834640725 ], [ 13.125024278341469, 54.236675815075984 ], [ 13.132937393547829, 54.244879327332406 ], [ 13.113122743491543, 54.257220523837383 ], [ 13.099185789358167, 54.262766123961519 ], [ 13.086123128412634, 54.264213047014977 ], [ 13.083098719646486, 54.261600744248987 ], [ 13.08177143499808, 54.263651143890144 ], [ 13.089436842475221, 54.276284037781103 ], [ 13.097407931619921, 54.282301288082465 ], [ 13.106064289576361, 54.282224386263138 ], [ 13.125448879399205, 54.271979112405681 ], [ 13.136289215035685, 54.268838992320141 ], [ 13.152792730494021, 54.268551424355948 ], [ 13.166070483823127, 54.27797902289057 ], [ 13.177064402088561, 54.27146908178937 ], [ 13.178399847383673, 54.269480469696667 ], [ 13.176076344753433, 54.266664419740174 ], [ 13.162122675461111, 54.268011490610931 ], [ 13.151483778664643, 54.261324098833931 ], [ 13.146342794940548, 54.260364040647445 ], [ 13.14187734021351, 54.257304330708003 ], [ 13.14378360442833, 54.25334745759865 ], [ 13.159492967743997, 54.258557921272697 ], [ 13.162925701981898, 54.2607282474127 ], [ 13.162630586344466, 54.264043519733583 ], [ 13.16637687770088, 54.265850490332838 ], [ 13.169849437882075, 54.266052411905491 ], [ 13.172232088655296, 54.263267630422853 ], [ 13.17480570513491, 54.263170838715673 ], [ 13.187235982574501, 54.265860953726005 ], [ 13.190611673528835, 54.261893165741562 ], [ 13.189845877044821, 54.259318277640766 ], [ 13.202462391120669, 54.257373239747267 ], [ 13.208992062244487, 54.252118126091624 ], [ 13.216526427375831, 54.249498967998889 ], [ 13.216566305511426, 54.24773065155383 ], [ 13.210336839920124, 54.244476688275533 ], [ 13.214752878042555, 54.241259347152983 ], [ 13.227734798993929, 54.23977682993047 ], [ 13.260182500905799, 54.241021734542784 ], [ 13.289758110559038, 54.23483728222935 ], [ 13.296797296691727, 54.224718902647822 ], [ 13.305222007658099, 54.205406659822664 ], [ 13.319940046458671, 54.193359067901376 ], [ 13.298190705011102, 54.178270929986773 ], [ 13.288830344175848, 54.165346146966698 ], [ 13.287867546847227, 54.159164760329638 ], [ 13.292732953155971, 54.150385515986358 ], [ 13.28748874860805, 54.149079499913789 ], [ 13.287497698655637, 54.144509613955137 ], [ 13.291472573318556, 54.139504222916209 ], [ 13.290721123866541, 54.13389963624536 ], [ 13.271105369020688, 54.132223022239224 ], [ 13.252951734753829, 54.12878095056189 ], [ 13.244491547321402, 54.12270026685983 ], [ 13.246535368255875, 54.120125476309809 ], [ 13.239733308280352, 54.121782502725438 ], [ 13.236959269670791, 54.120295788048963 ], [ 13.222635463786474, 54.120544599467408 ], [ 13.216367286463131, 54.11753209861795 ], [ 13.218689365809109, 54.11170681929822 ], [ 13.225506595791657, 54.105048939518312 ], [ 13.23775921736233, 54.103676754740476 ], [ 13.247991432530304, 54.100219244099812 ], [ 13.260124006169075, 54.082761312842457 ], [ 13.289022722787818, 54.073026243155311 ], [ 13.278095769527031, 54.063524168095675 ], [ 13.268014138756371, 54.063818275327392 ], [ 13.264164899953826, 54.065792143591445 ], [ 13.248377080354709, 54.067671994709315 ], [ 13.242128199382783, 54.06258017329705 ], [ 13.239481021051205, 54.062709170177961 ], [ 13.234503819915476, 54.059727968775476 ], [ 13.231275835666434, 54.053341424301586 ], [ 13.224670615235901, 54.05340187568487 ], [ 13.22066781440707, 54.048438176892233 ], [ 13.212742867069673, 54.044524499672747 ], [ 13.213800646641479, 54.039779072279721 ], [ 13.209998915744375, 54.038327987222679 ], [ 13.207844893029238, 54.034632017088448 ], [ 13.204431626365997, 54.03431719276589 ], [ 13.19538957506143, 54.037266513885051 ], [ 13.195551242900731, 54.035413920373863 ], [ 13.190441591502237, 54.035844913583269 ], [ 13.18138120099117, 54.031379261204052 ], [ 13.154591373301292, 54.027935086326657 ], [ 13.157568027202515, 54.021493086861376 ], [ 13.13154773646523, 54.022444989751307 ], [ 13.132469259581043, 54.027289816699678 ], [ 13.129818471832351, 54.02735794364775 ], [ 13.129413854670437, 54.025411983470335 ], [ 13.108360086699912, 54.030928891009012 ], [ 13.110758839311421, 54.038211291490235 ], [ 13.100727131017589, 54.039724824144031 ], [ 13.097225819200629, 54.03526235280939 ], [ 13.087546790890677, 54.037203711949296 ], [ 13.084440412286945, 54.031534419476493 ], [ 13.08100983086668, 54.029824795644579 ], [ 13.078763493206333, 54.031784961695571 ], [ 13.058646106888428, 54.027975163783516 ], [ 13.053693980584947, 54.025765121436983 ], [ 13.040526658008854, 54.025043958639721 ], [ 13.028725167210974, 54.019745528318559 ], [ 13.022829773045054, 54.013565916366787 ], [ 12.997390253865536, 54.016797014528272 ], [ 12.993018387607814, 54.00868946614753 ], [ 12.986911194462108, 54.003751732758211 ], [ 12.957495045789749, 54.004307253689355 ], [ 12.954633201538959, 54.001032501114253 ], [ 12.937245144054911, 53.99406849268621 ], [ 12.925708459440058, 53.99477636997419 ], [ 12.913567256199801, 53.990637023106352 ], [ 12.908693423179685, 53.983202334901328 ], [ 12.902722374081494, 53.981676392486349 ] ] ] } },
{ "type": "Feature", "properties": { "wkr": 25, "wkr_name": "Vorpommern-Rügen III – Stralsund I" }, "geometry": { "type": "MultiPolygon", "coordinates": [ [ [ [ 12.529880786779749, 54.34610163518537 ], [ 12.528246673927542, 54.34659564897553 ], [ 12.527456908453264, 54.352186207949366 ], [ 12.529999189364506, 54.349603373612503 ], [ 12.529880786779749, 54.34610163518537 ] ] ], [ [ [ 12.534335641188632, 54.35576031623291 ], [ 12.529859559380684, 54.354933491011089 ], [ 12.531121694063195, 54.350459251926843 ], [ 12.528037089382005, 54.353992177510371 ], [ 12.528762833003929, 54.357988117200321 ], [ 12.534093194864687, 54.357105742152463 ], [ 12.534335641188632, 54.35576031623291 ] ] ], [ [ [ 12.527586069288217, 54.357835250571547 ], [ 12.52533586381921, 54.359005240004542 ], [ 12.526665845304773, 54.361199860287918 ], [ 12.528058272818731, 54.360667668148622 ], [ 12.527586069288217, 54.357835250571547 ] ] ], [ [ [ 12.584395706204665, 54.375358733602518 ], [ 12.580760637733338, 54.376139431918453 ], [ 12.584343586363934, 54.380558611348796 ], [ 12.58567430965255, 54.379958392684713 ], [ 12.584395706204665, 54.375358733602518 ] ] ], [ [ [ 12.662322129137568, 54.403678887846645 ], [ 12.660902295860627, 54.402683015311254 ], [ 12.658417167322705, 54.403381821533891 ], [ 12.659933858249737, 54.404617988734188 ], [ 12.662322129137568, 54.403678887846645 ] ] ], [ [ [ 12.665578301375851, 54.407101086941353 ], [ 12.664776173317842, 54.405448721612572 ], [ 12.661263523676542, 54.405057061183754 ], [ 12.662742416406285, 54.406432402271896 ], [ 12.658077895377915, 54.405920450013902 ], [ 12.656279996058808, 54.407352971474324 ], [ 12.659012776897708, 54.408325168883096 ], [ 12.665578301375851, 54.407101086941353 ] ] ], [ [ [ 13.032937106101336, 54.434277014708229 ], [ 13.03344881354869, 54.423914428865722 ], [ 13.025912927993009, 54.422235348328812 ], [ 13.022791433495984, 54.416890186808061 ], [ 13.021925830850066, 54.409410794261959 ], [ 13.024892574949764, 54.397441263908938 ], [ 13.037968288331315, 54.389900675093571 ], [ 13.048691999077066, 54.379908723233108 ], [ 13.064591105897058, 54.380914409094409 ], [ 13.072608795203756, 54.383094349834437 ], [ 13.07899159255253, 54.381174458830806 ], [ 13.08610604459931, 54.375838612605108 ], [ 13.093825928708666, 54.364739435806577 ], [ 13.086109289589992, 54.359850354993767 ], [ 13.076623559928287, 54.349541225504105 ], [ 13.07585397449613, 54.345961486764715 ], [ 13.080777387735624, 54.335291005555987 ], [ 13.06328076881028, 54.327734504878563 ], [ 13.065105830177989, 54.325959225845544 ], [ 13.062679746306721, 54.324841238724616 ], [ 13.062182382695493, 54.319714886965919 ], [ 13.047758528836409, 54.318570357350637 ], [ 13.046329240976409, 54.321737801617417 ], [ 13.036634143210668, 54.320217355889952 ], [ 13.039950497909949, 54.315145981353922 ], [ 13.037349792646916, 54.313927989914831 ], [ 13.021701844808808, 54.315009371428218 ], [ 13.009330014333374, 54.313014086046707 ], [ 13.005892591654256, 54.316498217058943 ], [ 13.001679345488997, 54.313600939832504 ], [ 13.002339177625579, 54.311805656917024 ], [ 12.995973077835494, 54.309734118337509 ], [ 12.994146743691259, 54.302887421667108 ], [ 13.02461671770876, 54.303375769111469 ], [ 13.023290815791523, 54.294923229215243 ], [ 13.032210031755328, 54.288726761016143 ], [ 13.04321346904765, 54.290767614682011 ], [ 13.043119948482857, 54.286935511982563 ], [ 13.048650238717439, 54.284876632702463 ], [ 13.049678109559478, 54.287543298882667 ], [ 13.05333485684981, 54.287341090800915 ], [ 13.051518588047193, 54.281254796821976 ], [ 13.058588811524348, 54.281612361579981 ], [ 13.058496843584109, 54.284436417414902 ], [ 13.061710521887893, 54.285664045822593 ], [ 13.070852576236726, 54.283122870203471 ], [ 13.077907382563893, 54.284035129968537 ], [ 13.074947946863404, 54.276616192918219 ], [ 13.079892184564359, 54.275439311438433 ], [ 13.083098719646499, 54.261600744248987 ], [ 13.086123128412636, 54.264213047015012 ], [ 13.099185789358188, 54.262766123961541 ], [ 13.113122743491539, 54.257220523837383 ], [ 13.132937393547836, 54.244879327332441 ], [ 13.125024278341487, 54.236675815075984 ], [ 13.121717685572337, 54.236859834640725 ], [ 13.120989963346364, 54.233309822008671 ], [ 13.116639882673718, 54.233911432047627 ], [ 13.110562469443931, 54.2307900139349 ], [ 13.11154020581453, 54.228731996912551 ], [ 13.076748832386736, 54.232659419955603 ], [ 13.057650351021516, 54.233108351506736 ], [ 13.056383888827531, 54.237711335992962 ], [ 13.061274417512287, 54.239911072083309 ], [ 13.060704884257101, 54.241262747247703 ], [ 13.041763648824519, 54.243841544831376 ], [ 13.039298830181069, 54.234793463553864 ], [ 13.037221882130742, 54.234429310284675 ], [ 13.037592881375252, 54.230002563867529 ], [ 13.050585729958806, 54.222432686606041 ], [ 13.056662833756258, 54.224265305460712 ], [ 13.036409376777264, 54.215741386911375 ], [ 13.033232038247546, 54.210796287739555 ], [ 13.018190213262184, 54.212157641337534 ], [ 13.015388424311137, 54.214453212061827 ], [ 12.997079720699947, 54.210377192925726 ], [ 12.998795840212779, 54.208094159879543 ], [ 12.975412052747998, 54.207698281077612 ], [ 12.968955371325354, 54.206369479424247 ], [ 12.966417039158246, 54.198079206410128 ], [ 12.956325225495085, 54.196416962696617 ], [ 12.950752910029367, 54.197784527306759 ], [ 12.949308710140457, 54.195916029844014 ], [ 12.943279283243694, 54.202606465018945 ], [ 12.944032309537484, 54.209222038735142 ], [ 12.936675120129678, 54.209094011762396 ], [ 12.937817153909874, 54.212239575324539 ], [ 12.933268141226579, 54.214432114173512 ], [ 12.930921344541737, 54.213527896169197 ], [ 12.924249217295978, 54.217233264892215 ], [ 12.926775523365636, 54.220051777220391 ], [ 12.9045982912859, 54.22337837231396 ], [ 12.908065710457471, 54.235484902945963 ], [ 12.930316164897492, 54.235769556043607 ], [ 12.934918575465106, 54.23700995504251 ], [ 12.934658315541563, 54.240108247555717 ], [ 12.930744959290848, 54.240056557444568 ], [ 12.929049541759738, 54.243613766359694 ], [ 12.907872185901764, 54.242107825704473 ], [ 12.904588097136925, 54.241565303778025 ], [ 12.896303542343823, 54.235711801117766 ], [ 12.889158400238021, 54.239861884313015 ], [ 12.895320613106902, 54.241851642173515 ], [ 12.900058127980687, 54.247927018130447 ], [ 12.911615900930622, 54.252099354022782 ], [ 12.911546764000658, 54.258538405271729 ], [ 12.905984506711439, 54.257043247918766 ], [ 12.897611522383954, 54.258654578616287 ], [ 12.865043970895323, 54.258669157816684 ], [ 12.862708753043403, 54.260155255443131 ], [ 12.864087002131237, 54.263175085505573 ], [ 12.873485655692656, 54.269558461275224 ], [ 12.876784758283701, 54.277556924944392 ], [ 12.883978450389002, 54.280320414319988 ], [ 12.880569546861716, 54.28616493794744 ], [ 12.860173997162601, 54.29426707749117 ], [ 12.861546066579429, 54.30713301573801 ], [ 12.865845472915449, 54.315477650710832 ], [ 12.845532947529088, 54.314407916113019 ], [ 12.841346654461983, 54.315278645596877 ], [ 12.835216302529854, 54.300104299844584 ], [ 12.829778344483787, 54.294746604139974 ], [ 12.813727986307001, 54.286383170687515 ], [ 12.80789668665601, 54.287029875384256 ], [ 12.793653711585421, 54.282354958418985 ], [ 12.786749145855396, 54.288073990784255 ], [ 12.770427219663205, 54.287429449525291 ], [ 12.768979327383898, 54.28871254644303 ], [ 12.765564828963726, 54.288503341359295 ], [ 12.759939330274106, 54.286278735166526 ], [ 12.740232412100418, 54.283966159698004 ], [ 12.742410232619122, 54.281882228927032 ], [ 12.733919114478509, 54.27874948547467 ], [ 12.726375654366272, 54.2724768174646 ], [ 12.726459224470783, 54.276364994172475 ], [ 12.712969880720962, 54.273432159507813 ], [ 12.703585853884203, 54.274230786108063 ], [ 12.7016725016317, 54.272963412092921 ], [ 12.709818643891213, 54.270356335413396 ], [ 12.711435571697631, 54.26587271888468 ], [ 12.720174364106365, 54.263514545412896 ], [ 12.722563855644438, 54.267830547455752 ], [ 12.72754352974002, 54.266677161147285 ], [ 12.725682737888148, 54.260055803733074 ], [ 12.721128452089349, 54.254972864755437 ], [ 12.729917033283888, 54.252416246024637 ], [ 12.723328926633842, 54.246188944097952 ], [ 12.702929258434196, 54.250286647775951 ], [ 12.69106823869021, 54.248799481760074 ], [ 12.664547368948046, 54.24990220389644 ], [ 12.653861337446934, 54.235066522744532 ], [ 12.644505015078838, 54.235754921765469 ], [ 12.640651635279028, 54.23439044441983 ], [ 12.632038252284834, 54.238699211836014 ], [ 12.629492374683602, 54.242265989980915 ], [ 12.624555765279128, 54.243662384579508 ], [ 12.612756904563813, 54.243158743430456 ], [ 12.609113708995009, 54.24529731757346 ], [ 12.611931002788266, 54.2503112678177 ], [ 12.608145805519081, 54.252780091813264 ], [ 12.615468395114986, 54.263873761755328 ], [ 12.593284109294519, 54.267586659627113 ], [ 12.591822566308227, 54.271512396338402 ], [ 12.582753249190805, 54.274215117718875 ], [ 12.570542358421047, 54.281075772327547 ], [ 12.572022357080346, 54.282408848973262 ], [ 12.568124617908101, 54.284223258312466 ], [ 12.562275878753329, 54.285213362782116 ], [ 12.558997825421779, 54.278274929717853 ], [ 12.531108087882979, 54.281383358462975 ], [ 12.531114237723591, 54.271473204920909 ], [ 12.520741293839496, 54.273907091596755 ], [ 12.520280163241793, 54.275674679221559 ], [ 12.511537045231441, 54.274438003835066 ], [ 12.51131351954742, 54.276286548995692 ], [ 12.515232177821764, 54.276496049052604 ], [ 12.515696010273164, 54.277978574177347 ], [ 12.512227519476275, 54.278725872800912 ], [ 12.509210223789442, 54.281847724164471 ], [ 12.508146084820558, 54.285984609596852 ], [ 12.484352521302929, 54.284244626993079 ], [ 12.467957344236565, 54.29506098873852 ], [ 12.479398645276842, 54.302793241595367 ], [ 12.477144164410598, 54.307617116983472 ], [ 12.479496889769976, 54.308009101084103 ], [ 12.480015957690568, 54.310814400031774 ], [ 12.471653520912341, 54.322710058513067 ], [ 12.473325933394618, 54.329298831568146 ], [ 12.477363016440718, 54.330677747017141 ], [ 12.496125516689595, 54.330584729225855 ], [ 12.513451440359219, 54.335360408558749 ], [ 12.521524976121077, 54.333492301177891 ], [ 12.534737418511595, 54.338116712161344 ], [ 12.539619688402347, 54.34465760088333 ], [ 12.535663411926306, 54.344902579355264 ], [ 12.540207818607325, 54.351640902120494 ], [ 12.552105586200305, 54.357224306752485 ], [ 12.548803822988999, 54.361027155546545 ], [ 12.538296314436675, 54.362240414375805 ], [ 12.534656754915485, 54.363438938588111 ], [ 12.53498780145811, 54.365433887041036 ], [ 12.547154163062981, 54.369032879622338 ], [ 12.554561772811553, 54.373007544707761 ], [ 12.553379010890124, 54.379341865071765 ], [ 12.55735177667496, 54.374828805421345 ], [ 12.566660329036784, 54.371646446204174 ], [ 12.573560733096583, 54.371101196444073 ], [ 12.582081555754948, 54.373544623482445 ], [ 12.576338654351931, 54.366872997985652 ], [ 12.574812296057786, 54.358070991966351 ], [ 12.584743857646822, 54.356003373891774 ], [ 12.588975383781911, 54.357055161026345 ], [ 12.594011242194677, 54.358393954182759 ], [ 12.599409590169758, 54.362778221449993 ], [ 12.600595582996522, 54.368925318012352 ], [ 12.597860370544796, 54.37158167340727 ], [ 12.60051322898124, 54.370547080540213 ], [ 12.619182352004746, 54.37223432634152 ], [ 12.656353569520633, 54.38423272533165 ], [ 12.661368700797082, 54.387123199940163 ], [ 12.662527784189873, 54.389909571132364 ], [ 12.669174007488625, 54.389675719917989 ], [ 12.671271695604421, 54.394532007799533 ], [ 12.666321041069201, 54.398164927029249 ], [ 12.660389485785625, 54.398453988027406 ], [ 12.662821618982546, 54.403251544781035 ], [ 12.668347755851293, 54.404948558635482 ], [ 12.666406834847846, 54.407376520704744 ], [ 12.668739000680286, 54.408202858141628 ], [ 12.670365969424177, 54.40700010359334 ], [ 12.673325422367551, 54.406875319075105 ], [ 12.673167152201149, 54.408162174523071 ], [ 12.684343185915857, 54.406404097904037 ], [ 12.704633592898285, 54.411809656609712 ], [ 12.709355123450154, 54.410947345653682 ], [ 12.714681174291071, 54.404609972232045 ], [ 12.712154976042889, 54.402661592866963 ], [ 12.69352913643945, 54.401918379349844 ], [ 12.688594892885416, 54.400199427974243 ], [ 12.685618743284323, 54.393592467553283 ], [ 12.693194414581633, 54.386431139088771 ], [ 12.682323936910873, 54.380289811819573 ], [ 12.676235132528115, 54.370595467437226 ], [ 12.68461137705828, 54.370915868289231 ], [ 12.687561258513375, 54.368569455526526 ], [ 12.687416312551933, 54.372080468237669 ], [ 12.682656837564306, 54.374186459144596 ], [ 12.69567247881041, 54.384276082830894 ], [ 12.696467660006194, 54.392008799894583 ], [ 12.700219401155309, 54.39865046595488 ], [ 12.714721420940302, 54.398657438110632 ], [ 12.713751877764134, 54.386906561039453 ], [ 12.71942036264236, 54.377895366371646 ], [ 12.719328345139107, 54.373580444636332 ], [ 12.720590310159995, 54.371853474339403 ], [ 12.731778309254688, 54.371177948198344 ], [ 12.73678025172458, 54.371178922211413 ], [ 12.741892174226944, 54.374090634752605 ], [ 12.744234792938792, 54.384064605870698 ], [ 12.746816380379915, 54.379374496353712 ], [ 12.753588031097458, 54.374748893512368 ], [ 12.753398701221901, 54.372374939830408 ], [ 12.756772028539496, 54.370767244951509 ], [ 12.766064308227843, 54.370992855967906 ], [ 12.771652347353568, 54.375380412077895 ], [ 12.775886219319418, 54.389759617958028 ], [ 12.778714064884811, 54.391555553193569 ], [ 12.783013628668673, 54.391594199485226 ], [ 12.783407544015839, 54.395066172500236 ], [ 12.785229443367637, 54.39652257449734 ], [ 12.787054514644129, 54.395943813549586 ], [ 12.784680034016755, 54.386997239484749 ], [ 12.785614028723266, 54.379052553075219 ], [ 12.794054715608677, 54.378211757988787 ], [ 12.799775462001303, 54.375300856224619 ], [ 12.803580745334916, 54.370384605350466 ], [ 12.805749431933156, 54.363017034132341 ], [ 12.807830728471551, 54.362449750285776 ], [ 12.809004240940892, 54.349944460973056 ], [ 12.807096202486695, 54.348632468187233 ], [ 12.809664867716561, 54.343408538993671 ], [ 12.816819412923097, 54.350748904704545 ], [ 12.823231264819938, 54.352088475843658 ], [ 12.833540160950324, 54.350886651798078 ], [ 12.848137473215758, 54.351903720742925 ], [ 12.854489218197578, 54.35427290899878 ], [ 12.866312112488519, 54.362626980468022 ], [ 12.878300452940334, 54.365262582676891 ], [ 12.884272075641757, 54.372317242212958 ], [ 12.884499565301491, 54.38296212901934 ], [ 12.895576266664575, 54.393287804812523 ], [ 12.897270120585418, 54.401708887498174 ], [ 12.912000360971341, 54.406334580198035 ], [ 12.92340408454119, 54.413127982747561 ], [ 12.954837463441184, 54.416813916151341 ], [ 12.955285586270115, 54.420377429889712 ], [ 12.959143614442075, 54.422866607944727 ], [ 12.966105909658244, 54.422242460757147 ], [ 12.969999389348173, 54.423953921943514 ], [ 12.98593544471321, 54.424907350433458 ], [ 12.994147498821613, 54.427563530453106 ], [ 12.999729557036703, 54.436128216694122 ], [ 13.013947628868543, 54.438998171084513 ], [ 13.027463768410321, 54.436765762275201 ], [ 13.032937106101336, 54.434277014708229 ] ] ], [ [ [ 12.97669708495167, 54.437520292492351 ], [ 12.973203520310678, 54.436951008252166 ], [ 12.973658229239884, 54.440604274238964 ], [ 12.97556405464004, 54.440426665796913 ], [ 12.97669708495167, 54.437520292492351 ] ] ], [ [ [ 12.971413639590248, 54.440587395556086 ], [ 12.970337167549454, 54.436792618431625 ], [ 12.969171372221046, 54.436603553437656 ], [ 12.968208158001872, 54.439581194150513 ], [ 12.971413639590248, 54.440587395556086 ] ] ], [ [ [ 12.983553152774469, 54.438775959087835 ], [ 12.981633333147787, 54.437646308035305 ], [ 12.973580016870537, 54.441426491199763 ], [ 12.982757063174718, 54.441802545752971 ], [ 12.983553152774469, 54.438775959087835 ] ] ], [ [ [ 12.959288512645628, 54.441269368556711 ], [ 12.961013318940704, 54.437774064662968 ], [ 12.949722300110446, 54.440304551575409 ], [ 12.940516775905298, 54.439038845530668 ], [ 12.929645935530372, 54.432085765085823 ], [ 12.924080840718039, 54.435178217714039 ], [ 12.928671956674501, 54.442415127918153 ], [ 12.937491353141031, 54.443054868754743 ], [ 12.959288512645628, 54.441269368556711 ] ] ], [ [ [ 13.059121722224855, 54.451424802729036 ], [ 13.050019453677393, 54.445943949440313 ], [ 13.039575524515818, 54.442314271520509 ], [ 13.036986789083379, 54.443792098544016 ], [ 13.023019284314847, 54.442348450075393 ], [ 13.016229481133378, 54.443634325726805 ], [ 12.997244570314354, 54.439286762010632 ], [ 12.986564092401895, 54.433321280258383 ], [ 12.982020190713394, 54.434887467346094 ], [ 12.974363326815537, 54.43307566240513 ], [ 12.975959935621535, 54.434642335988883 ], [ 12.973011675839437, 54.434605846678338 ], [ 12.972698520044133, 54.436323213398587 ], [ 12.978318595008888, 54.437899981035606 ], [ 12.984103296730554, 54.435945246361747 ], [ 12.990047427105061, 54.438894953029994 ], [ 12.992467820349004, 54.443915918423876 ], [ 12.999750288576294, 54.447110281681702 ], [ 13.008439240461483, 54.448142410942118 ], [ 13.02266162001939, 54.446925255699725 ], [ 13.025131218462137, 54.448631011164572 ], [ 13.034543761229948, 54.447723067243992 ], [ 13.045862587886489, 54.454357542059668 ], [ 13.047105076847723, 54.460143129985447 ], [ 13.050844705910304, 54.460176398369384 ], [ 13.051232921273517, 54.457392811526951 ], [ 13.059121722224855, 54.451424802729036 ] ] ] ] } },
{ "type": "Feature", "properties": { "wkr": 26, "wkr_name": "Stralsund II" }, "geometry": { "type": "MultiPolygon", "coordinates": [ [ [ [ 13.129830633626423, 54.314643686093746 ], [ 13.124878880703934, 54.312024262284844 ], [ 13.130688970629134, 54.309405595326687 ], [ 13.131376020640051, 54.306957985663992 ], [ 13.128421897169012, 54.304820308791868 ], [ 13.124418953175558, 54.3048106432 ], [ 13.126552969109097, 54.303874671246362 ], [ 13.123577235144012, 54.302345796516747 ], [ 13.117421840185219, 54.304586467223139 ], [ 13.112899383938421, 54.308849211928695 ], [ 13.113130553922757, 54.311507745117623 ], [ 13.126917666956084, 54.31662670909823 ], [ 13.129830633626423, 54.314643686093746 ] ] ], [ [ [ 13.087972024284898, 54.321280842482111 ], [ 13.098676503965217, 54.317457424950454 ], [ 13.103587334474328, 54.311016218668982 ], [ 13.11239246430949, 54.305441411423949 ], [ 13.105964741074487, 54.290406604273272 ], [ 13.103288692401891, 54.289885347445171 ], [ 13.106064289576366, 54.282224386263167 ], [ 13.097407931619932, 54.282301288082465 ], [ 13.089436842475232, 54.276284037781132 ], [ 13.081771434998101, 54.263651143890137 ], [ 13.079246769325328, 54.266927878978919 ], [ 13.082100466922233, 54.267952770449241 ], [ 13.079892184564359, 54.275439311438433 ], [ 13.074947946863404, 54.276616192918219 ], [ 13.077907382563893, 54.284035129968537 ], [ 13.070852576236726, 54.283122870203471 ], [ 13.061710521887893, 54.285664045822593 ], [ 13.058496843584109, 54.284436417414902 ], [ 13.058588811524348, 54.281612361579981 ], [ 13.051518588047193, 54.281254796821976 ], [ 13.05333485684981, 54.287341090800915 ], [ 13.049678109559478, 54.287543298882667 ], [ 13.048650238717439, 54.284876632702463 ], [ 13.043119948482857, 54.286935511982563 ], [ 13.04321346904765, 54.290767614682011 ], [ 13.032210031755328, 54.288726761016143 ], [ 13.023290815791523, 54.294923229215243 ], [ 13.02461671770876, 54.303375769111469 ], [ 12.994146743691259, 54.302887421667108 ], [ 12.995973077835494, 54.309734118337509 ], [ 13.002339177625579, 54.311805656917024 ], [ 13.001679345488997, 54.313600939832504 ], [ 13.005892591654256, 54.316498217058943 ], [ 13.009330014333374, 54.313014086046707 ], [ 13.021701844808808, 54.315009371428218 ], [ 13.037349792646916, 54.313927989914831 ], [ 13.039950497909949, 54.315145981353922 ], [ 13.036736637345337, 54.317524976146068 ], [ 13.036634143210668, 54.320217355889952 ], [ 13.046329240976409, 54.321737801617417 ], [ 13.047758528836409, 54.318570357350637 ], [ 13.062182382695493, 54.319714886965919 ], [ 13.062679746306721, 54.324841238724616 ], [ 13.065105830177989, 54.325959225845544 ], [ 13.06328076881028, 54.327734504878563 ], [ 13.080777387735624, 54.335291005555987 ], [ 13.087972024284898, 54.321280842482111 ] ] ] ] } },
{ "type": "Feature", "properties": { "wkr": 27, "wkr_name": "Nordwestmecklenburg I" }, "geometry": { "type": "Polygon", "coordinates": [ [ [ 10.957462699857194, 53.712121150701414 ], [ 10.950945429688876, 53.705289300320715 ], [ 10.921737379790772, 53.705965087637729 ], [ 10.916805936688721, 53.699260158871169 ], [ 10.905693112635547, 53.7032435717949 ], [ 10.88688071709575, 53.705568674726074 ], [ 10.875426332239881, 53.701630205144191 ], [ 10.863472745324207, 53.703673012936171 ], [ 10.850441352646778, 53.700249901278653 ], [ 10.849321295047233, 53.702167176748311 ], [ 10.852642397352195, 53.705649284781408 ], [ 10.846616102662782, 53.704621977848547 ], [ 10.843677636397304, 53.707341709609494 ], [ 10.839563047532669, 53.707143864159818 ], [ 10.830037909573566, 53.710796684540107 ], [ 10.823673662098743, 53.711473868252526 ], [ 10.810580863465905, 53.720445513196239 ], [ 10.806449198671061, 53.728412565203406 ], [ 10.809732461605531, 53.730829635032364 ], [ 10.806953701923577, 53.738742441229306 ], [ 10.775036405298239, 53.748678344446695 ], [ 10.770636019446256, 53.749454037930896 ], [ 10.759220935762267, 53.747375264765253 ], [ 10.758665910192269, 53.74858488431024 ], [ 10.758811054974611, 53.764273561211837 ], [ 10.770316563224245, 53.774873320172674 ], [ 10.770931907009306, 53.776535880874995 ], [ 10.766885404507425, 53.780333060125137 ], [ 10.769368847135091, 53.788721780153608 ], [ 10.773073755107893, 53.79289915781856 ], [ 10.772084689565535, 53.79748087368516 ], [ 10.766234959313998, 53.801737043805517 ], [ 10.767178192040149, 53.805798268805518 ], [ 10.763448102593884, 53.811407962384621 ], [ 10.761511659534831, 53.823443253821274 ], [ 10.755555620919925, 53.830178198440485 ], [ 10.749019084000707, 53.83299805851756 ], [ 10.748617396749733, 53.839669342143843 ], [ 10.753769744990123, 53.847623927648229 ], [ 10.75350260902508, 53.849495505635126 ], [ 10.748726613748765, 53.850174073955337 ], [ 10.748179276989017, 53.851480866035423 ], [ 10.759507131906631, 53.857921716852573 ], [ 10.771565904828469, 53.873567182270349 ], [ 10.799620990974338, 53.87583290270139 ], [ 10.808213681057458, 53.883069900840823 ], [ 10.807616925989473, 53.885578682625933 ], [ 10.814631796086191, 53.888061422885983 ], [ 10.819292085293242, 53.892694058150589 ], [ 10.827924308191205, 53.892757368426238 ], [ 10.834096770934707, 53.895949366568026 ], [ 10.842381197614509, 53.89476883766136 ], [ 10.845625077826691, 53.895694593785493 ], [ 10.849589147570775, 53.898430931492648 ], [ 10.849342015831906, 53.90462036092817 ], [ 10.856470899131166, 53.904302948421964 ], [ 10.859690374681195, 53.90858211673244 ], [ 10.875461566834957, 53.914529953492909 ], [ 10.880060831167683, 53.923919885370609 ], [ 10.885143555176233, 53.925163485747113 ], [ 10.894211743613784, 53.91813795168995 ], [ 10.902267106793675, 53.91760748435938 ], [ 10.902568218464863, 53.915955761275818 ], [ 10.911826250582312, 53.914559422970896 ], [ 10.90222660807173, 53.907921020602309 ], [ 10.901708869431035, 53.904319995527814 ], [ 10.91170220646698, 53.897614715430372 ], [ 10.935821555210712, 53.90032213553414 ], [ 10.942743773670633, 53.903896531978297 ], [ 10.951711743627227, 53.905507964932966 ], [ 10.957219683459337, 53.909786526939484 ], [ 10.965800778398085, 53.906875057375004 ], [ 10.968776078184932, 53.909024328020635 ], [ 10.964377524798923, 53.913439001076398 ], [ 10.960506499785694, 53.914633136005733 ], [ 10.949115321849783, 53.912926536846264 ], [ 10.93624924063357, 53.919698345558452 ], [ 10.929972470687993, 53.918120445773425 ], [ 10.924790457071039, 53.921697746425593 ], [ 10.913640571618339, 53.923935831711447 ], [ 10.8978340056108, 53.922438259546198 ], [ 10.89493993138788, 53.926225029181403 ], [ 10.895776667860863, 53.93601581426482 ], [ 10.908774830782201, 53.947929922575469 ], [ 10.903786270245238, 53.956702319840716 ], [ 10.933494304598804, 53.964946399214881 ], [ 10.950460358238637, 53.973915070497924 ], [ 10.984879610674126, 53.988550172000629 ], [ 11.038958760935557, 54.005931512134296 ], [ 11.070287529803684, 54.009399353417756 ], [ 11.092066001139559, 54.013663565213612 ], [ 11.143939352493172, 54.009451689963448 ], [ 11.179170803645892, 54.014986424050647 ], [ 11.183307798228425, 54.01440186077113 ], [ 11.190392826307253, 54.010353512400314 ], [ 11.195652811982569, 53.998123697451973 ], [ 11.200265450633696, 53.992598846824698 ], [ 11.208900203850607, 53.987933144939042 ], [ 11.218972431343152, 53.984263945150914 ], [ 11.237197901433682, 53.982143701406535 ], [ 11.253210923707803, 53.987778426331424 ], [ 11.260534358572206, 53.982719499175644 ], [ 11.252526077091478, 53.97341348456014 ], [ 11.248173385645829, 53.974079386938847 ], [ 11.24624446612613, 53.972924048444398 ], [ 11.241308048359638, 53.953124313631569 ], [ 11.246739891330039, 53.94142987598552 ], [ 11.25967565218995, 53.934035745680767 ], [ 11.272812806278941, 53.930486243045578 ], [ 11.281267981470741, 53.929990376241342 ], [ 11.290473917038531, 53.931895576726042 ], [ 11.298875747812419, 53.936585490664712 ], [ 11.31597206333592, 53.942679899138504 ], [ 11.32687447918806, 53.957439601782852 ], [ 11.330671104928946, 53.959020549234587 ], [ 11.336725618094407, 53.958357376872236 ], [ 11.350352542355871, 53.943146596369687 ], [ 11.366818623266532, 53.93483375506225 ], [ 11.386450134899645, 53.939127035432001 ], [ 11.407348954812797, 53.934614584826171 ], [ 11.401141655747564, 53.925720011102797 ], [ 11.402969427651644, 53.92280088799663 ], [ 11.395267156380781, 53.92229094721651 ], [ 11.394429216611837, 53.924865691727668 ], [ 11.390912188609217, 53.920927122719029 ], [ 11.393057590271948, 53.914216942028247 ], [ 11.395497190072943, 53.913745783627867 ], [ 11.390519796941176, 53.893541130349313 ], [ 11.381776558146703, 53.876709214308185 ], [ 11.363362466885722, 53.878786878073228 ], [ 11.36031269466398, 53.877490720485852 ], [ 11.360048170887103, 53.873463689716097 ], [ 11.348776848059101, 53.871920397208179 ], [ 11.35217066458946, 53.866451525713309 ], [ 11.350926087718285, 53.864021267294419 ], [ 11.354112624243374, 53.862567914155726 ], [ 11.347051107558173, 53.858870605812619 ], [ 11.342151417276638, 53.849943734716632 ], [ 11.323532031317406, 53.851408410845501 ], [ 11.316373169895755, 53.85460660360377 ], [ 11.316390256179478, 53.850263739193487 ], [ 11.305966559389859, 53.851544612323238 ], [ 11.302462958093807, 53.850511734003931 ], [ 11.306467005450974, 53.84349028137553 ], [ 11.295986063956528, 53.843042701143965 ], [ 11.292448774906481, 53.838283969728224 ], [ 11.298671484940368, 53.836044477312946 ], [ 11.300442443079872, 53.819127932868433 ], [ 11.296209895316764, 53.82047497655455 ], [ 11.28911150331726, 53.813601663860645 ], [ 11.287122739890146, 53.807616193906235 ], [ 11.2938792937499, 53.806216660031126 ], [ 11.293540667321491, 53.803646315030406 ], [ 11.304688851994463, 53.805141903964028 ], [ 11.321906747346242, 53.765359804137034 ], [ 11.321214003589438, 53.761455138266953 ], [ 11.315392624972011, 53.764944021929054 ], [ 11.305090406651326, 53.764943603388716 ], [ 11.300286079302737, 53.763518604256667 ], [ 11.290706036837035, 53.764132541145187 ], [ 11.296219127528547, 53.750212980798985 ], [ 11.288228886805955, 53.75020580800296 ], [ 11.281360090405489, 53.761372739624235 ], [ 11.264546765982638, 53.756859813468431 ], [ 11.258917126951737, 53.76576531015008 ], [ 11.254207420828047, 53.766471781677794 ], [ 11.249556311231085, 53.764031281183598 ], [ 11.246496324915539, 53.771082151132575 ], [ 11.238264952801437, 53.77029944113044 ], [ 11.232894455274105, 53.776302840880994 ], [ 11.225010454294155, 53.77205866449831 ], [ 11.212604089902353, 53.770668407480528 ], [ 11.201211115462073, 53.776978939447922 ], [ 11.190335939374386, 53.778954558614927 ], [ 11.188667610780149, 53.78218123995417 ], [ 11.184760181122561, 53.782723608867862 ], [ 11.186365564130439, 53.786271713439668 ], [ 11.182865865847914, 53.794613794412534 ], [ 11.180240192642446, 53.794523890307964 ], [ 11.170390487388278, 53.790245541902188 ], [ 11.170872090391239, 53.787144489880198 ], [ 11.165067644621832, 53.785684338062573 ], [ 11.16372710762079, 53.776010280583037 ], [ 11.155998511127445, 53.769652434351023 ], [ 11.149183533370751, 53.768937672613561 ], [ 11.142953361339599, 53.756507197399436 ], [ 11.136655671158131, 53.754446967084995 ], [ 11.135003184285317, 53.74944257309518 ], [ 11.117552801577551, 53.746490523314193 ], [ 11.113346992344056, 53.744290941163584 ], [ 11.095093247426467, 53.750658342447082 ], [ 11.08784814503324, 53.74264406081403 ], [ 11.088584089976049, 53.738927222726588 ], [ 11.072406359868978, 53.731513434745501 ], [ 11.083246684625472, 53.718775899816741 ], [ 11.075003527443519, 53.717367521642885 ], [ 11.06192498614516, 53.711073739290697 ], [ 11.061730374996635, 53.70732096111292 ], [ 11.064725534497969, 53.705144922481267 ], [ 11.062755885394205, 53.701081929764058 ], [ 11.050028589833282, 53.699493736991002 ], [ 11.043948371680267, 53.70162353438058 ], [ 11.032411841159911, 53.698855080485053 ], [ 11.016064982778872, 53.704397178941726 ], [ 11.015785114098563, 53.709644813140486 ], [ 11.017964965174404, 53.71177059022213 ], [ 11.015170482136298, 53.722606801022252 ], [ 11.018829495416217, 53.7254595967512 ], [ 11.014931973138427, 53.728922890788567 ], [ 11.00389780440983, 53.729371221444296 ], [ 10.983163520001369, 53.727474861894684 ], [ 10.977143570307204, 53.720347283519892 ], [ 10.957462699857194, 53.712121150701414 ] ] ] } },
{ "type": "Feature", "properties": { "wkr": 28, "wkr_name": "Nordwestmecklenburg II" }, "geometry": { "type": "MultiPolygon", "coordinates": [ [ [ [ 11.454253901037177, 53.875482197624677 ], [ 11.453112946416136, 53.873895740156286 ], [ 11.450550989196865, 53.874191609881855 ], [ 11.451884228427705, 53.876316940104566 ], [ 11.454253901037177, 53.875482197624677 ] ] ], [ [ [ 11.477251836327865, 53.96371026153038 ], [ 11.476702271216199, 53.961637100391371 ], [ 11.475260178654578, 53.963551339507028 ], [ 11.477251836327865, 53.96371026153038 ] ] ], [ [ [ 11.470180272978043, 53.968334959415266 ], [ 11.466245394590096, 53.963700915866326 ], [ 11.46701163708031, 53.967419920879408 ], [ 11.470180272978043, 53.968334959415266 ] ] ], [ [ [ 11.494960170492783, 54.025533513379017 ], [ 11.487073168776694, 54.024739968296267 ], [ 11.495477936578796, 54.031711576424925 ], [ 11.498890096249529, 54.0297915207993 ], [ 11.496604177576923, 54.029244158708764 ], [ 11.494960170492783, 54.025533513379017 ] ] ], [ [ [ 11.535437717254414, 54.027160123151646 ], [ 11.543354854100883, 54.024892160366768 ], [ 11.562249571615281, 54.028213517788537 ], [ 11.579189365616784, 54.019244669250732 ], [ 11.575392645165534, 54.017671730040057 ], [ 11.580676122751781, 54.012568358098981 ], [ 11.580807709603439, 54.006782159249184 ], [ 11.587130891261115, 54.004332239666532 ], [ 11.58859885294738, 54.001934752377458 ], [ 11.585353216933434, 53.994108943696375 ], [ 11.58215834095374, 53.993479734739189 ], [ 11.582661495203702, 53.989259378330637 ], [ 11.587728035102462, 53.986655880534933 ], [ 11.594122229123096, 53.987411354698125 ], [ 11.604532051513194, 53.985672222381524 ], [ 11.614139031306232, 53.986004043418717 ], [ 11.614267016024437, 53.989385001428509 ], [ 11.609350455557394, 53.992686991677083 ], [ 11.61273829382657, 53.993918797243644 ], [ 11.61847129344342, 53.990744177120618 ], [ 11.623209683657427, 53.992792287954167 ], [ 11.63108574507738, 53.989507247136096 ], [ 11.648704852765505, 53.987367518082337 ], [ 11.657826993858038, 53.984415081327477 ], [ 11.65913617356448, 53.977741026562953 ], [ 11.651892504796683, 53.976145548065908 ], [ 11.651633805071548, 53.97357471999478 ], [ 11.658913320023153, 53.970669393503044 ], [ 11.663410900697395, 53.97126551276866 ], [ 11.670142787720154, 53.964756097702136 ], [ 11.677771193746139, 53.962169161637732 ], [ 11.671206177422157, 53.959346684975038 ], [ 11.666924027697233, 53.955172525344388 ], [ 11.670090801685001, 53.950407017895358 ], [ 11.667494904377888, 53.947412733199954 ], [ 11.673202887320176, 53.944376597744181 ], [ 11.675624616104997, 53.940595439488625 ], [ 11.674348769413362, 53.935978495989694 ], [ 11.686723668692983, 53.934348825709755 ], [ 11.69977181435481, 53.948605738386334 ], [ 11.697543800337655, 53.953659355215265 ], [ 11.706284963059886, 53.95548655952895 ], [ 11.725845106214638, 53.956265234750681 ], [ 11.731084822435824, 53.955489414873647 ], [ 11.731770780075781, 53.953045979480571 ], [ 11.748308539681396, 53.960047646734679 ], [ 11.748837214960814, 53.963657212749432 ], [ 11.741021445353185, 53.96895156755113 ], [ 11.74578062725714, 53.973936945224139 ], [ 11.749869795328928, 53.971994514463319 ], [ 11.75993912785486, 53.973006341278072 ], [ 11.76393620153749, 53.977332668006234 ], [ 11.77086550844329, 53.974989259131682 ], [ 11.781865897044881, 53.974341564196997 ], [ 11.80393413664847, 53.966636383750348 ], [ 11.797995438657399, 53.962613852004196 ], [ 11.798669534819419, 53.958476471546135 ], [ 11.79520943943483, 53.95620954754861 ], [ 11.79928583630298, 53.956106336689231 ], [ 11.792859429641705, 53.945823686574059 ], [ 11.795081512132599, 53.942349444640428 ], [ 11.792147447291811, 53.94098854492826 ], [ 11.794069451815798, 53.938227531513128 ], [ 11.791411289180509, 53.935687001509763 ], [ 11.791957551347455, 53.93253164290639 ], [ 11.800647438807369, 53.929695928922847 ], [ 11.80492759530547, 53.918716879984736 ], [ 11.802103486035685, 53.917691445099329 ], [ 11.80139096995935, 53.912923545161213 ], [ 11.791027434940654, 53.914071092817856 ], [ 11.78904835159633, 53.910234195756509 ], [ 11.794764307027959, 53.909917295924153 ], [ 11.796810963450461, 53.908332442652288 ], [ 11.79305083685227, 53.906670885956473 ], [ 11.7953316452738, 53.902576921065403 ], [ 11.7898906762448, 53.898677410653839 ], [ 11.78865475247845, 53.893575205509627 ], [ 11.798281344657644, 53.89098333070956 ], [ 11.79164161495336, 53.88534955086029 ], [ 11.787764384358402, 53.886199452659916 ], [ 11.781570915177671, 53.883207849866878 ], [ 11.773136823102162, 53.882728594944403 ], [ 11.762084323236477, 53.874656975949797 ], [ 11.762015906742372, 53.872345506617862 ], [ 11.773026717234384, 53.867805923266289 ], [ 11.778372095000318, 53.862071553041503 ], [ 11.776871520785733, 53.859270601225063 ], [ 11.759577343777524, 53.851941726009223 ], [ 11.767705046312409, 53.845675121012803 ], [ 11.760663742466942, 53.83334982581902 ], [ 11.771009812639949, 53.830401109265928 ], [ 11.765030247975172, 53.827163091136747 ], [ 11.756839754309416, 53.825271658104512 ], [ 11.757510143301035, 53.824022778173209 ], [ 11.766174714819657, 53.823904742073132 ], [ 11.781958672542459, 53.81981242167064 ], [ 11.793644303357818, 53.822145692908961 ], [ 11.801655492865921, 53.817841545815831 ], [ 11.798793143275693, 53.813473973354405 ], [ 11.801598743483195, 53.811871451056028 ], [ 11.800724170344314, 53.808890462695196 ], [ 11.807413011416756, 53.802822126530522 ], [ 11.810452606527452, 53.794850751141283 ], [ 11.808022430417038, 53.788734026677943 ], [ 11.802788280047814, 53.789533798679749 ], [ 11.791979782997148, 53.778400341689853 ], [ 11.794577786481041, 53.776408293240834 ], [ 11.793568842431757, 53.77248302117605 ], [ 11.797646332083577, 53.770838988706807 ], [ 11.788508579454771, 53.768483639172572 ], [ 11.777807283508462, 53.770330021391246 ], [ 11.771983187913097, 53.766806758305343 ], [ 11.767272422659621, 53.767508756967409 ], [ 11.764629973899332, 53.765772696836201 ], [ 11.762247170061077, 53.767514061896442 ], [ 11.763269610525297, 53.770402019066637 ], [ 11.753438974512713, 53.768111865178675 ], [ 11.751964481206056, 53.769144581821564 ], [ 11.754086422148438, 53.773384945745754 ], [ 11.763666276274666, 53.775563429064761 ], [ 11.761039160635987, 53.777224608723678 ], [ 11.764035620975505, 53.778275795799736 ], [ 11.751879970128254, 53.777546073937408 ], [ 11.75035782160073, 53.783214047904593 ], [ 11.740204825570284, 53.783531474379046 ], [ 11.737636896658678, 53.78108375018558 ], [ 11.731461337370632, 53.781800319189983 ], [ 11.726181471087219, 53.786041283190904 ], [ 11.730205624526787, 53.789417906967763 ], [ 11.725923153243237, 53.790567404742966 ], [ 11.728536729970887, 53.794661830072435 ], [ 11.724268514017236, 53.796028008500507 ], [ 11.720919198883431, 53.79461109324216 ], [ 11.721978396276663, 53.796569822693002 ], [ 11.715438364228504, 53.79818768802587 ], [ 11.710988848638012, 53.792172790054558 ], [ 11.701824660492978, 53.789085814886896 ], [ 11.696160306972953, 53.789535231379496 ], [ 11.699290131265897, 53.784001190550164 ], [ 11.69550622030234, 53.7811101399639 ], [ 11.697633455041602, 53.777591200748986 ], [ 11.693430612917117, 53.776973656245005 ], [ 11.692999426761691, 53.780703330936063 ], [ 11.67965412833636, 53.787559035325145 ], [ 11.667828877105688, 53.784441082363763 ], [ 11.66941574465921, 53.775704554392171 ], [ 11.660565502791648, 53.774395025691362 ], [ 11.665311313703365, 53.772991623196525 ], [ 11.666326472932303, 53.770786622624598 ], [ 11.663128308752077, 53.766426842957529 ], [ 11.664111033830839, 53.761502069568508 ], [ 11.660914994281695, 53.758932451759698 ], [ 11.657540701064534, 53.760368210636479 ], [ 11.656298086831013, 53.763784230542392 ], [ 11.650024710598045, 53.766550897882396 ], [ 11.649337055838927, 53.772692923460774 ], [ 11.653772581095824, 53.775478401113254 ], [ 11.651553807773945, 53.776434874587807 ], [ 11.639689266926213, 53.77725678899872 ], [ 11.639205065057574, 53.774045308545482 ], [ 11.626768153912328, 53.760795660962621 ], [ 11.609423773760163, 53.760642475059711 ], [ 11.605988392750106, 53.758967755286541 ], [ 11.601010563280417, 53.760809884479286 ], [ 11.586391254372108, 53.76062662834488 ], [ 11.581108632665781, 53.763981159713623 ], [ 11.577449425114418, 53.76269683594586 ], [ 11.575979340093395, 53.76542895478898 ], [ 11.580322188856449, 53.767695346248878 ], [ 11.57595714840282, 53.76640584028106 ], [ 11.567585589470282, 53.766667628290385 ], [ 11.552504117622084, 53.762639158533922 ], [ 11.54420070135458, 53.768801803728088 ], [ 11.522025412506883, 53.76066966474442 ], [ 11.53117767549195, 53.768464462408936 ], [ 11.526882217757567, 53.768240628738354 ], [ 11.521469100975624, 53.77094112463147 ], [ 11.525750192920345, 53.778476789922721 ], [ 11.513642368746797, 53.769851192336873 ], [ 11.50007699967197, 53.769516465469458 ], [ 11.496375119187185, 53.771472563537991 ], [ 11.489638490972419, 53.766392665379399 ], [ 11.491735179787714, 53.761656881892314 ], [ 11.489154694115973, 53.759923466798469 ], [ 11.492846377310343, 53.758513233937343 ], [ 11.490765283352511, 53.757287184105657 ], [ 11.497019118856777, 53.749904591152315 ], [ 11.502106399387378, 53.734278661188505 ], [ 11.496339187193909, 53.721101371600838 ], [ 11.49646249608716, 53.716389695043489 ], [ 11.48669131000894, 53.704407733326171 ], [ 11.484768670513963, 53.690606221159634 ], [ 11.480513505559516, 53.688224899979666 ], [ 11.473337989799669, 53.687533905978157 ], [ 11.468049137616092, 53.695905223536478 ], [ 11.463640910892359, 53.696951362200011 ], [ 11.454935324604872, 53.692194335456058 ], [ 11.451782907298972, 53.693160136025917 ], [ 11.449689337648303, 53.692210893244031 ], [ 11.462425151872438, 53.684187118610502 ], [ 11.459471628325121, 53.681775515789695 ], [ 11.440272405375856, 53.680908672374152 ], [ 11.43674978899341, 53.682271691385303 ], [ 11.436677441895734, 53.68495705322956 ], [ 11.430686718087973, 53.685488352105999 ], [ 11.43076983338792, 53.686801471767147 ], [ 11.41076139669998, 53.686736079398031 ], [ 11.405714930347033, 53.67796861511092 ], [ 11.400429123817835, 53.67717629356833 ], [ 11.395032857188435, 53.680418279365135 ], [ 11.395491927451447, 53.678866000678376 ], [ 11.390340633599967, 53.675488974496936 ], [ 11.386297972640312, 53.679416988527322 ], [ 11.373817962488825, 53.679258945813679 ], [ 11.366728544267588, 53.673213944827857 ], [ 11.368146071529203, 53.669225276339887 ], [ 11.364896742093727, 53.667924410094514 ], [ 11.360106382873346, 53.670793401809533 ], [ 11.357731794552341, 53.675038143972202 ], [ 11.360243427554689, 53.68136322031129 ], [ 11.354792845031699, 53.681357356473612 ], [ 11.355039348266668, 53.675508051738099 ], [ 11.350506713034934, 53.674951811048686 ], [ 11.343575980325445, 53.677964531991634 ], [ 11.336608459933148, 53.671467913485799 ], [ 11.333844662818001, 53.672254986880979 ], [ 11.332880691790042, 53.670509974950882 ], [ 11.32842608506639, 53.669757594784592 ], [ 11.320902247946485, 53.671222160055855 ], [ 11.316873419521563, 53.663121803041157 ], [ 11.296651413241918, 53.662046634272343 ], [ 11.29681322525852, 53.659988889400509 ], [ 11.303471710684853, 53.658533611508084 ], [ 11.302193409914329, 53.653281324442084 ], [ 11.294884687216904, 53.650444831259648 ], [ 11.291114609611748, 53.652991108686031 ], [ 11.286987874605337, 53.647979165308001 ], [ 11.282040586112574, 53.648511699544443 ], [ 11.290748037967665, 53.64095013265996 ], [ 11.293862705705354, 53.640344112708405 ], [ 11.294367825192131, 53.637375863935333 ], [ 11.297946219562638, 53.637129272941579 ], [ 11.298708857362296, 53.635578466099986 ], [ 11.304454147105659, 53.636735242454286 ], [ 11.306964585509936, 53.634317220406764 ], [ 11.303362668890145, 53.629076759865519 ], [ 11.29617642669432, 53.628438166996176 ], [ 11.294450151716475, 53.630367550380583 ], [ 11.292813862284032, 53.629607507395349 ], [ 11.294748387768777, 53.626456149395914 ], [ 11.293414137870325, 53.620974054237806 ], [ 11.298216420223744, 53.619608479854008 ], [ 11.306752182468063, 53.622340623621795 ], [ 11.316955120749443, 53.621197472388573 ], [ 11.313371035126076, 53.61584831675394 ], [ 11.314621559703534, 53.61336464863551 ], [ 11.307751996673773, 53.611519092608106 ], [ 11.297421236644045, 53.604041233038039 ], [ 11.301085677366531, 53.603175383385356 ], [ 11.301620854904263, 53.594361745622187 ], [ 11.284758469066494, 53.588279317747208 ], [ 11.282358469585247, 53.588130181641461 ], [ 11.273904046180503, 53.595796020384327 ], [ 11.260004610204968, 53.597675385230382 ], [ 11.249245243613363, 53.595525160303737 ], [ 11.247010698055069, 53.590484299244828 ], [ 11.241708756334159, 53.588168770182769 ], [ 11.239982610822272, 53.592709377752165 ], [ 11.234808209283175, 53.595443461136384 ], [ 11.241129045802541, 53.60104892458601 ], [ 11.234888318549277, 53.603398613130842 ], [ 11.224928170397025, 53.602654407978754 ], [ 11.216537911668826, 53.598327133149326 ], [ 11.206747162509576, 53.601108267575349 ], [ 11.20159036707358, 53.590212665634922 ], [ 11.203190746244195, 53.584834170591556 ], [ 11.198215771589588, 53.580494626239044 ], [ 11.169327706210858, 53.570586974252876 ], [ 11.159375572021666, 53.57069306437095 ], [ 11.144623169311837, 53.566441455735074 ], [ 11.141520548686996, 53.567327831818041 ], [ 11.141102025274181, 53.569557679728369 ], [ 11.143167069249627, 53.5753236400259 ], [ 11.146526609417416, 53.577724741769067 ], [ 11.141376138876993, 53.578244825562336 ], [ 11.141234218318198, 53.579366077702282 ], [ 11.148191050136711, 53.5862461449668 ], [ 11.145967095042757, 53.589058978892623 ], [ 11.140510589620519, 53.589598423118332 ], [ 11.140509282508491, 53.591386249569211 ], [ 11.134830912471431, 53.59362486623673 ], [ 11.114765935204719, 53.588646075938009 ], [ 11.116113407093396, 53.591618178675056 ], [ 11.102670218198767, 53.60561098047674 ], [ 11.101183922438342, 53.604322374603669 ], [ 11.091642950439629, 53.608018235759374 ], [ 11.082606493500437, 53.605449941898975 ], [ 11.080780381561345, 53.60190821640952 ], [ 11.06611945076942, 53.60473119348574 ], [ 11.063581267880821, 53.599223637464675 ], [ 11.051635644961324, 53.598336678886263 ], [ 11.042032185562466, 53.599292014446341 ], [ 11.034478230374841, 53.596254593169832 ], [ 11.032095546154199, 53.59834267669693 ], [ 11.009788201454935, 53.603702773043025 ], [ 11.01180836116408, 53.61992868293143 ], [ 11.004680059135719, 53.625340777194452 ], [ 11.00202949756086, 53.625526222957021 ], [ 11.002908269534139, 53.630763611615194 ], [ 10.999772990923372, 53.634951508298037 ], [ 10.992294307044308, 53.636928070477794 ], [ 10.988293922336574, 53.635372295867228 ], [ 10.980081275508308, 53.643131772322498 ], [ 10.973429205706402, 53.642318755824284 ], [ 10.968443127314647, 53.64591479810565 ], [ 10.965446340559943, 53.644519839878498 ], [ 10.952760702372977, 53.64728940441011 ], [ 10.954761022618657, 53.658757396957839 ], [ 10.94981237911086, 53.658319454510703 ], [ 10.947955712668579, 53.660908196822909 ], [ 10.945611465635178, 53.658984314461875 ], [ 10.938337372634173, 53.666258786851479 ], [ 10.941841838192557, 53.669417506424985 ], [ 10.939919899029974, 53.673283953592964 ], [ 10.94407248325051, 53.673993614199297 ], [ 10.941903625911609, 53.684328149046138 ], [ 10.936121997040749, 53.687495066741285 ], [ 10.928613519346921, 53.686339834059545 ], [ 10.9267069225751, 53.689743603014534 ], [ 10.922906112228427, 53.689975589773724 ], [ 10.920668974498476, 53.688534485104029 ], [ 10.918605415670996, 53.689381109964756 ], [ 10.918665147661903, 53.691096021179867 ], [ 10.926102021585697, 53.692306465720343 ], [ 10.922449949527365, 53.699090864360954 ], [ 10.916806532251583, 53.699244447188491 ], [ 10.92173797371478, 53.705949375930935 ], [ 10.950946012700225, 53.705273588256759 ], [ 10.954939520953181, 53.707703898601999 ], [ 10.953848238761443, 53.709975666264477 ], [ 10.960462036531117, 53.713868959264303 ], [ 10.978428456019563, 53.720990753256878 ], [ 10.983164091717061, 53.727459149504774 ], [ 11.003898368456605, 53.729355508817214 ], [ 11.014932533078696, 53.728907178048686 ], [ 11.018830053767061, 53.72544388395977 ], [ 11.015171041760222, 53.72259108824845 ], [ 11.01809077209928, 53.712321908682405 ], [ 11.015785673092555, 53.709629100331824 ], [ 11.016065541469832, 53.70438146611945 ], [ 11.032412393580946, 53.698839367468572 ], [ 11.043948919898778, 53.701607821237623 ], [ 11.050029135699431, 53.699478023778369 ], [ 11.061901755530474, 53.700748360520322 ], [ 11.064744917229914, 53.704348999477844 ], [ 11.061730916747473, 53.707305247805735 ], [ 11.061925527952138, 53.71105802598926 ], [ 11.07500406456076, 53.717351808190486 ], [ 11.083247218721313, 53.718760186271986 ], [ 11.072406898396977, 53.731497721368044 ], [ 11.08825519199425, 53.738572974035861 ], [ 11.087848678145621, 53.742628347291038 ], [ 11.095093778088662, 53.750642628866956 ], [ 11.113347515986296, 53.744275227358365 ], [ 11.118308467927827, 53.746666125409391 ], [ 11.135003700007514, 53.749426859053862 ], [ 11.136656186418749, 53.754431253044636 ], [ 11.142953874305256, 53.756491483314804 ], [ 11.148420421762786, 53.768460265748281 ], [ 11.155999019643875, 53.769636720135374 ], [ 11.16372761342452, 53.775994566299076 ], [ 11.165068150214829, 53.785668623786663 ], [ 11.170872593857219, 53.787128775551359 ], [ 11.170390991114388, 53.790229827593997 ], [ 11.180240692812626, 53.794508175905129 ], [ 11.182866365038349, 53.79459807998235 ], [ 11.186366061760792, 53.7862559989536 ], [ 11.184760679246764, 53.782707894390718 ], [ 11.188668107465364, 53.782165525437527 ], [ 11.190336435308716, 53.77893884405745 ], [ 11.201211607262165, 53.776963224785042 ], [ 11.212604577274877, 53.770652692667987 ], [ 11.223667541391675, 53.771557446544826 ], [ 11.232894935209554, 53.776287125892964 ], [ 11.238265430549767, 53.770283726053989 ], [ 11.246496799609661, 53.771066435991258 ], [ 11.248765736586559, 53.764190169513853 ], [ 11.253854097717969, 53.766402063336606 ], [ 11.258917596862059, 53.765749594848153 ], [ 11.264547233516939, 53.756844098106797 ], [ 11.281360551788575, 53.761357024086571 ], [ 11.288229345299493, 53.750190092387641 ], [ 11.296219583043133, 53.750197265083777 ], [ 11.291046056573615, 53.764329166703625 ], [ 11.300286533675195, 53.763502888532813 ], [ 11.31396554392056, 53.765143054371215 ], [ 11.321638899648393, 53.761617616846536 ], [ 11.321907193685723, 53.765344088210433 ], [ 11.304689305912635, 53.805126188311476 ], [ 11.293541125358308, 53.803630599482275 ], [ 11.293879751733456, 53.806200944485468 ], [ 11.287123200443126, 53.807600478431503 ], [ 11.289111963299936, 53.813585948365684 ], [ 11.296210352839886, 53.820459261004622 ], [ 11.3004428989834, 53.819112217288612 ], [ 11.298671941995099, 53.836028761777875 ], [ 11.292449234352423, 53.838268254254572 ], [ 11.295986522208121, 53.843026985647661 ], [ 11.306467459786152, 53.843474565772027 ], [ 11.30246341412756, 53.850496018453804 ], [ 11.305967014139975, 53.851528896744149 ], [ 11.316390707008845, 53.850248023512144 ], [ 11.316373620827902, 53.854590887946046 ], [ 11.323532479477461, 53.851392695109126 ], [ 11.342151858423065, 53.849928018778428 ], [ 11.347436081875632, 53.859286523546174 ], [ 11.354113061246331, 53.862552198125677 ], [ 11.350926525991222, 53.864005551304139 ], [ 11.352171102430045, 53.866435809714233 ], [ 11.348777287331229, 53.871904681271864 ], [ 11.360048605966639, 53.873447973652183 ], [ 11.360313129763382, 53.8774750044306 ], [ 11.363362900870948, 53.878771162006394 ], [ 11.381776985168532, 53.876693498043096 ], [ 11.39052022116304, 53.893525414057066 ], [ 11.40014872988567, 53.892409828224672 ], [ 11.41389190315693, 53.885108599029962 ], [ 11.419794632649882, 53.879510567346124 ], [ 11.41777884892895, 53.878865763146429 ], [ 11.417361365507732, 53.871063748039269 ], [ 11.428761326172236, 53.866984094725076 ], [ 11.429765163352434, 53.865349311727677 ], [ 11.434181867760843, 53.872472539590646 ], [ 11.437241200753466, 53.872024082845421 ], [ 11.439023879724841, 53.877605192565952 ], [ 11.444189601316182, 53.876544458057872 ], [ 11.443741132929361, 53.87521318069529 ], [ 11.44984439889781, 53.87299055383594 ], [ 11.450596125909547, 53.870785161146891 ], [ 11.459069465275059, 53.874116770925447 ], [ 11.462389359864886, 53.869813959680478 ], [ 11.483184492284868, 53.86673375186443 ], [ 11.483876708034698, 53.868335048042823 ], [ 11.486591898072374, 53.867633069842 ], [ 11.491712005497675, 53.874092872814842 ], [ 11.50054824055446, 53.873290501833829 ], [ 11.503016228498874, 53.875874101189574 ], [ 11.508022590811075, 53.877088911042954 ], [ 11.513270695822413, 53.87648424481003 ], [ 11.51528832216294, 53.879187321360021 ], [ 11.509751887137808, 53.881947861362342 ], [ 11.510835232594099, 53.884301679238007 ], [ 11.51906546129848, 53.882387809072156 ], [ 11.519266620432465, 53.88651283894189 ], [ 11.524087587290905, 53.885690704036975 ], [ 11.527391394599293, 53.889989891062029 ], [ 11.523124791908131, 53.890982706932803 ], [ 11.524000843938433, 53.892182548220262 ], [ 11.52741762853173, 53.891757382620412 ], [ 11.53350313711465, 53.900319458738757 ], [ 11.514875634753119, 53.90147289129709 ], [ 11.504663158029098, 53.903729210663514 ], [ 11.503940959341763, 53.910422298044224 ], [ 11.51137369586162, 53.913854066723303 ], [ 11.512745519091444, 53.917687641630984 ], [ 11.509278571826037, 53.918257950572752 ], [ 11.515435652300784, 53.923611478116833 ], [ 11.516193760272161, 53.927786542638522 ], [ 11.509815208367742, 53.928209525017756 ], [ 11.508658246213521, 53.930874474219415 ], [ 11.486518023507621, 53.934374359953857 ], [ 11.486684925749822, 53.93852600633798 ], [ 11.479831423770952, 53.93860206780537 ], [ 11.482432804304352, 53.947524952399831 ], [ 11.479821763071939, 53.961434570418419 ], [ 11.482970541309689, 53.964582924978849 ], [ 11.48259411184114, 53.968168392355174 ], [ 11.478541334285863, 53.96763031390455 ], [ 11.478281448102662, 53.96418784478805 ], [ 11.474903604521668, 53.965125363194886 ], [ 11.471539570541037, 53.963342595569877 ], [ 11.472386119523975, 53.968876300062433 ], [ 11.464446379639556, 53.969224511331966 ], [ 11.458964902204738, 53.962292561438829 ], [ 11.454962037597294, 53.962130305908339 ], [ 11.455456628891518, 53.957248363735729 ], [ 11.444216890746171, 53.960266360963161 ], [ 11.441673875518072, 53.969456305969437 ], [ 11.446493412774077, 53.974783932957763 ], [ 11.446336730334423, 53.997333234878198 ], [ 11.439636135820448, 53.994727415107242 ], [ 11.427913548023811, 53.985011412197025 ], [ 11.430614565519679, 53.984026901412463 ], [ 11.428595055188465, 53.983506016520167 ], [ 11.427822317384418, 53.974619926182193 ], [ 11.429817155496652, 53.969528582820878 ], [ 11.426889652142457, 53.967170121345475 ], [ 11.42809115920759, 53.961952225804865 ], [ 11.432909309027785, 53.964012257475979 ], [ 11.432463276666333, 53.962340025297223 ], [ 11.427283391123032, 53.960517103916047 ], [ 11.421007113858385, 53.961780749560042 ], [ 11.408887431318535, 53.968959218863361 ], [ 11.400386217164501, 53.96906736670941 ], [ 11.392902890778219, 53.974474325080422 ], [ 11.386387513699873, 53.968968516902869 ], [ 11.387541401046789, 53.967781561662633 ], [ 11.393084331066603, 53.966320804890017 ], [ 11.395721823231783, 53.967512032376113 ], [ 11.40741230636082, 53.967789045326619 ], [ 11.410282179293711, 53.966384411840096 ], [ 11.39938132611775, 53.964048868837338 ], [ 11.387462891894309, 53.966312390335034 ], [ 11.378256069686181, 53.975345987956793 ], [ 11.375009164395047, 53.992643641820699 ], [ 11.378126201774354, 53.997181481909692 ], [ 11.403810091363043, 54.008704348926379 ], [ 11.44707059739887, 54.02148291624313 ], [ 11.470591015965095, 54.024463129519859 ], [ 11.491718603265648, 54.022599479173152 ], [ 11.496065145442699, 54.018504791059819 ], [ 11.49256975199199, 54.003261869003119 ], [ 11.487921961210501, 53.998843852624425 ], [ 11.487494078087964, 54.003029402516958 ], [ 11.482880491683341, 54.001540784696978 ], [ 11.485796493357835, 54.007490436486364 ], [ 11.483135277498659, 54.008441480416202 ], [ 11.481649399936545, 53.999419374748662 ], [ 11.478743338279326, 53.99800695235588 ], [ 11.479549738576081, 53.981719285094783 ], [ 11.473547936695153, 53.979859843207713 ], [ 11.467988842761072, 53.972897067025343 ], [ 11.479275419140798, 53.970317542195701 ], [ 11.484097901667337, 53.972028128191603 ], [ 11.484575808805689, 53.974301491425202 ], [ 11.487719105279057, 53.974706168447746 ], [ 11.486161815120607, 53.9710908087267 ], [ 11.488790398005534, 53.968223926126875 ], [ 11.493568412769987, 53.970594973309964 ], [ 11.490876068129573, 53.976718093859581 ], [ 11.498694153287957, 53.981566407145401 ], [ 11.499744432553506, 53.985647653100592 ], [ 11.498446714447443, 53.988536158820217 ], [ 11.494607631580633, 53.988318627638357 ], [ 11.490405183170466, 53.993599538808382 ], [ 11.497146023351746, 53.995643249907971 ], [ 11.512432592862151, 54.01351285022794 ], [ 11.534626108155063, 54.020173181747708 ], [ 11.533757768064874, 54.025230205863238 ], [ 11.529390719106415, 54.026982453449548 ], [ 11.52862362384132, 54.025398755104163 ], [ 11.517262511219309, 54.026125552166334 ], [ 11.518531456788631, 54.029949424417005 ], [ 11.524034352108885, 54.033804483817001 ], [ 11.529494771849219, 54.033755730551675 ], [ 11.535437717254414, 54.027160123151646 ] ], [ [ 11.449060214677946, 53.868581824519971 ], [ 11.447962399776779, 53.871094034013339 ], [ 11.444344789085154, 53.868279134877064 ], [ 11.445814334945974, 53.867279452247317 ], [ 11.44394727931469, 53.86511351098973 ], [ 11.446317272595618, 53.864407106590598 ], [ 11.449060214677946, 53.868581824519971 ] ], [ [ 11.665635008069065, 53.793599110670179 ], [ 11.666014610701907, 53.791349959297925 ], [ 11.67938755478156, 53.790034835148624 ], [ 11.688371270030018, 53.784292886085161 ], [ 11.694253032061624, 53.782715425564817 ], [ 11.693285092872973, 53.788599864554499 ], [ 11.690022697213179, 53.788233431871191 ], [ 11.691622144040373, 53.792513944224417 ], [ 11.665635008069065, 53.793599110670179 ] ] ] ] } },
{ "type": "Feature", "properties": { "wkr": 29, "wkr_name": "Vorpommern-Greifswald II" }, "geometry": { "type": "Polygon", "coordinates": [ [ [ 13.445457780982176, 53.74811025895643 ], [ 13.424242323789599, 53.752702068346281 ], [ 13.406546073680222, 53.759393619447643 ], [ 13.391873850069695, 53.762401002655544 ], [ 13.385486328420903, 53.755037519874229 ], [ 13.371049944162278, 53.748200608393653 ], [ 13.36709510884338, 53.749989471661763 ], [ 13.369071004129331, 53.752085264823393 ], [ 13.365699001117994, 53.753336938679837 ], [ 13.367293709058632, 53.755155700287204 ], [ 13.360227190386951, 53.75757409942166 ], [ 13.375789946175566, 53.766767305195103 ], [ 13.361191858841273, 53.77564232914294 ], [ 13.359685642809797, 53.779211316382337 ], [ 13.354125201259031, 53.78183080599559 ], [ 13.352228983789683, 53.785376625959294 ], [ 13.343817867220393, 53.787547764422413 ], [ 13.344095915208833, 53.804260240220941 ], [ 13.352902224882023, 53.803886217922994 ], [ 13.365966683988679, 53.799878910348632 ], [ 13.376664596828698, 53.799921159899199 ], [ 13.387517635541247, 53.80732328345654 ], [ 13.387695422631388, 53.81098503681978 ], [ 13.393002358013032, 53.816210328602622 ], [ 13.392047988771589, 53.819952679757783 ], [ 13.396482771526017, 53.828180002560053 ], [ 13.394096703952908, 53.834357739841046 ], [ 13.381787424279286, 53.83998850413245 ], [ 13.378300093274747, 53.844847618832041 ], [ 13.371630653770183, 53.848088264736496 ], [ 13.374210187097397, 53.854583060203517 ], [ 13.378191716996515, 53.856457202448759 ], [ 13.364973438510235, 53.862884055104367 ], [ 13.38171276910515, 53.867803500656201 ], [ 13.390535193799806, 53.868064752865841 ], [ 13.379911847893601, 53.879937511696895 ], [ 13.372335529936114, 53.883367662776379 ], [ 13.372969054834179, 53.889586433805199 ], [ 13.377340112686012, 53.893526750545718 ], [ 13.387635695717998, 53.894713807151554 ], [ 13.405989936000237, 53.892442139022634 ], [ 13.406444143331342, 53.899691450774384 ], [ 13.409699075557015, 53.902405808580376 ], [ 13.40420987631291, 53.909811770788785 ], [ 13.388132052384181, 53.909025026839558 ], [ 13.382086508836659, 53.910402927981735 ], [ 13.368813206386204, 53.92134523723972 ], [ 13.34886735220233, 53.925794875781953 ], [ 13.343848047945643, 53.928415500283968 ], [ 13.338659099139095, 53.936053720246896 ], [ 13.320463017061455, 53.946809123769015 ], [ 13.31169695594679, 53.957494893973113 ], [ 13.32138777920713, 53.961890360660007 ], [ 13.327257344274368, 53.962512464331404 ], [ 13.335044093868525, 53.961069563878581 ], [ 13.341139792694952, 53.9634700078226 ], [ 13.338232179664226, 53.966879875907253 ], [ 13.336870874243496, 53.976567881812983 ], [ 13.342361474034538, 53.984669021991316 ], [ 13.331500709127431, 53.988220668801624 ], [ 13.332138349193922, 53.993099197413059 ], [ 13.325334916451817, 53.998878107247663 ], [ 13.316773178134742, 53.999630683866201 ], [ 13.319613386688923, 54.004202852046319 ], [ 13.291113428607847, 54.007772046026453 ], [ 13.285928936257106, 54.02101571836053 ], [ 13.283014053146145, 54.021126426752943 ], [ 13.275641713785776, 54.031233682602199 ], [ 13.257737210866608, 54.029773490264553 ], [ 13.252667132882696, 54.034120084326453 ], [ 13.243378517562748, 54.034847382317452 ], [ 13.239616298316834, 54.039612521064477 ], [ 13.239594180602046, 54.049507115805291 ], [ 13.233666831450801, 54.055744181657545 ], [ 13.234503743332631, 54.059723475824157 ], [ 13.239480943932623, 54.06270467722775 ], [ 13.242128121978293, 54.062575680346256 ], [ 13.248377002278094, 54.067667501761015 ], [ 13.264164820171302, 54.065787650639116 ], [ 13.268014058557306, 54.063813782373082 ], [ 13.278095688239199, 54.06351967513973 ], [ 13.289022640323438, 54.073021750204639 ], [ 13.260123926830866, 54.082756819902727 ], [ 13.247991354512104, 54.10021475117437 ], [ 13.237759140452432, 54.103672261819355 ], [ 13.225506520207613, 54.105044446600608 ], [ 13.218689290966521, 54.11170232638662 ], [ 13.216367211875459, 54.117527605710947 ], [ 13.22263538852245, 54.120540106561158 ], [ 13.236959192856668, 54.120291295139637 ], [ 13.239733231166865, 54.121778009816602 ], [ 13.246535290405456, 54.120120983398621 ], [ 13.244491469693495, 54.122695773950809 ], [ 13.252951656213385, 54.128776457655654 ], [ 13.271105288516731, 54.132218529332533 ], [ 13.290721041239674, 54.133895143337277 ], [ 13.291472490612241, 54.139499730011927 ], [ 13.287497616381504, 54.144505121054898 ], [ 13.287488666336509, 54.149075007016748 ], [ 13.292732870316813, 54.150381023089615 ], [ 13.287867464538211, 54.159160267439631 ], [ 13.288830261764657, 54.165341654080898 ], [ 13.298190621589395, 54.178266437109059 ], [ 13.319939960681909, 54.193354575032231 ], [ 13.324533747306937, 54.185723895108822 ], [ 13.328055181204807, 54.182988879968207 ], [ 13.333154469682153, 54.182457178179774 ], [ 13.332254872324917, 54.177022958889587 ], [ 13.341151697687179, 54.175130383333823 ], [ 13.340924501557277, 54.173693989597488 ], [ 13.335798211499029, 54.173768734600742 ], [ 13.334838986510842, 54.171308195662597 ], [ 13.331179656570296, 54.170386718878653 ], [ 13.332009865461046, 54.169152118198525 ], [ 13.31711550077422, 54.160694496873155 ], [ 13.318648621211858, 54.159779028310027 ], [ 13.322578169262384, 54.16007236425375 ], [ 13.330348443562738, 54.164591013587611 ], [ 13.334101936319309, 54.164662730798852 ], [ 13.337561619414393, 54.167549210175011 ], [ 13.348393596583071, 54.165780078825769 ], [ 13.349967808546937, 54.167751111403248 ], [ 13.356620508467417, 54.168222548815834 ], [ 13.357230336099963, 54.170200039155091 ], [ 13.367698375525572, 54.17223311171729 ], [ 13.378694643234986, 54.1772071674784 ], [ 13.386418885893692, 54.175681086709453 ], [ 13.395083613923344, 54.170604637078995 ], [ 13.407414849703072, 54.168819419971392 ], [ 13.408888684835716, 54.166442842643129 ], [ 13.407193217988558, 54.16230536159712 ], [ 13.395410549196828, 54.159624562025378 ], [ 13.389125606898126, 54.154677097401418 ], [ 13.381687022761644, 54.15219080086154 ], [ 13.383548109715635, 54.143089513213077 ], [ 13.389475362977532, 54.142881173930718 ], [ 13.40030310633052, 54.146623129359867 ], [ 13.405804146780017, 54.154512300244392 ], [ 13.410850591180637, 54.156201150295047 ], [ 13.407571222789027, 54.152272985976794 ], [ 13.409513445836382, 54.149625529417584 ], [ 13.406190844719081, 54.14833536350713 ], [ 13.406743824649954, 54.147151762525247 ], [ 13.411891996376445, 54.146453752282817 ], [ 13.4204632001848, 54.140654740464697 ], [ 13.426395812282585, 54.138943657759505 ], [ 13.440357935815271, 54.122643993877027 ], [ 13.428258100864849, 54.118083767899073 ], [ 13.413484427747033, 54.122307425277612 ], [ 13.413574374885316, 54.120717363887891 ], [ 13.407281870996192, 54.119579553523401 ], [ 13.410098150626109, 54.113398271957287 ], [ 13.404329552932577, 54.114026864767816 ], [ 13.39626302563698, 54.10753769992413 ], [ 13.388936434255445, 54.109174134332015 ], [ 13.381421247519537, 54.106668506116172 ], [ 13.38082418731056, 54.102810001912083 ], [ 13.378451953879933, 54.102377727992241 ], [ 13.374861679241455, 54.10835925454068 ], [ 13.371626774214272, 54.108911913702144 ], [ 13.370941698016624, 54.106613747972418 ], [ 13.364074706341182, 54.106798549720246 ], [ 13.369490550460942, 54.099121772597776 ], [ 13.341629949680614, 54.099550953338053 ], [ 13.334211431959739, 54.093094068896306 ], [ 13.321791769209213, 54.091989956650089 ], [ 13.321768203383785, 54.086166521559882 ], [ 13.319363333183556, 54.08470404362432 ], [ 13.336474028204677, 54.080577962404128 ], [ 13.335595309393295, 54.078609278419336 ], [ 13.353193890973762, 54.07687419783479 ], [ 13.354716735617604, 54.079683669344192 ], [ 13.358167592313778, 54.080668733750848 ], [ 13.359856530684104, 54.072418772446014 ], [ 13.357957445784566, 54.070296728506946 ], [ 13.361643013066313, 54.069308038241857 ], [ 13.358560105929788, 54.064721265693002 ], [ 13.36210430623114, 54.063943977843024 ], [ 13.361345183488497, 54.061520472382917 ], [ 13.37765831222042, 54.059831069671041 ], [ 13.401769503095295, 54.059393885996201 ], [ 13.408818737237848, 54.070007763091063 ], [ 13.44032041366351, 54.056451648648995 ], [ 13.45577564076415, 54.056112813429444 ], [ 13.453236161411121, 54.064503359291209 ], [ 13.461295927997146, 54.061293937509298 ], [ 13.479566184415269, 54.061885048104436 ], [ 13.488427004270422, 54.057745268746508 ], [ 13.490387714372098, 54.054410441309841 ], [ 13.496986859320264, 54.055331051532093 ], [ 13.495654239812543, 54.059424722199083 ], [ 13.502300573183248, 54.066477134484074 ], [ 13.512287455547307, 54.059621142500212 ], [ 13.516256481191053, 54.059653653367704 ], [ 13.521611689917949, 54.056007576784893 ], [ 13.539175739190989, 54.050856783851685 ], [ 13.538520325646779, 54.047260733383666 ], [ 13.517877878609898, 54.042160767659929 ], [ 13.512385656253144, 54.033437576814933 ], [ 13.520785132300816, 54.033639026145664 ], [ 13.523296530001748, 54.036352800444305 ], [ 13.528518611206971, 54.035248974605729 ], [ 13.534105939089731, 54.033157667779889 ], [ 13.534756782356387, 54.029860284765242 ], [ 13.550525493526182, 54.025123410392055 ], [ 13.555402891613014, 54.031957462084122 ], [ 13.570487102423462, 54.038532822929881 ], [ 13.577916247156326, 54.033691307666196 ], [ 13.576836056247869, 54.032024456084812 ], [ 13.582709824294451, 54.029146420641666 ], [ 13.585859314503006, 54.030833437404532 ], [ 13.604750620617072, 54.028575203404898 ], [ 13.61070354881671, 54.030030300994987 ], [ 13.61227891670026, 54.020985351507292 ], [ 13.62654584419653, 54.018139866479551 ], [ 13.62746183444081, 54.015666000525471 ], [ 13.648437868412774, 54.014002713721268 ], [ 13.646360302686507, 54.01947787857511 ], [ 13.652462108740638, 54.019214193626667 ], [ 13.658285910469333, 54.015852100805319 ], [ 13.648508605738156, 54.011643107548871 ], [ 13.649574803817742, 54.009926793563793 ], [ 13.639622194553766, 54.005922765931928 ], [ 13.645461738957502, 54.001850898835436 ], [ 13.649085210184388, 54.002840222663032 ], [ 13.652122948157036, 53.998856505520727 ], [ 13.65514010497386, 53.992133226451749 ], [ 13.648737883011218, 53.991025598947878 ], [ 13.657005725591242, 53.988617797933713 ], [ 13.663978723394353, 53.990161819013643 ], [ 13.673352681891782, 53.985181168971046 ], [ 13.67968657940674, 53.979129188977801 ], [ 13.688302434520564, 53.976498474973411 ], [ 13.687700632199933, 53.988312710230204 ], [ 13.692711560929435, 53.988152626181652 ], [ 13.698180381380856, 53.974094827750555 ], [ 13.706230248885026, 53.968865906870427 ], [ 13.724345845430625, 53.966730331891881 ], [ 13.724458675198969, 53.964095382373408 ], [ 13.740256756666231, 53.963831556383433 ], [ 13.759353860966934, 53.960669029136518 ], [ 13.74822620617641, 53.946585390554915 ], [ 13.759420372171052, 53.942855922371322 ], [ 13.7651992950272, 53.933842348304147 ], [ 13.768730290261969, 53.932166030041159 ], [ 13.773687542786485, 53.935419916852346 ], [ 13.786469391205337, 53.935513379090636 ], [ 13.801844924548153, 53.930363520266255 ], [ 13.823776069745405, 53.937159940892649 ], [ 13.829918282094994, 53.930900002956356 ], [ 13.819613879913399, 53.927950829457252 ], [ 13.821931962261633, 53.924781015307587 ], [ 13.812129520204879, 53.908682725066846 ], [ 13.8075874203171, 53.896084004406383 ], [ 13.816195072611407, 53.889686123860344 ], [ 13.826771120440958, 53.877356775577333 ], [ 13.822299371438602, 53.872028878815499 ], [ 13.824810203818966, 53.864809254459779 ], [ 13.806983892841476, 53.859404612906836 ], [ 13.80992145776472, 53.857886685928428 ], [ 13.80988336461674, 53.855281354953235 ], [ 13.817328413055723, 53.851174248191192 ], [ 13.814536861997979, 53.846162731262218 ], [ 13.821189543595034, 53.846914441657241 ], [ 13.816395955555542, 53.843708957268497 ], [ 13.819422410209063, 53.842263678891278 ], [ 13.827196030566165, 53.844555780282526 ], [ 13.850853327211444, 53.843399377411806 ], [ 13.873480690405515, 53.8319254387455 ], [ 13.872130571119634, 53.826547417462585 ], [ 13.875148239300875, 53.820391037701853 ], [ 13.882397019519971, 53.818185024528212 ], [ 13.900099585440143, 53.803340073798751 ], [ 13.907195220162931, 53.801912215843544 ], [ 13.9155907807798, 53.8066790434425 ], [ 13.922513336482087, 53.797691997325366 ], [ 13.932342308590345, 53.797717623920057 ], [ 13.937330748294817, 53.791159602848907 ], [ 13.9443323831195, 53.78790091217887 ], [ 13.939464053170258, 53.779618745852083 ], [ 13.927060307871859, 53.779809636887023 ], [ 13.90609749602964, 53.786611574170728 ], [ 13.909204940991094, 53.79789083658391 ], [ 13.906368538040315, 53.798260591108161 ], [ 13.90583423872596, 53.795707193148274 ], [ 13.885768497449906, 53.796065362088122 ], [ 13.867210805296446, 53.793859459552628 ], [ 13.867542542768939, 53.77620285048264 ], [ 13.850664671596469, 53.774346672524509 ], [ 13.833553647530278, 53.77550079230393 ], [ 13.831090971173159, 53.770080500507724 ], [ 13.826667773354753, 53.766812532982591 ], [ 13.83172509058287, 53.761186868401602 ], [ 13.861286657443978, 53.755092580117093 ], [ 13.877600262132331, 53.755598910360071 ], [ 13.888570879411285, 53.754394893438366 ], [ 13.869067884181739, 53.736167298431475 ], [ 13.861257566989027, 53.722052143479402 ], [ 13.847367751875289, 53.718359512657258 ], [ 13.824926921935875, 53.718359904352234 ], [ 13.820393132525028, 53.72231522768368 ], [ 13.80647159771109, 53.727440259685928 ], [ 13.799022513229685, 53.728609775070389 ], [ 13.787577427867685, 53.721855215449622 ], [ 13.780810871310456, 53.719977616276346 ], [ 13.763610657664886, 53.719574552900518 ], [ 13.762356150894441, 53.715489144437825 ], [ 13.769203427500125, 53.716168941486096 ], [ 13.774936125371989, 53.714855871458248 ], [ 13.770677738910186, 53.712723853803681 ], [ 13.761604736977473, 53.712018659371751 ], [ 13.751907754124616, 53.708965114783986 ], [ 13.740782385423348, 53.70223070620716 ], [ 13.733853450223563, 53.693006198326771 ], [ 13.725703710598502, 53.696062673865171 ], [ 13.709933925360817, 53.698986274899241 ], [ 13.679603163865732, 53.696839162072969 ], [ 13.657185731131458, 53.698064902984392 ], [ 13.646435458736793, 53.700083322541062 ], [ 13.642774751894397, 53.703978396401631 ], [ 13.597077347358823, 53.700466816403178 ], [ 13.554902378852487, 53.694711356374583 ], [ 13.544956009937239, 53.697264711465699 ], [ 13.53155254047117, 53.706762660960521 ], [ 13.523204472061872, 53.715963445972328 ], [ 13.523739999646146, 53.721389779425373 ], [ 13.526524750378401, 53.722368997697622 ], [ 13.525490305284508, 53.726441845213955 ], [ 13.515970104847693, 53.733231337484682 ], [ 13.518242518229643, 53.734463398076102 ], [ 13.503596979078315, 53.742728263899807 ], [ 13.470920032021798, 53.746611146036969 ], [ 13.466359147428816, 53.748468678734476 ], [ 13.445971367428845, 53.750306187825451 ], [ 13.445457780982176, 53.74811025895643 ] ] ] } },
{ "type": "Feature", "properties": { "wkr": 30, "wkr_name": "Vorpommern-Greifswald III" }, "geometry": { "type": "MultiPolygon", "coordinates": [ [ [ [ 13.960501322695283, 53.941312060098184 ], [ 13.957710421439574, 53.942792638899967 ], [ 13.959744619687845, 53.943683040733646 ], [ 13.960501322695283, 53.941312060098184 ] ] ], [ [ [ 14.027760777008169, 53.950750267941459 ], [ 14.0278891623775, 53.947112384954892 ], [ 14.02406722634454, 53.949749094227251 ], [ 14.02476362207134, 53.951745078578327 ], [ 14.027760777008169, 53.950750267941459 ] ] ], [ [ [ 13.785210002475418, 54.053733677001276 ], [ 13.780400852594017, 54.056617628138 ], [ 13.781202076671065, 54.058108100154314 ], [ 13.783790156014909, 54.05679342492504 ], [ 13.785210002475418, 54.053733677001276 ] ] ], [ [ [ 13.804818162082366, 54.085063183151604 ], [ 13.804419589747411, 54.079161940300878 ], [ 13.802075510996424, 54.08098444861259 ], [ 13.804818162082366, 54.085063183151604 ] ] ], [ [ [ 13.808578793121074, 54.100101615019369 ], [ 13.804631772539169, 54.094952607122146 ], [ 13.804799654848367, 54.099051853592577 ], [ 13.802373115491358, 54.10259653334483 ], [ 13.794334664462049, 54.107465369476365 ], [ 13.803783647811063, 54.104954570750081 ], [ 13.808578793121074, 54.100101615019369 ] ] ], [ [ [ 13.769456962676559, 54.122534555556967 ], [ 13.774614940762563, 54.117721962595219 ], [ 13.790079203381126, 54.109004223532509 ], [ 13.78673629866919, 54.108227918040953 ], [ 13.777125679097825, 54.110885047519453 ], [ 13.772133079627512, 54.114028620634215 ], [ 13.766450960948932, 54.121401411476846 ], [ 13.763505010185936, 54.120874294125997 ], [ 13.763375937470604, 54.123736127749346 ], [ 13.766172942803056, 54.125048842471138 ], [ 13.761572572802523, 54.125502818146941 ], [ 13.762330797362322, 54.126304015354002 ], [ 13.768244214816901, 54.126647871871661 ], [ 13.769456962676559, 54.122534555556967 ] ] ], [ [ [ 13.718060312293723, 54.144686588197331 ], [ 13.733865829029865, 54.135907863334793 ], [ 13.749695934412767, 54.139402524054013 ], [ 13.746855589115105, 54.135193325463867 ], [ 13.762461063212362, 54.127731721539277 ], [ 13.75317312485331, 54.122312069206828 ], [ 13.756052915086912, 54.119694142784368 ], [ 13.765220348428285, 54.119382577628507 ], [ 13.775256468675801, 54.110023505315333 ], [ 13.779305046476882, 54.108577139729206 ], [ 13.783929570552734, 54.10721902653664 ], [ 13.790886052622803, 54.107991303896455 ], [ 13.796111221199657, 54.10577702289639 ], [ 13.800188489590736, 54.103302706074281 ], [ 13.803963536006851, 54.097343864254405 ], [ 13.794760713521484, 54.088522036795894 ], [ 13.794723008166008, 54.077100192993363 ], [ 13.789816045670337, 54.071529378358115 ], [ 13.790569403992945, 54.064867623235187 ], [ 13.787004171995495, 54.063320769140134 ], [ 13.785156040457645, 54.065625440323608 ], [ 13.774176548029605, 54.060123957312456 ], [ 13.784186158097162, 54.051142511995401 ], [ 13.781802957516941, 54.048386625735809 ], [ 13.763340061609155, 54.036407032014544 ], [ 13.744129890066494, 54.032330935892887 ], [ 13.743784824608927, 54.028588625105151 ], [ 13.751266320559465, 54.026164406923982 ], [ 13.756705075217232, 54.02824150626747 ], [ 13.760154597516415, 54.015680799181887 ], [ 13.768758110918428, 54.010785665916174 ], [ 13.773335046623192, 54.009974320173079 ], [ 13.782781211421089, 54.002626727294498 ], [ 13.79687375026157, 53.995373882252331 ], [ 13.812235631855726, 53.994893155640867 ], [ 13.822607678119802, 53.988098802756987 ], [ 13.833621873387044, 53.984357450637837 ], [ 13.840255004033484, 53.975945295265419 ], [ 13.853762934218537, 53.964940121885483 ], [ 13.855017560556265, 53.960540097851293 ], [ 13.851889256996541, 53.954223064724737 ], [ 13.857397744532559, 53.950436122354354 ], [ 13.866460163033063, 53.950084823959536 ], [ 13.869345664670144, 53.952382992369813 ], [ 13.881118652694614, 53.949918156511558 ], [ 13.883892664533116, 53.944740049452264 ], [ 13.894564089960923, 53.942450240862527 ], [ 13.89767650040919, 53.936663447134777 ], [ 13.907808176088801, 53.930640995799045 ], [ 13.914323729534056, 53.922066435137495 ], [ 13.911292049936005, 53.916684630751426 ], [ 13.901339706634493, 53.910392393765036 ], [ 13.887189855530734, 53.909973938539459 ], [ 13.864003698604973, 53.899978509159901 ], [ 13.854647567650696, 53.892247069783267 ], [ 13.850669040647608, 53.887527123780188 ], [ 13.849213536699153, 53.880274446378273 ], [ 13.844814067233704, 53.87748108287294 ], [ 13.834830402800948, 53.878638891715887 ], [ 13.826771260643461, 53.877361268536454 ], [ 13.816195211700865, 53.889690616816956 ], [ 13.807587558493831, 53.896088497363458 ], [ 13.812129658890308, 53.908687218012183 ], [ 13.821932102027239, 53.92478550823548 ], [ 13.819614019435452, 53.927955322384278 ], [ 13.829918422729259, 53.930904495874969 ], [ 13.823776209730646, 53.937164433810523 ], [ 13.801845062165299, 53.930368013202006 ], [ 13.786469527178784, 53.935517872031362 ], [ 13.773687677386253, 53.935424409800184 ], [ 13.768730424324055, 53.93217052299395 ], [ 13.765199428712428, 53.933846841257591 ], [ 13.759420505248746, 53.942860415321306 ], [ 13.748226338056206, 53.946589883507933 ], [ 13.759353994064019, 53.960673522073762 ], [ 13.740256887713707, 53.963836049328094 ], [ 13.724458804547368, 53.964099875325452 ], [ 13.724345974770454, 53.966734824842099 ], [ 13.706230376278622, 53.96887039982748 ], [ 13.698180507914875, 53.974099320707346 ], [ 13.692711686892252, 53.98815711913079 ], [ 13.687700757623405, 53.988317203181317 ], [ 13.688302559994494, 53.976502967932731 ], [ 13.679686703956486, 53.979133681938848 ], [ 13.673352805766775, 53.985185661930309 ], [ 13.663978846265728, 53.99016631197307 ], [ 13.65700584771008, 53.988622290896899 ], [ 13.648738004242386, 53.991030091912457 ], [ 13.655140226895654, 53.992137719413186 ], [ 13.65212306976113, 53.99886099847842 ], [ 13.649085331465487, 54.002844715619048 ], [ 13.645461859847209, 54.00185539179347 ], [ 13.639622314818574, 54.005927258889201 ], [ 13.649574925159161, 54.009931286514536 ], [ 13.648508726966496, 54.01164760049884 ], [ 13.658286032755944, 54.015856593748566 ], [ 13.652462230403188, 54.019218686569737 ], [ 13.646360423691585, 54.019482371520247 ], [ 13.648437989635992, 54.014007206669575 ], [ 13.627461953404971, 54.015670493479973 ], [ 13.626545963064387, 54.018144359432654 ], [ 13.612279034032897, 54.020989844463031 ], [ 13.61070366598776, 54.030034793944736 ], [ 13.604750737144867, 54.028579696357596 ], [ 13.585859371749294, 54.030835683882906 ], [ 13.58270993844598, 54.029150913600411 ], [ 13.576836169768226, 54.032028949043159 ], [ 13.577916360794484, 54.033695800623015 ], [ 13.570487215264029, 54.038537315885264 ], [ 13.55540300282178, 54.031961955047969 ], [ 13.550525604204326, 54.025127903361906 ], [ 13.534756891337206, 54.029864777735277 ], [ 13.534106048002389, 54.033162160747708 ], [ 13.52851871951826, 54.035253467573263 ], [ 13.523296637750382, 54.036357293412102 ], [ 13.520785239777059, 54.033643519115877 ], [ 13.512385762823337, 54.033442069786851 ], [ 13.517877985777249, 54.042165260624643 ], [ 13.538520435044466, 54.047265226340471 ], [ 13.539175848661658, 54.050861276805833 ], [ 13.521611797495972, 54.056012069739019 ], [ 13.516256588192974, 54.059658146320267 ], [ 13.512287562120738, 54.059625635453521 ], [ 13.502300678681818, 54.0664816274343 ], [ 13.501491182151064, 54.075031866296563 ], [ 13.497900636641187, 54.076832633951234 ], [ 13.502635418727877, 54.084070734600189 ], [ 13.507059685445594, 54.083053035094423 ], [ 13.506792946980289, 54.085850336681709 ], [ 13.501307672244067, 54.087826242702072 ], [ 13.500047867802447, 54.090672846541842 ], [ 13.48807389526781, 54.099837124579061 ], [ 13.482854921820589, 54.111665617707025 ], [ 13.476836318286447, 54.115885460213825 ], [ 13.478160225973541, 54.119438570483545 ], [ 13.492704840191786, 54.125021383354238 ], [ 13.503379931117504, 54.127097276126236 ], [ 13.529225455089211, 54.131094320855198 ], [ 13.557920894597482, 54.130365604871592 ], [ 13.580390097135474, 54.13233133077037 ], [ 13.622353505926466, 54.139717394096117 ], [ 13.636811046949356, 54.14488401210285 ], [ 13.648942944684817, 54.152690431098193 ], [ 13.677843985319653, 54.162777728940185 ], [ 13.698588484822823, 54.17241174270908 ], [ 13.706351801709319, 54.171606044387623 ], [ 13.711839581009487, 54.169298817405114 ], [ 13.71817192136071, 54.163866257323122 ], [ 13.710956125975629, 54.160168757337665 ], [ 13.695796757521901, 54.157806253696698 ], [ 13.697831978204249, 54.149301825579222 ], [ 13.718060312293723, 54.144686588197331 ] ] ], [ [ [ 13.813709993186036, 54.169997223975237 ], [ 13.810671508043857, 54.170598785502293 ], [ 13.808344897153329, 54.174025570901478 ], [ 13.813362491779355, 54.1741205631618 ], [ 13.813709993186036, 54.169997223975237 ] ] ], [ [ [ 13.826887174776648, 54.140273684511364 ], [ 13.840889583858081, 54.124583185731176 ], [ 13.855585349673909, 54.113092201133782 ], [ 13.877772913448295, 54.099297683749015 ], [ 13.920888222629433, 54.080429897792087 ], [ 13.943095182021676, 54.073895756638535 ], [ 13.970778380625195, 54.069316540306517 ], [ 14.01575336979062, 54.052912007876728 ], [ 14.050993747597451, 54.028926865224783 ], [ 14.13359591689458, 53.982440596809155 ], [ 14.182484683761054, 53.94823815559738 ], [ 14.205999278952824, 53.9363286845727 ], [ 14.226673529397731, 53.928457684714722 ], [ 14.207236600462215, 53.916877589745496 ], [ 14.187938219383019, 53.91593493719413 ], [ 14.185443310296998, 53.912358415345736 ], [ 14.205956633723874, 53.910319127604843 ], [ 14.203767391518841, 53.907349710895694 ], [ 14.212499185239061, 53.900675542842215 ], [ 14.214675065645439, 53.880899950456751 ], [ 14.213370121042516, 53.866713183439231 ], [ 14.205232437440367, 53.866732892128518 ], [ 14.191472269756449, 53.87302262376825 ], [ 14.176960590873428, 53.871139265523333 ], [ 14.175594429252454, 53.872318597586229 ], [ 14.165609504001555, 53.872374691794718 ], [ 14.141466916873629, 53.870441732489077 ], [ 14.126694759660113, 53.87175281297614 ], [ 14.116982583971582, 53.869870042251293 ], [ 14.099583803688315, 53.87096276477002 ], [ 14.084665995261959, 53.874787440798087 ], [ 14.06269704908423, 53.869448005221216 ], [ 14.045937578055284, 53.874032941011983 ], [ 14.04018069145323, 53.874272118170595 ], [ 14.034444441704483, 53.87350168565672 ], [ 14.025926667326283, 53.86939456752787 ], [ 14.020587507903549, 53.869281571444084 ], [ 14.008686221043913, 53.858790195828504 ], [ 13.99610357305653, 53.854380946319992 ], [ 13.992505747015251, 53.848682838033518 ], [ 13.988803725863008, 53.848216729929753 ], [ 13.982200267077801, 53.850176302398289 ], [ 13.93941997842836, 53.843647547955605 ], [ 13.922120295839891, 53.846998203968241 ], [ 13.923860866954405, 53.85148582381202 ], [ 13.928463519610068, 53.851252591767683 ], [ 13.935817482274803, 53.848091186325156 ], [ 13.950454032062026, 53.85021718600521 ], [ 13.953957807782869, 53.85410436158346 ], [ 13.954669000207344, 53.860793332126711 ], [ 13.951301281011999, 53.863244269363499 ], [ 13.932808586612593, 53.869512706891989 ], [ 13.930010904516827, 53.875199325698858 ], [ 13.928022402297261, 53.872954950340329 ], [ 13.928591205799638, 53.861840894689372 ], [ 13.923837889237438, 53.858943517949811 ], [ 13.920741538250683, 53.853753137037167 ], [ 13.921069118762636, 53.849191387435866 ], [ 13.91634850062697, 53.844022379146345 ], [ 13.898060567239424, 53.839925396332461 ], [ 13.883909882067018, 53.841200160718763 ], [ 13.881273939345322, 53.839478524360928 ], [ 13.877764730926099, 53.840100543951849 ], [ 13.87633714080458, 53.842389064513242 ], [ 13.861466234572099, 53.84352413194452 ], [ 13.855357093346726, 53.847667684949357 ], [ 13.845662238304888, 53.851049245686006 ], [ 13.826006547076178, 53.849787838346941 ], [ 13.822050668219939, 53.856912417891358 ], [ 13.829590558220703, 53.858203138025665 ], [ 13.828633208593335, 53.86187950340598 ], [ 13.831935855025556, 53.86400718661266 ], [ 13.830582655542869, 53.865863729733249 ], [ 13.834077031267812, 53.867835309322736 ], [ 13.834031917076874, 53.870884861155545 ], [ 13.838236658840771, 53.872165528573248 ], [ 13.850114837424035, 53.870858372800022 ], [ 13.861339042884262, 53.872580376869749 ], [ 13.875222192199438, 53.877878622472728 ], [ 13.879564216330085, 53.876355074723975 ], [ 13.892074237293031, 53.876811342353939 ], [ 13.903401642508127, 53.885513580342369 ], [ 13.920988363102182, 53.887971415327939 ], [ 13.92117170018164, 53.890056469554672 ], [ 13.92378004787189, 53.890705955195855 ], [ 13.923102704160991, 53.893098509862313 ], [ 13.930267039902887, 53.898185467595525 ], [ 13.933592786452023, 53.906758976650544 ], [ 13.938109259867407, 53.909063708027197 ], [ 13.936251000104518, 53.91691391946442 ], [ 13.932812281232108, 53.918744874633511 ], [ 13.932344126659014, 53.936240917157328 ], [ 13.92539111789174, 53.94153241772527 ], [ 13.921890678373721, 53.951487679127354 ], [ 13.902400266287275, 53.960451961346507 ], [ 13.895289847538274, 53.965711399618741 ], [ 13.899792247572238, 53.982010311812907 ], [ 13.909038521671048, 53.991004437562452 ], [ 13.930012680737851, 53.990677053131321 ], [ 13.941975458190388, 53.99431754514675 ], [ 13.945781222343044, 53.994189551324432 ], [ 13.956039319333795, 53.992980151743993 ], [ 13.965347086743712, 53.988887149077144 ], [ 13.963774228389395, 53.972917123811044 ], [ 13.969673002595229, 53.972259150065668 ], [ 13.971449124493446, 53.969612813548032 ], [ 13.949880242011101, 53.958643016263302 ], [ 13.958336616411696, 53.953146288144957 ], [ 13.953073550513807, 53.949707353587932 ], [ 13.951462709885908, 53.94523664831172 ], [ 13.953470834994169, 53.934980902748464 ], [ 13.959989628740303, 53.933925376305915 ], [ 13.958560768601744, 53.93819503747271 ], [ 13.971107204634208, 53.951146326061647 ], [ 13.963657074819462, 53.956821997265251 ], [ 13.984530276208236, 53.96225302190831 ], [ 13.983909085851034, 53.959200783001016 ], [ 13.994909066867633, 53.962794620489838 ], [ 14.003795422973672, 53.959344470167593 ], [ 14.022737045645842, 53.962526316574895 ], [ 14.025174781418519, 53.961340780412399 ], [ 14.016837450183122, 53.959665865181734 ], [ 14.023131431764305, 53.960002054785058 ], [ 14.023679377785339, 53.958594824118144 ], [ 14.013126629639784, 53.956220327963322 ], [ 14.010214835053009, 53.953754425436799 ], [ 14.011980296480171, 53.949893456472473 ], [ 14.017705816053274, 53.946636241137654 ], [ 14.032719283500905, 53.942604013455551 ], [ 14.033268114418322, 53.941241448032265 ], [ 14.040046577406128, 53.94153584590638 ], [ 14.041986618113352, 53.947463424537709 ], [ 14.036994669151484, 53.946498355956784 ], [ 14.034875561450825, 53.949932145965896 ], [ 14.043241677078941, 53.961627815609774 ], [ 14.042749642285365, 53.96771323602222 ], [ 14.04807102443843, 53.982492535863997 ], [ 14.047461296238426, 53.997302218790779 ], [ 14.042413622611011, 53.999368356111248 ], [ 14.044374575705776, 54.001579778842853 ], [ 14.040702448799657, 54.009380980349697 ], [ 14.033808694241186, 54.016442781613442 ], [ 14.026857381902913, 54.018499896156605 ], [ 14.019326508292407, 54.018069969975365 ], [ 14.015780145456707, 54.021487799419596 ], [ 14.014961041603922, 54.01916890125149 ], [ 14.018005157288584, 54.015237862582559 ], [ 14.010900834009083, 54.00982441307243 ], [ 14.003849280431446, 54.010579616310899 ], [ 14.002826732438312, 54.024063811236168 ], [ 13.996556737413034, 54.043052503618739 ], [ 13.981303304969872, 54.050743146315369 ], [ 13.96869194940909, 54.060237788621976 ], [ 13.970547632276645, 54.061692854858101 ], [ 13.978000500083214, 54.062220027112389 ], [ 13.973513376828491, 54.064469628504504 ], [ 13.967628892039734, 54.062160235047102 ], [ 13.966191523936288, 54.059675069810105 ], [ 13.951447504408733, 54.059120916006336 ], [ 13.942305075094213, 54.061667004411582 ], [ 13.911264777118333, 54.064474781089864 ], [ 13.91004622425425, 54.063183131806568 ], [ 13.916047542755877, 54.060296260954118 ], [ 13.907361680380404, 54.04316177573871 ], [ 13.910425101291947, 54.04342322760408 ], [ 13.913110757317716, 54.047716064592024 ], [ 13.9340850025868, 54.027293640865487 ], [ 13.930766596000364, 54.024162467759545 ], [ 13.924091551714438, 54.022775054266589 ], [ 13.926568132980178, 54.016383349250027 ], [ 13.921486539105306, 54.016983041760717 ], [ 13.916470627179464, 54.021093354750377 ], [ 13.917345269930324, 54.02531751066919 ], [ 13.927959684340651, 54.03078800807851 ], [ 13.922768007911161, 54.035204438673965 ], [ 13.916264862728841, 54.032242682674607 ], [ 13.909863272634617, 54.026474154398826 ], [ 13.905505619627407, 54.01853508626111 ], [ 13.899520990964552, 54.013052823672879 ], [ 13.894427891607059, 54.011330624640927 ], [ 13.888502124193556, 54.011775521881553 ], [ 13.886573526703692, 54.009851397981052 ], [ 13.875364157207171, 54.00996637891464 ], [ 13.872524689051216, 54.007809362049713 ], [ 13.870183472585357, 54.008554599391061 ], [ 13.864483190349549, 54.006872010064804 ], [ 13.86170416281397, 53.999875504321999 ], [ 13.85526897229121, 54.001806584798821 ], [ 13.853546477241284, 54.003808538574219 ], [ 13.852937632854536, 54.013529337227368 ], [ 13.863727462021497, 54.022477998676585 ], [ 13.865150116879475, 54.032358226453503 ], [ 13.870014538391366, 54.036020917301812 ], [ 13.873335426135554, 54.032146685958217 ], [ 13.877849261927441, 54.035630062292938 ], [ 13.879545633511404, 54.039858921475002 ], [ 13.878308177682348, 54.042396516503167 ], [ 13.867854636064251, 54.046110034075447 ], [ 13.876059587805779, 54.041240695813009 ], [ 13.873121284098954, 54.039098890009598 ], [ 13.870154332082627, 54.043462562428196 ], [ 13.858283249685043, 54.048231679883287 ], [ 13.846982225116028, 54.046878966246254 ], [ 13.845005754529483, 54.044716292516682 ], [ 13.846796858553336, 54.04343379225201 ], [ 13.837938266133239, 54.040150802369965 ], [ 13.822086807798465, 54.037708769827368 ], [ 13.810173429664454, 54.031184701354555 ], [ 13.800499636309764, 54.018885242789437 ], [ 13.780338076892166, 54.018058770796344 ], [ 13.778925615205127, 54.019563271615688 ], [ 13.769953833718333, 54.019422571463949 ], [ 13.763585250605377, 54.026391391318079 ], [ 13.765377715088237, 54.031487416964268 ], [ 13.773798265340169, 54.041330582604864 ], [ 13.776685343764994, 54.041354555066114 ], [ 13.779198909690578, 54.038470215752334 ], [ 13.783602041200893, 54.039527626220007 ], [ 13.782456070940828, 54.043188996226114 ], [ 13.790867511013333, 54.051004193685756 ], [ 13.787661964169668, 54.057021905035995 ], [ 13.79696375190032, 54.06371960104611 ], [ 13.801202139609041, 54.074915130994782 ], [ 13.807708569117517, 54.079614665617044 ], [ 13.808896337833355, 54.090658010981549 ], [ 13.813313552324944, 54.096428871513154 ], [ 13.808594354137073, 54.107451857643802 ], [ 13.811592956553159, 54.109330062992996 ], [ 13.792268727408597, 54.111217176192199 ], [ 13.786689388240145, 54.114520414825066 ], [ 13.784131743393319, 54.118994034356078 ], [ 13.775366097038603, 54.121347809497536 ], [ 13.775924969657176, 54.127490052802209 ], [ 13.771853190998092, 54.133349801269993 ], [ 13.764763003215753, 54.137608940162778 ], [ 13.762483501819968, 54.137135649809494 ], [ 13.764440606827073, 54.134100030362276 ], [ 13.759012078686041, 54.134400566681059 ], [ 13.756602085323591, 54.136368768446829 ], [ 13.752945462173029, 54.149699528277011 ], [ 13.750445556292927, 54.151385426150448 ], [ 13.750936129700069, 54.158445255731181 ], [ 13.756811793858809, 54.165533619333416 ], [ 13.775573620059397, 54.172489492799642 ], [ 13.793610310359295, 54.174537971508379 ], [ 13.805938205388909, 54.172606123702742 ], [ 13.81320045755502, 54.169147175836152 ], [ 13.816905029626406, 54.156813835331143 ], [ 13.826887174776648, 54.140273684511364 ] ] ], [ [ [ 13.813553972012251, 54.175511827084804 ], [ 13.805253528392445, 54.176260416161512 ], [ 13.8037932811401, 54.177482524048017 ], [ 13.813102166732556, 54.177974328375804 ], [ 13.813553972012251, 54.175511827084804 ] ] ], [ [ [ 13.908445902708673, 54.240656724058752 ], [ 13.906299360827536, 54.241409241383316 ], [ 13.909584088824934, 54.242234752718062 ], [ 13.909052004993061, 54.244656016722232 ], [ 13.91303278640455, 54.245559410553867 ], [ 13.918690422660982, 54.252267624168269 ], [ 13.921803076768926, 54.252506031330789 ], [ 13.925773029181807, 54.250505268674637 ], [ 13.925705801053411, 54.248506048332715 ], [ 13.908445902708673, 54.240656724058752 ] ] ] ] } },
{ "type": "Feature", "properties": { "wkr": 31, "wkr_name": "Ludwigslust-Parchim IV" }, "geometry": { "type": "Polygon", "coordinates": [ [ [ 11.630358435314699, 53.463604454415716 ], [ 11.637265993387082, 53.466222253713809 ], [ 11.634173758681502, 53.477893210558179 ], [ 11.642223248359516, 53.48134597728685 ], [ 11.636110485857765, 53.486036524196635 ], [ 11.638651857131702, 53.48754675407411 ], [ 11.629327792395921, 53.489713665026386 ], [ 11.634648069848605, 53.504502766540902 ], [ 11.638058724011504, 53.508718817341816 ], [ 11.665097519552095, 53.515231795119263 ], [ 11.66064245594521, 53.531627390392352 ], [ 11.667499876305481, 53.532068078406638 ], [ 11.678698136906419, 53.536003242218243 ], [ 11.678807467810184, 53.528215265217199 ], [ 11.682837713653226, 53.523516348625854 ], [ 11.696760039993281, 53.516932659526091 ], [ 11.696696991264204, 53.512992865932873 ], [ 11.705201335230818, 53.508162319472433 ], [ 11.705309524017558, 53.505430807971571 ], [ 11.706877624186967, 53.504531185430231 ], [ 11.710794948484672, 53.50662232794749 ], [ 11.717718928473236, 53.506417217996884 ], [ 11.721499074934647, 53.502698978586508 ], [ 11.731366978921111, 53.498851802770297 ], [ 11.735815175675267, 53.500511816242799 ], [ 11.748307429624766, 53.499364345971721 ], [ 11.761949116128536, 53.514562978745751 ], [ 11.783308207560287, 53.518242694338035 ], [ 11.821971581423863, 53.51940934761997 ], [ 11.818957389309526, 53.525428632996068 ], [ 11.814780357535568, 53.525697239289073 ], [ 11.815129704993002, 53.531708478667696 ], [ 11.808997996428703, 53.536691663145213 ], [ 11.804374452384385, 53.538569880856976 ], [ 11.782457779513541, 53.540744054457861 ], [ 11.780852369149672, 53.542893327305343 ], [ 11.785834133347874, 53.544742763424445 ], [ 11.774015059919126, 53.5486171271695 ], [ 11.789094771596202, 53.572388182990096 ], [ 11.800373546120635, 53.570387704900909 ], [ 11.81105003597821, 53.571054815366459 ], [ 11.816668771418618, 53.568725284948869 ], [ 11.82283279873119, 53.569749129488784 ], [ 11.831417000648349, 53.568449655738604 ], [ 11.849479351717777, 53.568832885618299 ], [ 11.857311057727935, 53.571135161037795 ], [ 11.846905410406404, 53.575436008026429 ], [ 11.841325275736521, 53.575098523239319 ], [ 11.833464547297222, 53.578394685012626 ], [ 11.831719560245473, 53.590090582534145 ], [ 11.838759636885374, 53.590178742650671 ], [ 11.83884600453119, 53.594447943324006 ], [ 11.8334620067257, 53.601539711534826 ], [ 11.840296263897606, 53.602003198994922 ], [ 11.842130280989393, 53.604161781680126 ], [ 11.837893369146498, 53.606220204184666 ], [ 11.838045748290185, 53.607812702172644 ], [ 11.843150127017694, 53.608046126960112 ], [ 11.845923529835776, 53.604577437901547 ], [ 11.856906867186266, 53.60471461771003 ], [ 11.860915584686321, 53.610920195329527 ], [ 11.873009853546922, 53.619247072769895 ], [ 11.886820807343314, 53.611328808613159 ], [ 11.897439923186639, 53.601785452931992 ], [ 11.892832351930096, 53.599702932369304 ], [ 11.891750282879512, 53.597004731611143 ], [ 11.891453444733349, 53.590135428078838 ], [ 11.894121191038412, 53.586489539974536 ], [ 11.891901882509408, 53.581856194288385 ], [ 11.875844214108831, 53.569432051072525 ], [ 11.876217058229336, 53.566583572363193 ], [ 11.889410323142336, 53.556922542541074 ], [ 11.901244396980804, 53.554848233036424 ], [ 11.913435834802472, 53.561072233525124 ], [ 11.931485272264073, 53.561534938583272 ], [ 11.939357416253559, 53.552302115671232 ], [ 11.946123719075091, 53.551807582508424 ], [ 11.956159173334752, 53.545732986776237 ], [ 11.963673742920248, 53.543394409552768 ], [ 11.96594152824736, 53.538589977628405 ], [ 11.973356376085302, 53.535540132510455 ], [ 11.975775211978085, 53.529807547831687 ], [ 11.979482856707032, 53.530359320730263 ], [ 11.977823298638853, 53.53794149061158 ], [ 11.982951212886039, 53.540071074137238 ], [ 11.985054456571056, 53.544221064268164 ], [ 11.990475450583419, 53.539976913677371 ], [ 11.985261156276325, 53.539776209897305 ], [ 11.983411670671229, 53.538082731796585 ], [ 11.983224676076761, 53.535883653247268 ], [ 11.986735591171501, 53.534067266415271 ], [ 11.989157456170085, 53.533748025764339 ], [ 11.997148985931755, 53.539185688081247 ], [ 12.011001664099568, 53.541538559090625 ], [ 12.012898173727583, 53.537295784239483 ], [ 12.029285262492429, 53.537975601907725 ], [ 12.03666740288209, 53.53496801187395 ], [ 12.040420870701446, 53.529337692673622 ], [ 12.054312375698194, 53.528493246045812 ], [ 12.054984846930569, 53.53427304927942 ], [ 12.049570742411742, 53.536072903724005 ], [ 12.051524876297851, 53.538231508666357 ], [ 12.050728625475426, 53.546374369533744 ], [ 12.054619025535922, 53.544979774795145 ], [ 12.056573217258773, 53.546289546949843 ], [ 12.061303076838994, 53.543442949308023 ], [ 12.066213614711934, 53.54417791639645 ], [ 12.069178070149187, 53.542690676066215 ], [ 12.067008995300434, 53.541314768131329 ], [ 12.067589615469847, 53.538062234869749 ], [ 12.074174446010506, 53.535352785385115 ], [ 12.088373740957294, 53.519732041821392 ], [ 12.090975956401364, 53.520394473087471 ], [ 12.091704953636123, 53.524781864891523 ], [ 12.106377307339494, 53.541835002214782 ], [ 12.124406110734119, 53.546651661402485 ], [ 12.127601094293214, 53.546109636295903 ], [ 12.133745998868044, 53.536681621869725 ], [ 12.128000108887244, 53.532882965901507 ], [ 12.13239681000338, 53.529705288024559 ], [ 12.142679434596616, 53.531082116113573 ], [ 12.153191778390283, 53.528716565181092 ], [ 12.160948472497155, 53.533294603194243 ], [ 12.158357568408471, 53.535758150012157 ], [ 12.162555758863411, 53.539314538059195 ], [ 12.17178057121685, 53.539331126934819 ], [ 12.181371852202725, 53.536303010403778 ], [ 12.17823475053715, 53.532157927913737 ], [ 12.183730104877544, 53.523947801474876 ], [ 12.203643520357891, 53.527466945563226 ], [ 12.221989350515589, 53.532685487543667 ], [ 12.229928889178188, 53.539168244352631 ], [ 12.231007304559684, 53.547635650882967 ], [ 12.241634314050327, 53.55754539227366 ], [ 12.251972655342037, 53.561445185839972 ], [ 12.250884882700301, 53.565474644877334 ], [ 12.236431944799921, 53.569226804904844 ], [ 12.231905272077361, 53.567900770827201 ], [ 12.229452593098825, 53.568860350672509 ], [ 12.232757075859077, 53.57987875654991 ], [ 12.224567700764936, 53.580750153947598 ], [ 12.228301898031818, 53.583787327745384 ], [ 12.224695108297574, 53.589298820772811 ], [ 12.227125570836813, 53.591288303452323 ], [ 12.224687108698905, 53.594586748059129 ], [ 12.227494118886039, 53.597292415820341 ], [ 12.248895086358173, 53.590566430044419 ], [ 12.250393218293079, 53.583596894232315 ], [ 12.254439664865284, 53.5822999076549 ], [ 12.282721136069053, 53.581807663258743 ], [ 12.288904834085638, 53.577961531505466 ], [ 12.287796423506531, 53.573602602058955 ], [ 12.289938206156735, 53.57062412729541 ], [ 12.299066944961039, 53.56803200819764 ], [ 12.305679519916499, 53.567813115026823 ], [ 12.306248400207105, 53.562683022418142 ], [ 12.30239102669645, 53.556798909006744 ], [ 12.304216343139293, 53.553544175452423 ], [ 12.294071722741204, 53.529144827899813 ], [ 12.293079739681616, 53.520553280130805 ], [ 12.289318721361477, 53.517286620124679 ], [ 12.300788549242958, 53.507742535593657 ], [ 12.30309169151165, 53.501700511058154 ], [ 12.301734320409166, 53.498378938730212 ], [ 12.318900287690346, 53.493126479380152 ], [ 12.317343461011625, 53.492404733741608 ], [ 12.321060162169863, 53.485769077976187 ], [ 12.325055207097506, 53.480800866289286 ], [ 12.330904695226748, 53.477965534338388 ], [ 12.336589871148343, 53.479070271874868 ], [ 12.365662444331399, 53.479150969741724 ], [ 12.35054568217725, 53.474554720080548 ], [ 12.34287210771485, 53.46001010879553 ], [ 12.327212308029706, 53.452469872013715 ], [ 12.319827566304101, 53.453531512503744 ], [ 12.314489350242843, 53.4527373581627 ], [ 12.307686552802965, 53.447186345456473 ], [ 12.310877244151506, 53.438048802972489 ], [ 12.309336458967381, 53.431051059580824 ], [ 12.300135531328094, 53.425442240238169 ], [ 12.304783964016499, 53.418122929398344 ], [ 12.310890397289405, 53.416010915686549 ], [ 12.310153228427692, 53.413435421473551 ], [ 12.307209151225155, 53.414682558631846 ], [ 12.303229173588477, 53.413798021484787 ], [ 12.303062174081255, 53.405469812541334 ], [ 12.312700194007181, 53.396282490579765 ], [ 12.316418209601499, 53.395456297199857 ], [ 12.316329819071891, 53.391923528331787 ], [ 12.311681685452037, 53.391642977957552 ], [ 12.307459574234773, 53.393900722588249 ], [ 12.275053346662141, 53.378705199933435 ], [ 12.290279273326156, 53.370690490801586 ], [ 12.30208236739468, 53.369386534074607 ], [ 12.312048866231132, 53.365656467957493 ], [ 12.311641076242122, 53.3622100447176 ], [ 12.30012738993107, 53.362817107229759 ], [ 12.299618573915016, 53.358996081119621 ], [ 12.29635306104079, 53.358976722662362 ], [ 12.289983291320192, 53.354779956197007 ], [ 12.311788360397566, 53.352099004302346 ], [ 12.315192693796368, 53.357019169485419 ], [ 12.31863930067909, 53.357097012573256 ], [ 12.326906065609839, 53.343780291919281 ], [ 12.338155563922573, 53.34204660983017 ], [ 12.344520426714107, 53.333261755029525 ], [ 12.331913388003608, 53.317921908283282 ], [ 12.325472934723701, 53.321186446347454 ], [ 12.311188642599413, 53.323217170615926 ], [ 12.310679352532832, 53.32711146919754 ], [ 12.308543322740395, 53.327330311764491 ], [ 12.287991429513049, 53.328325327088045 ], [ 12.280439309585736, 53.327439623485937 ], [ 12.271043391560866, 53.324090113684541 ], [ 12.260038966339987, 53.324146428131883 ], [ 12.257249009844418, 53.325174035977341 ], [ 12.258820919065041, 53.328430017919665 ], [ 12.246470991075896, 53.332927602547564 ], [ 12.235662750784035, 53.343063650783805 ], [ 12.229729440456561, 53.357891234431406 ], [ 12.222875412965427, 53.357688624131576 ], [ 12.211720467304087, 53.3531687830517 ], [ 12.197771930618934, 53.352807623989129 ], [ 12.189956855321995, 53.354143778052432 ], [ 12.186171266996443, 53.350431891307942 ], [ 12.186724812191189, 53.34318243753772 ], [ 12.169120399101494, 53.33900746022362 ], [ 12.156833120771438, 53.349369846196396 ], [ 12.151957856318889, 53.361420059942326 ], [ 12.13988085722702, 53.359934735518408 ], [ 12.139507184663241, 53.354319869105481 ], [ 12.135063144932371, 53.351606093489217 ], [ 12.134559389320266, 53.348668676158191 ], [ 12.108949090042961, 53.349619233186452 ], [ 12.10900310171159, 53.343826353032007 ], [ 12.082318468577833, 53.346213993379187 ], [ 12.077388180024643, 53.369002749426095 ], [ 12.062113680437752, 53.371213658183045 ], [ 12.046922513326912, 53.370507811286551 ], [ 12.051022066663151, 53.366835104175593 ], [ 12.047505071194117, 53.361417488682683 ], [ 12.051297941160511, 53.360344833628488 ], [ 12.056943724679469, 53.349431759974827 ], [ 12.041215395002137, 53.345963445229721 ], [ 12.030536634111106, 53.340207392005318 ], [ 12.022203769541285, 53.338347318242704 ], [ 12.022997137414787, 53.336564821929812 ], [ 12.014766060391539, 53.334270262419196 ], [ 12.021594929928906, 53.321597244386261 ], [ 12.018877441425984, 53.315793193591944 ], [ 12.023381677052695, 53.304225600488756 ], [ 12.018263511469264, 53.299599979411106 ], [ 12.003159331959687, 53.30001568686334 ], [ 11.997266004418705, 53.293959698253616 ], [ 11.99089561919021, 53.294963190837976 ], [ 11.983562103437894, 53.29866233963331 ], [ 11.979733895074061, 53.297592270614501 ], [ 11.974030919335508, 53.298381954347903 ], [ 11.973543826235961, 53.294729716854889 ], [ 11.966366292288864, 53.286283235256697 ], [ 11.955299445415511, 53.278212949706266 ], [ 11.955132989036093, 53.274904280347052 ], [ 11.948272381131794, 53.272235500563411 ], [ 11.945331702722795, 53.274204966510716 ], [ 11.9093666223634, 53.274434862921574 ], [ 11.892707693965992, 53.278869846940978 ], [ 11.89305660420772, 53.272761899312542 ], [ 11.889948054562879, 53.269266677314903 ], [ 11.885184406101331, 53.26496962396822 ], [ 11.871987068744621, 53.259830854548916 ], [ 11.865972113161284, 53.255735491765982 ], [ 11.862035807921959, 53.248708783006215 ], [ 11.855289732109361, 53.248595759614503 ], [ 11.845981702048977, 53.251401629454428 ], [ 11.812994277531416, 53.25352451162189 ], [ 11.819477077570893, 53.257000285559215 ], [ 11.832376278426638, 53.257743171435891 ], [ 11.845666525130889, 53.26665737911069 ], [ 11.845206939851748, 53.268439198990748 ], [ 11.848524866548587, 53.27071631629466 ], [ 11.852336143583473, 53.27081889651619 ], [ 11.85244617398415, 53.276098152400692 ], [ 11.844717277567369, 53.284058327947932 ], [ 11.840854889477919, 53.29361504914349 ], [ 11.827579683100639, 53.293360323223979 ], [ 11.824650029032389, 53.29029784057947 ], [ 11.819430611954479, 53.288962843070905 ], [ 11.821994664249287, 53.277449532101897 ], [ 11.804421705834711, 53.276314428579902 ], [ 11.798818330048723, 53.273474472355197 ], [ 11.790125554332338, 53.274236862372419 ], [ 11.785520286614396, 53.275804473634217 ], [ 11.7895568111604, 53.277406163480713 ], [ 11.779273487069499, 53.290371976148563 ], [ 11.790714949282137, 53.295160600330746 ], [ 11.782638057759575, 53.296392290502311 ], [ 11.782066187033761, 53.29943914181856 ], [ 11.776049988071263, 53.299575376670312 ], [ 11.774909056986186, 53.305457691024401 ], [ 11.762444065046234, 53.310578033068744 ], [ 11.754035249002859, 53.311704794193638 ], [ 11.746175899925454, 53.310482512944425 ], [ 11.739448567453211, 53.307110454112561 ], [ 11.730259655146208, 53.309480996079209 ], [ 11.724880485611205, 53.308504540201895 ], [ 11.72082056967534, 53.311580143925703 ], [ 11.716424356310981, 53.310363839573171 ], [ 11.709779008900545, 53.329048084808051 ], [ 11.70384057413661, 53.337696810886563 ], [ 11.693427844513034, 53.341090804370651 ], [ 11.688289335486505, 53.349415071469068 ], [ 11.698959863793482, 53.364247439617607 ], [ 11.697057284625382, 53.370300405238936 ], [ 11.689221694220665, 53.374118528200334 ], [ 11.680484972268456, 53.390723485777059 ], [ 11.687690065235067, 53.394148511389112 ], [ 11.681942940522159, 53.395475850250193 ], [ 11.667489334520145, 53.394527238567953 ], [ 11.660355598445728, 53.396563022893346 ], [ 11.646126229733959, 53.405392506227123 ], [ 11.648469396010308, 53.407292233680671 ], [ 11.640096216572045, 53.413457110214217 ], [ 11.629202588443503, 53.41052003322902 ], [ 11.627658553219243, 53.418514433870534 ], [ 11.636267078724277, 53.42937514505374 ], [ 11.618332747433318, 53.432441417467018 ], [ 11.639346036549119, 53.458520097349172 ], [ 11.643849678699718, 53.461077137593698 ], [ 11.64349929821266, 53.462206698828716 ], [ 11.630358435314699, 53.463604454415716 ] ] ] } },
{ "type": "Feature", "properties": { "wkr": 32, "wkr_name": "Ludwigslust-Parchim V" }, "geometry": { "type": "MultiPolygon", "coordinates": [ [ [ [ 11.665635008069065, 53.793599110670179 ], [ 11.691622144040199, 53.792513944233434 ], [ 11.690022697228349, 53.788233431871248 ], [ 11.693285092888139, 53.788599864554634 ], [ 11.694253032076604, 53.782715425573947 ], [ 11.688371270030018, 53.784292886085161 ], [ 11.679387554781391, 53.790034835157563 ], [ 11.666014610701708, 53.791349959306871 ], [ 11.665635008069065, 53.793599110670179 ] ] ], [ [ [ 11.720919071228504, 53.794617830137518 ], [ 11.724268386885706, 53.796034745405919 ], [ 11.728536603529875, 53.794668567010348 ], [ 11.72592302646092, 53.790574141677432 ], [ 11.730205498428946, 53.789424643916149 ], [ 11.726181344352685, 53.786048020125975 ], [ 11.732962992178528, 53.781264066760279 ], [ 11.738589382672632, 53.781250963345379 ], [ 11.740204701109361, 53.783538211370704 ], [ 11.750357698770674, 53.783220784903925 ], [ 11.752331013859431, 53.777432656575883 ], [ 11.76403550038426, 53.778282532873888 ], [ 11.761198487277166, 53.777534734976413 ], [ 11.763818813181425, 53.775737909403546 ], [ 11.753880286950782, 53.773163307787783 ], [ 11.752008203423822, 53.769246487397169 ], [ 11.753748928785331, 53.768103145164709 ], [ 11.763076175231811, 53.77042227386238 ], [ 11.762247049316569, 53.767520798976314 ], [ 11.764239070349742, 53.765832832876988 ], [ 11.767272302690538, 53.767515494063694 ], [ 11.771983068738095, 53.766813495397663 ], [ 11.7778071652356, 53.77033675849691 ], [ 11.788508462902525, 53.768490376333411 ], [ 11.797646063434108, 53.77085470878685 ], [ 11.805238878175967, 53.767030515732891 ], [ 11.810375998289686, 53.766423172300534 ], [ 11.812507132985424, 53.767513883813557 ], [ 11.815187110050116, 53.765472428225316 ], [ 11.819396391774836, 53.765840683631495 ], [ 11.827299554102588, 53.762897245293871 ], [ 11.830417749329216, 53.764386362564899 ], [ 11.84017321313846, 53.764491719740406 ], [ 11.844493178735346, 53.760093874959097 ], [ 11.838586018107478, 53.75203789773218 ], [ 11.841561723871113, 53.750089448727955 ], [ 11.869578397929772, 53.743868593983443 ], [ 11.87139779297657, 53.746268341554718 ], [ 11.87310959019826, 53.745835109957675 ], [ 11.883419765236791, 53.736558089547522 ], [ 11.904895264413224, 53.732144783060299 ], [ 11.904242683810645, 53.736370638106777 ], [ 11.916169201616343, 53.740251806864663 ], [ 11.926355882414118, 53.738685692175622 ], [ 11.936066288181644, 53.742733540097092 ], [ 11.959168404173457, 53.73805776975118 ], [ 11.965252726267023, 53.740635368886203 ], [ 11.982749357414592, 53.742954475010812 ], [ 11.997036392505258, 53.735111560086409 ], [ 11.987174735861286, 53.730385152945594 ], [ 11.975148707187447, 53.729314850194619 ], [ 11.976047306449706, 53.724452685417269 ], [ 11.995523580110047, 53.728209471418651 ], [ 12.000438477568061, 53.727406723987059 ], [ 12.001242434611811, 53.722729069395633 ], [ 12.006535736834969, 53.722800620057981 ], [ 12.007712167779058, 53.71446923988951 ], [ 12.012158521075326, 53.715565912385316 ], [ 12.017157875868241, 53.712009231906244 ], [ 12.021776282179941, 53.712369869546784 ], [ 12.020389051858594, 53.718000897797182 ], [ 12.033888484055199, 53.714674811725615 ], [ 12.036814318941007, 53.710803149357055 ], [ 12.039055995351166, 53.710577931073011 ], [ 12.037519079862873, 53.707928781603194 ], [ 12.029249408132072, 53.709215921336714 ], [ 12.027547212537076, 53.70641697260254 ], [ 12.033235725706456, 53.699778578566502 ], [ 12.026744855393789, 53.692205497757428 ], [ 12.035799829272896, 53.684804090493536 ], [ 12.038904085987186, 53.678090110624602 ], [ 12.043354246069091, 53.677101267272924 ], [ 12.044114917107006, 53.674526235373982 ], [ 12.048950028976332, 53.677244927212989 ], [ 12.051602659764365, 53.675048690375284 ], [ 12.050484296515114, 53.672287543184545 ], [ 12.052605687956948, 53.67007432588094 ], [ 12.050522213860589, 53.66604304951322 ], [ 12.069376363433019, 53.66142964223625 ], [ 12.071404600239497, 53.6538377575921 ], [ 12.075012114305276, 53.655396016750878 ], [ 12.080296327232181, 53.648837109989508 ], [ 12.090570575768295, 53.643434203669159 ], [ 12.095048660754612, 53.642816269076697 ], [ 12.095668798769436, 53.644652349019502 ], [ 12.102794686528572, 53.645688583087725 ], [ 12.107509546169625, 53.642415836799266 ], [ 12.120168909947889, 53.647583580344339 ], [ 12.128704717137326, 53.644293679117375 ], [ 12.138400836943921, 53.63647067001186 ], [ 12.142482593480711, 53.635539803412776 ], [ 12.159166068293429, 53.635797843521523 ], [ 12.16890076007023, 53.639820533175161 ], [ 12.198669457848879, 53.642394709261943 ], [ 12.202549556874233, 53.622838432267486 ], [ 12.214517673582252, 53.611160053817457 ], [ 12.20953920189412, 53.603098709990114 ], [ 12.217044715671904, 53.598700180565963 ], [ 12.227494118886053, 53.597292415820341 ], [ 12.224687108698889, 53.594586748059164 ], [ 12.227125570836806, 53.591288303452352 ], [ 12.224695108297555, 53.589298820772839 ], [ 12.228301898031814, 53.58378732774537 ], [ 12.224567700764924, 53.580750153947626 ], [ 12.232757075859077, 53.579878756549917 ], [ 12.229452593098859, 53.568860350672516 ], [ 12.231905272077363, 53.567900770827201 ], [ 12.236431944799914, 53.569226804904844 ], [ 12.250884882700305, 53.565474644877334 ], [ 12.251972655342037, 53.561445185839965 ], [ 12.241634314050321, 53.557545392273674 ], [ 12.231007304559697, 53.547635650882967 ], [ 12.229928889178213, 53.539168244352659 ], [ 12.221989350515605, 53.532685487543688 ], [ 12.203643520357902, 53.527466945563226 ], [ 12.18373010487757, 53.523947801474911 ], [ 12.178234750537161, 53.532157927913744 ], [ 12.181371852202723, 53.536303010403778 ], [ 12.171780571216841, 53.539331126934847 ], [ 12.162555758863418, 53.539314538059187 ], [ 12.158357568408491, 53.535758150012171 ], [ 12.160948472497166, 53.533294603194257 ], [ 12.15319177839031, 53.528716565181114 ], [ 12.142679434596621, 53.531082116113595 ], [ 12.132396810003394, 53.529705288024573 ], [ 12.128000108887257, 53.532882965901528 ], [ 12.133745998868061, 53.536681621869732 ], [ 12.127601094293222, 53.546109636295931 ], [ 12.124406110734151, 53.546651661402485 ], [ 12.106377307339494, 53.541835002214789 ], [ 12.09170495363613, 53.524781864891544 ], [ 12.090975956401357, 53.520394473087478 ], [ 12.088373740957287, 53.519732041821428 ], [ 12.074174446010524, 53.535352785385143 ], [ 12.06758961546984, 53.538062234869749 ], [ 12.067008995300432, 53.541314768131329 ], [ 12.069178070149185, 53.542690676066229 ], [ 12.066213614711941, 53.544177916396499 ], [ 12.061303076838993, 53.54344294930803 ], [ 12.056573217258791, 53.546289546949872 ], [ 12.054619025535954, 53.544979774795166 ], [ 12.050728625475442, 53.546374369533787 ], [ 12.05152487629787, 53.538231508666364 ], [ 12.049570742411744, 53.536072903724012 ], [ 12.05498484693058, 53.534273049279413 ], [ 12.054312375698188, 53.528493246045841 ], [ 12.040420870701448, 53.52933769267365 ], [ 12.036667402882085, 53.53496801187395 ], [ 12.029285262492438, 53.537975601907732 ], [ 12.012898173727592, 53.537295784239504 ], [ 12.011001664099581, 53.541538559090611 ], [ 11.993982199618975, 53.53787275266761 ], [ 11.991227889205366, 53.534687750065828 ], [ 11.987517469453403, 53.533809118150558 ], [ 11.983224676076764, 53.535883653247268 ], [ 11.983411670671236, 53.538082731796564 ], [ 11.985261156276328, 53.539776209897305 ], [ 11.990475450583435, 53.539976913677393 ], [ 11.985054456571078, 53.544221064268193 ], [ 11.982951212886036, 53.540071074137266 ], [ 11.977823298638851, 53.537941490611587 ], [ 11.979482856707037, 53.530359320730284 ], [ 11.975775211978114, 53.529807547831695 ], [ 11.973356376085295, 53.535540132510505 ], [ 11.965941528247352, 53.538589977628419 ], [ 11.96367374292028, 53.543394409552768 ], [ 11.956159173334754, 53.545732986776258 ], [ 11.946123719075119, 53.551807582508438 ], [ 11.939357416253573, 53.552302115671232 ], [ 11.931485272264077, 53.561534938583257 ], [ 11.913435834802479, 53.561072233525124 ], [ 11.901244396980793, 53.554848233036459 ], [ 11.889410323142339, 53.556922542541059 ], [ 11.876217058229336, 53.566583572363207 ], [ 11.87584421410885, 53.569432051072518 ], [ 11.888654454738647, 53.578151331266845 ], [ 11.893231805758079, 53.583805073923529 ], [ 11.891750282879507, 53.597004731611179 ], [ 11.892832351930107, 53.599702932369325 ], [ 11.89743992318664, 53.601785452932027 ], [ 11.886820807343321, 53.611328808613173 ], [ 11.87300985354695, 53.619247072769937 ], [ 11.86091558468633, 53.61092019532952 ], [ 11.856906867186279, 53.60471461771003 ], [ 11.84592352983579, 53.604577437901561 ], [ 11.843150127017713, 53.608046126960133 ], [ 11.838045748290181, 53.607812702172659 ], [ 11.837893369146506, 53.606220204184687 ], [ 11.842130280989398, 53.604161781680162 ], [ 11.84029626389761, 53.602003198994943 ], [ 11.833462006725698, 53.601539711534841 ], [ 11.838846004531199, 53.59444794332402 ], [ 11.838759636885394, 53.590178742650664 ], [ 11.831719560245459, 53.59009058253416 ], [ 11.833464547297236, 53.578394685012626 ], [ 11.841325275736537, 53.57509852323934 ], [ 11.846905410406418, 53.575436008026465 ], [ 11.857311057727944, 53.571135161037809 ], [ 11.849479351717797, 53.568832885618292 ], [ 11.831417000648369, 53.568449655738604 ], [ 11.8228327987312, 53.569749129488827 ], [ 11.816668771418607, 53.568725284948862 ], [ 11.81105003597821, 53.571054815366459 ], [ 11.800373546120639, 53.570387704900909 ], [ 11.789094771596192, 53.572388182990068 ], [ 11.774015059919122, 53.5486171271695 ], [ 11.785834133347882, 53.54474276342448 ], [ 11.780852369149681, 53.542893327305343 ], [ 11.782457779513553, 53.540744054457861 ], [ 11.804374452384398, 53.538569880856997 ], [ 11.80899799642871, 53.536691663145199 ], [ 11.815129704993002, 53.531708478667703 ], [ 11.814780357535577, 53.525697239289094 ], [ 11.818957389309524, 53.525428632996082 ], [ 11.821971581423886, 53.519409347619955 ], [ 11.783308207560303, 53.518242694338056 ], [ 11.761949116128525, 53.514562978745751 ], [ 11.748307429624765, 53.499364345971713 ], [ 11.735815175675263, 53.50051181624282 ], [ 11.731366978921125, 53.498851802770311 ], [ 11.721499074934652, 53.502698978586508 ], [ 11.717718928473229, 53.506417217996898 ], [ 11.710794948484684, 53.506622327947511 ], [ 11.706877624186955, 53.50453118543026 ], [ 11.705309524017565, 53.505430807971607 ], [ 11.705201335230813, 53.508162319472433 ], [ 11.696696991264218, 53.512992865932908 ], [ 11.696760039993286, 53.516932659526105 ], [ 11.682837713653221, 53.523516348625883 ], [ 11.678807467810195, 53.528215265217234 ], [ 11.678698136906428, 53.536003242218271 ], [ 11.676200109004849, 53.535933648892062 ], [ 11.66749987630549, 53.532068078406652 ], [ 11.660642455945228, 53.531627390392345 ], [ 11.665097519552104, 53.515231795119284 ], [ 11.638058724011504, 53.508718817341837 ], [ 11.634648069848613, 53.504502766540888 ], [ 11.629327792395928, 53.489713665026393 ], [ 11.638651857131718, 53.48754675407411 ], [ 11.636110485857778, 53.486036524196635 ], [ 11.642223248359509, 53.481345977286843 ], [ 11.634173758681509, 53.477893210558214 ], [ 11.637265993387087, 53.466222253713809 ], [ 11.630358435314699, 53.463604454415709 ], [ 11.607853510169145, 53.466435245440039 ], [ 11.577985978995356, 53.485674638899077 ], [ 11.557262458600292, 53.475552375182325 ], [ 11.553614233009137, 53.476271313043057 ], [ 11.543948216829959, 53.46742577897426 ], [ 11.547273754190959, 53.467472500493834 ], [ 11.547211575711554, 53.465188525266846 ], [ 11.550627907794556, 53.465039876134121 ], [ 11.55562649033064, 53.458965299649634 ], [ 11.546217832461704, 53.44670353143561 ], [ 11.510639625004819, 53.446758868697714 ], [ 11.508483397830204, 53.451756569991247 ], [ 11.501132939819712, 53.452870418431253 ], [ 11.498540200287522, 53.450825188834173 ], [ 11.469936655917433, 53.45462392307121 ], [ 11.47674076734384, 53.464633314187651 ], [ 11.474175101668243, 53.475127084747761 ], [ 11.469208071613679, 53.477611396293092 ], [ 11.473698523685794, 53.480572610326234 ], [ 11.488965363768278, 53.480317225001201 ], [ 11.483206696523538, 53.489023103923792 ], [ 11.4899577780676, 53.491026071675698 ], [ 11.488948813823816, 53.492506791894961 ], [ 11.477980960163855, 53.494838946488017 ], [ 11.467968427585033, 53.52122262742926 ], [ 11.461194468764688, 53.551701573168884 ], [ 11.468493190142555, 53.55263716419546 ], [ 11.466079872483022, 53.556365786615224 ], [ 11.483722080036619, 53.558302298418802 ], [ 11.481068382589925, 53.561207273786657 ], [ 11.451971578003997, 53.569611743226851 ], [ 11.450049135511238, 53.573045189516243 ], [ 11.473329962322492, 53.579175660439041 ], [ 11.475821700411101, 53.583514355105301 ], [ 11.483667023033698, 53.582802856575945 ], [ 11.48171357417667, 53.577853324173901 ], [ 11.487891182729745, 53.579866756600552 ], [ 11.491287511632073, 53.59433566426361 ], [ 11.497263298027185, 53.597630884238058 ], [ 11.49493030901375, 53.602328008618343 ], [ 11.496428876054754, 53.604596607347617 ], [ 11.500013949910999, 53.602622105151305 ], [ 11.505300351470503, 53.60596045981849 ], [ 11.501726513434791, 53.61118902152473 ], [ 11.504470184508451, 53.621609888658817 ], [ 11.499889994701661, 53.627704924628773 ], [ 11.484537045884766, 53.634696733270268 ], [ 11.483183099785153, 53.648265211842883 ], [ 11.485701060947928, 53.651752391481537 ], [ 11.484004465438879, 53.659840597187234 ], [ 11.485486379295132, 53.667215123238584 ], [ 11.480659714533049, 53.672520948375414 ], [ 11.480396923253274, 53.676465559829161 ], [ 11.474215226197982, 53.682643342348584 ], [ 11.46988501602921, 53.683351279262702 ], [ 11.463481547009533, 53.678513346520788 ], [ 11.453642743728375, 53.67699208471425 ], [ 11.449839209839652, 53.681063703530988 ], [ 11.459042316194138, 53.681697621218895 ], [ 11.462424984026768, 53.684193854676167 ], [ 11.449689167673936, 53.692217629245036 ], [ 11.451782737649649, 53.693166872040578 ], [ 11.45447161503489, 53.692072459171179 ], [ 11.462814157062052, 53.69679506988598 ], [ 11.466571162126566, 53.697015249714504 ], [ 11.472116695654712, 53.688090195511933 ], [ 11.474958439939414, 53.687371588057793 ], [ 11.481506717717068, 53.688590785798851 ], [ 11.486499358965871, 53.692583146168438 ], [ 11.486100184050624, 53.702623795493537 ], [ 11.496120888533181, 53.715868601713431 ], [ 11.502106237301078, 53.734285397340457 ], [ 11.49701895578654, 53.749911327275107 ], [ 11.490796867223859, 53.757390762587541 ], [ 11.492907007827629, 53.75773444868522 ], [ 11.492404383273271, 53.759077652837149 ], [ 11.489254460559753, 53.759562743627711 ], [ 11.491644148154988, 53.761348424877418 ], [ 11.489638326568423, 53.766399401461761 ], [ 11.496810775585365, 53.771529635519542 ], [ 11.499604613399523, 53.769600826921277 ], [ 11.515983857271765, 53.770622791427684 ], [ 11.526147375076166, 53.778411933868661 ], [ 11.521468941579565, 53.770947860845418 ], [ 11.52749747966411, 53.768116420386924 ], [ 11.531177517684796, 53.768471198641841 ], [ 11.522025253341276, 53.760676400968038 ], [ 11.54420054564557, 53.768808540006837 ], [ 11.552503963315941, 53.762645894872954 ], [ 11.567585437520643, 53.766674364665263 ], [ 11.57595699781205, 53.766412576707154 ], [ 11.580322038936563, 53.767702082670134 ], [ 11.575979189501684, 53.765435691196302 ], [ 11.577449274806028, 53.762703572379763 ], [ 11.581108482927666, 53.763987896154362 ], [ 11.586391105493338, 53.760633364809792 ], [ 11.601010416747142, 53.760816620983519 ], [ 11.605988247022077, 53.75897449181091 ], [ 11.609423628591353, 53.760649211594284 ], [ 11.626768011521648, 53.760802397574089 ], [ 11.639204924507224, 53.774052045175125 ], [ 11.639689126440842, 53.777263525644713 ], [ 11.653212696312327, 53.776153176895342 ], [ 11.64911947561148, 53.772064090785975 ], [ 11.65040445938067, 53.76600149734665 ], [ 11.656691796938643, 53.763483644652659 ], [ 11.657540563617523, 53.760374947338107 ], [ 11.660472033217955, 53.758909076225976 ], [ 11.664048927945183, 53.761387087104744 ], [ 11.663118481618186, 53.766452070678881 ], [ 11.666326336761273, 53.77079335935391 ], [ 11.665641910408462, 53.772722509907801 ], [ 11.660565365689134, 53.774401762415636 ], [ 11.669545262279945, 53.775984903201426 ], [ 11.666866575718455, 53.781793264654951 ], [ 11.668131978846457, 53.784643113759735 ], [ 11.679653994134751, 53.787565772088286 ], [ 11.69299929477201, 53.780710067756281 ], [ 11.693430481047944, 53.776980393079285 ], [ 11.697633323842098, 53.777597937593725 ], [ 11.695422945564626, 53.780767267601441 ], [ 11.699290000276802, 53.784007927389737 ], [ 11.69616017541631, 53.789541968208525 ], [ 11.703196995177731, 53.789393061943251 ], [ 11.710988719431066, 53.79217952692283 ], [ 11.71543823568852, 53.798194424917483 ], [ 11.721978268772537, 53.796576559590051 ], [ 11.720919071228504, 53.794617830137518 ] ] ] ] } },
{ "type": "Feature", "properties": { "wkr": 33, "wkr_name": "Vorpommern-Rügen IV" }, "geometry": { "type": "MultiPolygon", "coordinates": [ [ [ [ 13.360954158002846, 54.252672425402849 ], [ 13.363691661189073, 54.251038264714765 ], [ 13.358828023823135, 54.252453300447044 ], [ 13.360954158002846, 54.252672425402849 ] ] ], [ [ [ 13.391238199294886, 54.264315252902016 ], [ 13.388438268436532, 54.264031765092746 ], [ 13.391158385548176, 54.26546615066286 ], [ 13.391238199294886, 54.264315252902016 ] ] ], [ [ [ 13.397641891379655, 54.266426531139871 ], [ 13.39535228468003, 54.265775582103466 ], [ 13.394650919724025, 54.266933156761127 ], [ 13.3962064541097, 54.266982735706989 ], [ 13.397641891379655, 54.266426531139871 ] ] ], [ [ [ 13.217403338342375, 54.397995875085769 ], [ 13.207295366717828, 54.397459092257378 ], [ 13.209247614661507, 54.401022573310186 ], [ 13.219001948885184, 54.402241969344836 ], [ 13.220157211603969, 54.4006134295363 ], [ 13.217403338342375, 54.397995875085769 ] ] ], [ [ [ 13.124387222197145, 54.426845706654909 ], [ 13.117718405218781, 54.426882235098454 ], [ 13.116401653734483, 54.43058590338746 ], [ 13.123209843489752, 54.428594726324555 ], [ 13.124387222197145, 54.426845706654909 ] ] ], [ [ [ 13.211230025264809, 54.465004413047247 ], [ 13.201893066977195, 54.460677274321959 ], [ 13.19962892405233, 54.457034489821972 ], [ 13.198739579867754, 54.461451472103263 ], [ 13.202048806260384, 54.463408126015679 ], [ 13.211230025264809, 54.465004413047247 ] ] ], [ [ [ 13.20832999177907, 54.465254085348228 ], [ 13.204450619121774, 54.465275394604902 ], [ 13.204170504657871, 54.466319318469765 ], [ 13.206662459405374, 54.466829093066629 ], [ 13.20832999177907, 54.465254085348228 ] ] ], [ [ [ 13.224253510786568, 54.469871796259696 ], [ 13.226905822241562, 54.469560250707701 ], [ 13.221512235033279, 54.46458545759203 ], [ 13.213704863318743, 54.464233623335865 ], [ 13.213126032161179, 54.466804649793964 ], [ 13.217701354109723, 54.466651113005263 ], [ 13.224253510786568, 54.469871796259696 ] ] ], [ [ [ 13.081881894782072, 54.474553574116399 ], [ 13.080100836676177, 54.475219710593599 ], [ 13.082762961792469, 54.477018480805796 ], [ 13.083699788812041, 54.476684066299718 ], [ 13.081881894782072, 54.474553574116399 ] ] ], [ [ [ 13.198252151425555, 54.490791526402887 ], [ 13.197045288157822, 54.489645565261185 ], [ 13.195001748533787, 54.49023618206266 ], [ 13.195547939931565, 54.48794178297937 ], [ 13.19974860205688, 54.485447868536546 ], [ 13.215967804640087, 54.484866748390452 ], [ 13.225159299152624, 54.48652707913503 ], [ 13.227560361000261, 54.48427593453502 ], [ 13.218479992242383, 54.483008358404483 ], [ 13.225122646351855, 54.482004982305725 ], [ 13.226805855597059, 54.47374169793104 ], [ 13.224944267176994, 54.470591255180643 ], [ 13.211149797259653, 54.466945859640411 ], [ 13.209008208263086, 54.467353129865927 ], [ 13.21083717538694, 54.468594225925969 ], [ 13.20609069896501, 54.468914767480335 ], [ 13.193101719827464, 54.465826895252704 ], [ 13.193362860012369, 54.464540337183628 ], [ 13.188390444041985, 54.465917172426437 ], [ 13.186359955245964, 54.46481150702737 ], [ 13.186963015080286, 54.460000740191234 ], [ 13.182162733692831, 54.456568896127266 ], [ 13.170244519829705, 54.457156795901234 ], [ 13.16415971748604, 54.454490485889643 ], [ 13.164034498787647, 54.450308127799417 ], [ 13.160005717648875, 54.449012319202943 ], [ 13.15343748633042, 54.448025830172313 ], [ 13.147870830499922, 54.449572500804848 ], [ 13.133088364890453, 54.443256638610805 ], [ 13.123828673290873, 54.443697115418729 ], [ 13.123242482266253, 54.442053213545272 ], [ 13.121057100357566, 54.443413889118446 ], [ 13.121837170066806, 54.450619096274515 ], [ 13.13075916931804, 54.457951096614138 ], [ 13.144035274949367, 54.477180767745686 ], [ 13.157802300424304, 54.487681286331345 ], [ 13.171416668531528, 54.492787238886329 ], [ 13.182183889114599, 54.494040503959198 ], [ 13.193590563174178, 54.492988947971973 ], [ 13.198252151425555, 54.490791526402887 ] ] ], [ [ [ 13.166746232926352, 54.502114134573034 ], [ 13.162044328129664, 54.502852655848592 ], [ 13.155787261035773, 54.506737267750111 ], [ 13.158897466430698, 54.513072233127339 ], [ 13.1655678199935, 54.511447619420586 ], [ 13.169184456629379, 54.507589723341283 ], [ 13.169439085221207, 54.505557578570105 ], [ 13.163560126953003, 54.503283006454673 ], [ 13.166746232926352, 54.502114134573034 ] ] ], [ [ [ 13.303011958950163, 54.537572478461527 ], [ 13.299056687793611, 54.539091179799115 ], [ 13.299287797052459, 54.540729734790723 ], [ 13.301127156312045, 54.541156340464383 ], [ 13.303011958950163, 54.537572478461527 ] ] ], [ [ [ 13.125207131454088, 54.544421882213541 ], [ 13.122125190859048, 54.543421170448219 ], [ 13.119097155216874, 54.53885281474485 ], [ 13.116784148311741, 54.541135009857413 ], [ 13.11677805572285, 54.546778096929259 ], [ 13.122378360050691, 54.549595496994129 ], [ 13.125207131454088, 54.544421882213541 ] ] ], [ [ [ 13.379604403020847, 54.547283497704555 ], [ 13.39328236277642, 54.539659414490472 ], [ 13.389124624505753, 54.538767810481815 ], [ 13.380513361909209, 54.540701370151019 ], [ 13.378881481997405, 54.544421844745749 ], [ 13.359263959103798, 54.545656267698746 ], [ 13.354196079058037, 54.548107637418482 ], [ 13.363903704298053, 54.556202025343254 ], [ 13.373461914650164, 54.560360661175594 ], [ 13.377360308254431, 54.55930492225356 ], [ 13.379604403020847, 54.547283497704555 ] ] ], [ [ [ 13.369867717088191, 54.576695585888871 ], [ 13.360891937333781, 54.569342566400515 ], [ 13.353446164341809, 54.551426400328175 ], [ 13.350101885897459, 54.551558830999944 ], [ 13.349124214001424, 54.553326559278986 ], [ 13.338177170966931, 54.549287622318886 ], [ 13.360698448175343, 54.544727723422419 ], [ 13.361385015200611, 54.5378956323474 ], [ 13.34437982236564, 54.523983692949081 ], [ 13.344451592182994, 54.521338973845943 ], [ 13.349325923014771, 54.518808376459724 ], [ 13.333559462012833, 54.506003234048393 ], [ 13.328703739524125, 54.505446130489872 ], [ 13.325085065487748, 54.497873728531665 ], [ 13.332754020827672, 54.489769804490628 ], [ 13.344245925559779, 54.492383547422705 ], [ 13.354565553053559, 54.488872866561934 ], [ 13.355444742276429, 54.490212656283596 ], [ 13.364206173051373, 54.491425115789681 ], [ 13.36417914684966, 54.487961010650061 ], [ 13.370338263503811, 54.487584242146603 ], [ 13.37049353682168, 54.48476587440684 ], [ 13.366586972307095, 54.482577380846635 ], [ 13.367563379833939, 54.480670032697049 ], [ 13.370378179486103, 54.480585713464627 ], [ 13.370550343944565, 54.478025590267961 ], [ 13.367738382974832, 54.478242373168179 ], [ 13.363629575513572, 54.473815303127324 ], [ 13.350244794096358, 54.477003616761877 ], [ 13.348298386609351, 54.46235497715783 ], [ 13.343925893426112, 54.464170149969902 ], [ 13.331869779695095, 54.461347061357252 ], [ 13.334140276950837, 54.459118858453252 ], [ 13.325814239829478, 54.459202803818329 ], [ 13.326474035316755, 54.452674078587037 ], [ 13.32353139062921, 54.451774407925612 ], [ 13.323822719619907, 54.449478529917329 ], [ 13.320893846343287, 54.449299923961021 ], [ 13.320312999985351, 54.442482740398567 ], [ 13.316663722635875, 54.439882268515007 ], [ 13.312669573912251, 54.429025345714756 ], [ 13.308569301898718, 54.430444422398018 ], [ 13.303342626699587, 54.422625563187026 ], [ 13.293368312422791, 54.426208402409927 ], [ 13.292211080187927, 54.423559329972889 ], [ 13.295424918119977, 54.423227798975113 ], [ 13.294297198276029, 54.417204977254187 ], [ 13.304299876015353, 54.412558919787017 ], [ 13.312099305958441, 54.412612884054873 ], [ 13.319979087761105, 54.409109388321561 ], [ 13.324091516779177, 54.405207294075026 ], [ 13.322558665930947, 54.402094378345424 ], [ 13.338513034179464, 54.400832362598415 ], [ 13.342633802958169, 54.38517088076371 ], [ 13.351042381050728, 54.388010824264725 ], [ 13.35508223875452, 54.387898185081838 ], [ 13.358686504711084, 54.382163729277949 ], [ 13.362280604168904, 54.380390367206637 ], [ 13.368986558718284, 54.379865938607622 ], [ 13.371979607475927, 54.37523751290319 ], [ 13.392605501111523, 54.366827868564471 ], [ 13.40015669536243, 54.36896485295307 ], [ 13.408371549303919, 54.368484732823802 ], [ 13.408519582246342, 54.365449326647024 ], [ 13.403134994802173, 54.359608544080388 ], [ 13.404007355478528, 54.358119544242442 ], [ 13.408742017423265, 54.358984059973601 ], [ 13.409859242093662, 54.355958585017262 ], [ 13.413856739176783, 54.356354128698896 ], [ 13.412548125817544, 54.354507798467978 ], [ 13.407807794758725, 54.353324407291375 ], [ 13.405161793290299, 54.348258957071224 ], [ 13.400662962459165, 54.349933623993003 ], [ 13.39905177945554, 54.346711821582737 ], [ 13.386466155034974, 54.346599049118737 ], [ 13.380954814081742, 54.348376698492856 ], [ 13.37710922727914, 54.34215310084133 ], [ 13.373079254251255, 54.340116524827842 ], [ 13.374910109456085, 54.336553958717559 ], [ 13.371130618435249, 54.323915347362515 ], [ 13.380352794114742, 54.326057594256817 ], [ 13.379985771528089, 54.322838451003889 ], [ 13.374198097802513, 54.318697573692063 ], [ 13.374004428147856, 54.314367230868001 ], [ 13.378089406457727, 54.310312750371871 ], [ 13.384654443095735, 54.312864058469543 ], [ 13.394329336880757, 54.311470212494541 ], [ 13.394987087681153, 54.308180781151236 ], [ 13.399711953226475, 54.308939299784093 ], [ 13.402319951557645, 54.307915000838626 ], [ 13.401502778950801, 54.305948251199496 ], [ 13.417455291570571, 54.300586751433947 ], [ 13.412516809574972, 54.296560634334938 ], [ 13.412964691754732, 54.291421288046045 ], [ 13.396155991766923, 54.273597487609862 ], [ 13.385198001030448, 54.266036194225052 ], [ 13.386570706398224, 54.27267682773558 ], [ 13.391454519942899, 54.277549236246905 ], [ 13.390146907285276, 54.279665849852073 ], [ 13.386093662227083, 54.279528250195824 ], [ 13.383575538480988, 54.277505931585672 ], [ 13.375618221949379, 54.279075700990468 ], [ 13.371478586058116, 54.2775229627916 ], [ 13.371732577052198, 54.276238420151337 ], [ 13.375938541027939, 54.278217711577454 ], [ 13.377944576371242, 54.277183628810178 ], [ 13.372221466248272, 54.275345226829181 ], [ 13.369043664751581, 54.271022124565334 ], [ 13.363484026328788, 54.271521093732105 ], [ 13.361385934538395, 54.273512511977479 ], [ 13.357094778203949, 54.269886159557046 ], [ 13.350788924971789, 54.269731272533143 ], [ 13.356517979107963, 54.263466681592213 ], [ 13.354928032664448, 54.260118784844749 ], [ 13.357575288651512, 54.260267004270524 ], [ 13.355966841001619, 54.258696265878719 ], [ 13.35844645997744, 54.255784052702253 ], [ 13.35278409677206, 54.253977472520347 ], [ 13.356148688677075, 54.250660651254933 ], [ 13.359518923707107, 54.250538867253667 ], [ 13.35898729650097, 54.246395078961854 ], [ 13.361242851729475, 54.249441888352266 ], [ 13.367004134246695, 54.250718881358814 ], [ 13.368990986233166, 54.254490928770544 ], [ 13.365414632792122, 54.258303709218325 ], [ 13.362315650194068, 54.255327772804314 ], [ 13.358875992624105, 54.257755296504598 ], [ 13.361709475117758, 54.258789586870542 ], [ 13.360149763627843, 54.262356840047154 ], [ 13.366376365755352, 54.264158608936675 ], [ 13.379209239971797, 54.253563880344416 ], [ 13.390283074924128, 54.258920400818532 ], [ 13.39048494643519, 54.263100240241442 ], [ 13.393839965968116, 54.264986202542353 ], [ 13.397535057149465, 54.26387242702873 ], [ 13.404082189540887, 54.264944641330707 ], [ 13.417962581364293, 54.254046137792258 ], [ 13.423370694601543, 54.246630190576525 ], [ 13.423466334977991, 54.237869295664424 ], [ 13.417344700229439, 54.233009479204107 ], [ 13.399963174811086, 54.227111926287904 ], [ 13.393655634214833, 54.221032333248125 ], [ 13.383539063741956, 54.229138359397659 ], [ 13.328543889666239, 54.239261373745791 ], [ 13.323788247708801, 54.237481802112313 ], [ 13.315530327068801, 54.241739030216827 ], [ 13.308083776765704, 54.248450655502396 ], [ 13.296066242389632, 54.249185365737162 ], [ 13.29137930383896, 54.251355896019149 ], [ 13.294828527268518, 54.255317628285056 ], [ 13.299034893562078, 54.251635687453373 ], [ 13.32108013345586, 54.24473378649634 ], [ 13.323827617213123, 54.248380202431925 ], [ 13.323000363810108, 54.252074789133012 ], [ 13.327512929557727, 54.255929706827679 ], [ 13.326789545420494, 54.25922816939147 ], [ 13.324000923528875, 54.26049792324973 ], [ 13.324059309421173, 54.266359017221212 ], [ 13.334881840102049, 54.270304944356404 ], [ 13.337934769831522, 54.276903443924311 ], [ 13.336108804236785, 54.278560197381161 ], [ 13.328341126347887, 54.275319968003579 ], [ 13.323920844829535, 54.27080379693038 ], [ 13.309655814429496, 54.265825474323293 ], [ 13.314175681993383, 54.263920374823478 ], [ 13.314645209324667, 54.259307209404469 ], [ 13.320939969134837, 54.258969780986909 ], [ 13.320412264759716, 54.257852064424128 ], [ 13.315167739827531, 54.257097534045705 ], [ 13.28900225416486, 54.259240848374375 ], [ 13.284043634901211, 54.258779728362676 ], [ 13.270685283463129, 54.253791053385896 ], [ 13.250805043988212, 54.258585994709414 ], [ 13.238019276001594, 54.267191441340934 ], [ 13.227529200409492, 54.268768397596382 ], [ 13.217872624087743, 54.273202164177896 ], [ 13.218246047152419, 54.279088338700561 ], [ 13.215499186945951, 54.279438652446778 ], [ 13.21537026015112, 54.271600941643207 ], [ 13.20015847922501, 54.270171396577481 ], [ 13.196993532660729, 54.276281563052137 ], [ 13.196564178062751, 54.284713063771719 ], [ 13.202860110167023, 54.287740491569927 ], [ 13.203346160017198, 54.29000919798203 ], [ 13.200164134042117, 54.295131042588885 ], [ 13.195905775436817, 54.296273931947461 ], [ 13.191065964683743, 54.296364618893172 ], [ 13.187142052105377, 54.290364980352734 ], [ 13.182005581481894, 54.289240189172311 ], [ 13.181587456368664, 54.287793294800274 ], [ 13.166364073809657, 54.289684445120756 ], [ 13.141983456412975, 54.281049814953647 ], [ 13.138994487307686, 54.284589650212183 ], [ 13.141028966934408, 54.296367107464704 ], [ 13.153286882911395, 54.302954951111609 ], [ 13.15851418989455, 54.302402311695708 ], [ 13.154035808533656, 54.304236206900171 ], [ 13.16091620191035, 54.305022925682543 ], [ 13.165233612114667, 54.303980642681793 ], [ 13.164009842909945, 54.301055274935358 ], [ 13.169261770338235, 54.302115066853183 ], [ 13.17919128351115, 54.29643288262249 ], [ 13.182920199958891, 54.297136346932753 ], [ 13.185271037180058, 54.300087014053773 ], [ 13.17329435186045, 54.308308000080771 ], [ 13.149098734731552, 54.312984670715991 ], [ 13.143256698364503, 54.315222369107303 ], [ 13.139226247380218, 54.319454804214104 ], [ 13.136502608113183, 54.318021250087334 ], [ 13.131941214849899, 54.320322932443212 ], [ 13.136393603453561, 54.322641261139168 ], [ 13.13545308650054, 54.324079913311273 ], [ 13.124671822497918, 54.329343640252048 ], [ 13.114850538527836, 54.332055484983044 ], [ 13.114829817210145, 54.342659111239747 ], [ 13.122174574893998, 54.351677269835129 ], [ 13.123602922489093, 54.364807984292803 ], [ 13.12825945496702, 54.371107064664976 ], [ 13.133321842041017, 54.372892902605287 ], [ 13.157020688231102, 54.374946435747283 ], [ 13.167852688177211, 54.371399552706194 ], [ 13.171406508929483, 54.37154491701024 ], [ 13.17099242651882, 54.370394654147454 ], [ 13.185219002761485, 54.374929287463281 ], [ 13.196906748536753, 54.375719887850096 ], [ 13.201893683173308, 54.373553920906531 ], [ 13.199785477662914, 54.372379404809536 ], [ 13.202581248593267, 54.370849854017763 ], [ 13.216123306483377, 54.371430677225746 ], [ 13.215681278586018, 54.368667691334011 ], [ 13.220795741861373, 54.367551483184222 ], [ 13.224952649243352, 54.369965532672559 ], [ 13.233907946837231, 54.369386349849727 ], [ 13.238123409990179, 54.370651620485788 ], [ 13.23726157278182, 54.377697449773706 ], [ 13.248877932953608, 54.378469970715081 ], [ 13.260615155029708, 54.381015949077941 ], [ 13.261779665370163, 54.382951827272009 ], [ 13.260802937151867, 54.385195315799201 ], [ 13.256311889138214, 54.386572247665377 ], [ 13.249468650922651, 54.385493904548753 ], [ 13.25006314551807, 54.384041258943597 ], [ 13.2384306869595, 54.386712957840885 ], [ 13.235447551312275, 54.393544061273367 ], [ 13.230394097251823, 54.39844810061976 ], [ 13.230853040309141, 54.402165842957857 ], [ 13.238318415399201, 54.403012731615988 ], [ 13.244289375064895, 54.4056087311222 ], [ 13.251501534277002, 54.401780835700215 ], [ 13.255017794430946, 54.405356936721091 ], [ 13.25233758702327, 54.407801383563225 ], [ 13.246012010724337, 54.407476911058602 ], [ 13.240370625218528, 54.404350877801235 ], [ 13.232407143006162, 54.40413389452754 ], [ 13.236147512978073, 54.40829321805947 ], [ 13.236120038073102, 54.40668038558195 ], [ 13.237486178832205, 54.407297073113902 ], [ 13.235261508102566, 54.412611795423196 ], [ 13.232398499176908, 54.413681828933036 ], [ 13.229277190810166, 54.41267979513237 ], [ 13.233457008274646, 54.409526387197729 ], [ 13.221773647435004, 54.413117695447909 ], [ 13.215773215872522, 54.418911591979786 ], [ 13.211615838919325, 54.430264111130185 ], [ 13.206870270480231, 54.430160001754111 ], [ 13.201478324891191, 54.426008715308498 ], [ 13.193505971574892, 54.424270666435248 ], [ 13.182761617852805, 54.423342227506538 ], [ 13.172348301667231, 54.425342538634546 ], [ 13.157987968293545, 54.420673965679114 ], [ 13.150185810599389, 54.423447544743745 ], [ 13.149867235223663, 54.428717263184723 ], [ 13.161023614989791, 54.435734749119327 ], [ 13.170571875291111, 54.453513754663319 ], [ 13.172210267877839, 54.452507776671816 ], [ 13.180440724313868, 54.454933503505139 ], [ 13.192588674114399, 54.455356226584961 ], [ 13.192790402467869, 54.450091579556954 ], [ 13.200468427212469, 54.448075187026141 ], [ 13.204639977969208, 54.452864415722154 ], [ 13.203518565890933, 54.457202061105164 ], [ 13.207419941660536, 54.460743538919573 ], [ 13.209085412494247, 54.460954546945544 ], [ 13.208346116805924, 54.459599532187468 ], [ 13.218362922997338, 54.459287771404135 ], [ 13.222920865715022, 54.460457325158174 ], [ 13.224940129100634, 54.464316708570287 ], [ 13.230240844148403, 54.464655103868303 ], [ 13.233104582150814, 54.462509005031471 ], [ 13.237265280549007, 54.462485092082368 ], [ 13.24110508643218, 54.465805950599567 ], [ 13.251786008818149, 54.463906031878665 ], [ 13.254601315607299, 54.466129320441617 ], [ 13.249258587465476, 54.465387864489024 ], [ 13.248506031021602, 54.467375966568831 ], [ 13.244178948825938, 54.467841498989628 ], [ 13.238142775339378, 54.466011747542545 ], [ 13.236410428247297, 54.467794236044618 ], [ 13.231137961008951, 54.468244492847781 ], [ 13.236355067702407, 54.468403206380081 ], [ 13.242223815655503, 54.472592917744919 ], [ 13.253364417318407, 54.471314935022797 ], [ 13.254035983243291, 54.473770978829684 ], [ 13.256987757217654, 54.473164886449887 ], [ 13.266990612578057, 54.476911136208912 ], [ 13.270247647061698, 54.480016563831178 ], [ 13.265375664006648, 54.480497505163704 ], [ 13.258841519626797, 54.478148196877477 ], [ 13.255706065028052, 54.486393638349369 ], [ 13.249606979626837, 54.487384171550275 ], [ 13.24354009569066, 54.486655606009514 ], [ 13.236216134378001, 54.482764091594646 ], [ 13.227579792955328, 54.486594274510075 ], [ 13.226303369790203, 54.493100774434787 ], [ 13.229128421032591, 54.503733328586236 ], [ 13.233244327230219, 54.504480484577257 ], [ 13.231019591051471, 54.507395711796683 ], [ 13.23362131574471, 54.508297440120494 ], [ 13.231209564255531, 54.510663273636041 ], [ 13.223186222720756, 54.51063217879156 ], [ 13.209446843254712, 54.507880393350888 ], [ 13.203361346179486, 54.506116389352151 ], [ 13.201289429473157, 54.503789057176839 ], [ 13.17063598834703, 54.507836152995274 ], [ 13.16716441655287, 54.512077452893607 ], [ 13.162459828362694, 54.514011097827215 ], [ 13.16278758036454, 54.527005305256765 ], [ 13.159718319248691, 54.535312677090268 ], [ 13.154971945859828, 54.540593353201878 ], [ 13.148287447570226, 54.542388245334678 ], [ 13.139827761042595, 54.540399314968212 ], [ 13.144469368118397, 54.546821556716573 ], [ 13.170432932051931, 54.54555304253666 ], [ 13.21329919993339, 54.550381032200079 ], [ 13.226869085218478, 54.55322801661675 ], [ 13.242156710642957, 54.553340832335692 ], [ 13.244637972887226, 54.555597777494356 ], [ 13.245549187626313, 54.552609117788222 ], [ 13.255526290582809, 54.551827540552992 ], [ 13.261894134584573, 54.547568691208852 ], [ 13.263548048524303, 54.548219467937237 ], [ 13.276508778143143, 54.543426243883182 ], [ 13.286135814696042, 54.543307037026551 ], [ 13.289510080158582, 54.54145082647598 ], [ 13.291067331770973, 54.538069122641325 ], [ 13.295057177717442, 54.537154831164493 ], [ 13.294889873752691, 54.534990183590146 ], [ 13.290421301270767, 54.532299401033505 ], [ 13.287508582885295, 54.521670939141067 ], [ 13.295247192461533, 54.520153757219795 ], [ 13.300819092405089, 54.514677844984149 ], [ 13.304849151722054, 54.51399656533799 ], [ 13.310911557755642, 54.517298855828919 ], [ 13.306095270603768, 54.519533274562171 ], [ 13.311395467948604, 54.519425567760337 ], [ 13.311834034525301, 54.525097731768028 ], [ 13.30408409593273, 54.526854095731984 ], [ 13.302914371395833, 54.528550891731427 ], [ 13.307410879909137, 54.539355612725494 ], [ 13.305273147922762, 54.539919458877087 ], [ 13.30332622197661, 54.547019637015772 ], [ 13.297137768482516, 54.549875428950195 ], [ 13.299803068661951, 54.554605716595006 ], [ 13.325017504118339, 54.56810290454321 ], [ 13.340825449965902, 54.571781080146231 ], [ 13.349854642035458, 54.579256515735814 ], [ 13.354460666930599, 54.580809685026701 ], [ 13.369027720245557, 54.578568271697641 ], [ 13.369867717088191, 54.576695585888871 ] ] ], [ [ [ 13.146217977325357, 54.602996533802973 ], [ 13.151279466954179, 54.58793989637897 ], [ 13.157741173199138, 54.580588791941132 ], [ 13.154859396988705, 54.577969160249346 ], [ 13.156665580247836, 54.572096461325238 ], [ 13.153286282318172, 54.576993332917063 ], [ 13.1513067637833, 54.575092792652001 ], [ 13.151534249035045, 54.583133881629109 ], [ 13.14708047678937, 54.589023908704689 ], [ 13.146249190780059, 54.595648226742746 ], [ 13.145235125889755, 54.57373023250998 ], [ 13.142553914969435, 54.575473222194027 ], [ 13.143577941398124, 54.580702405785111 ], [ 13.139902966389014, 54.586206366651105 ], [ 13.134155299009139, 54.589446905685868 ], [ 13.139134605774913, 54.590842088361349 ], [ 13.141188917743372, 54.598571128127993 ], [ 13.128953509163189, 54.590613123085063 ], [ 13.125133184302024, 54.5839032903434 ], [ 13.111724707695609, 54.584514935292297 ], [ 13.110627774422053, 54.583223840783482 ], [ 13.112718528754472, 54.578099010806838 ], [ 13.117559559967569, 54.575557944491699 ], [ 13.115653466793702, 54.574740454612844 ], [ 13.119095259731413, 54.573937757207332 ], [ 13.109661194234157, 54.572328822710823 ], [ 13.11090973808467, 54.569804647007736 ], [ 13.108107097766053, 54.567849906893805 ], [ 13.112734495600479, 54.564485508933537 ], [ 13.116228793559165, 54.556974984117694 ], [ 13.116879725461391, 54.551009884169559 ], [ 13.113219717451027, 54.544314755085345 ], [ 13.116698130571967, 54.538026286815509 ], [ 13.103655236296637, 54.529234092688654 ], [ 13.09287508905091, 54.527513378149365 ], [ 13.092662328147251, 54.517396270043889 ], [ 13.084510888684024, 54.519131338864284 ], [ 13.08837246268163, 54.514785100684655 ], [ 13.083782315888577, 54.515708779403006 ], [ 13.07954602386117, 54.50711251726019 ], [ 13.079736201239038, 54.502477277404026 ], [ 13.072753351899244, 54.499468668207946 ], [ 13.073867646268667, 54.491634972976449 ], [ 13.071300639015233, 54.491565401682514 ], [ 13.074115725228632, 54.489940005983797 ], [ 13.076058223185751, 54.483517921388703 ], [ 13.072795924622344, 54.482155284413508 ], [ 13.076807906285039, 54.478871288481486 ], [ 13.071947250981902, 54.47916907957903 ], [ 13.074147602958096, 54.476917377214853 ], [ 13.072758934526057, 54.468858779016443 ], [ 13.067782295957754, 54.470531795781334 ], [ 13.071396553885172, 54.467880761794682 ], [ 13.065403840119801, 54.457640611555647 ], [ 13.061575438751237, 54.460406899967012 ], [ 13.061200026502531, 54.478903264336218 ], [ 13.069527784610196, 54.501059709004949 ], [ 13.081014683628357, 54.52080028527967 ], [ 13.085905626837066, 54.537574941617244 ], [ 13.093549797816436, 54.547575277257913 ], [ 13.099140478910975, 54.560062373722722 ], [ 13.102429198921518, 54.577868120661442 ], [ 13.101337708168886, 54.587198052849629 ], [ 13.097859586209188, 54.590284856754025 ], [ 13.119521994210121, 54.603249323216957 ], [ 13.134801895189135, 54.605613427689974 ], [ 13.146217977325357, 54.602996533802973 ] ] ], [ [ [ 13.429335766678582, 54.68480658502866 ], [ 13.437836773197493, 54.676164681029988 ], [ 13.431766463677571, 54.670304899177765 ], [ 13.432336320270512, 54.666214089900613 ], [ 13.429227051745931, 54.661148210552568 ], [ 13.422551088092646, 54.657419994775118 ], [ 13.394378072483391, 54.652491042143261 ], [ 13.387073866969811, 54.649434756866086 ], [ 13.376972594172429, 54.634921714486538 ], [ 13.381768620187502, 54.61531864721897 ], [ 13.390038683778466, 54.602102943485292 ], [ 13.403656470038719, 54.589028570389459 ], [ 13.422374084951334, 54.578117271771305 ], [ 13.437163721396912, 54.573347444234557 ], [ 13.459178842310699, 54.570570386078451 ], [ 13.468191498375656, 54.571728659268025 ], [ 13.466289594022431, 54.575353731733067 ], [ 13.491236167403835, 54.572622451464625 ], [ 13.501436380744479, 54.575215968187038 ], [ 13.507207908218277, 54.573968233404067 ], [ 13.569028467240932, 54.58270225025305 ], [ 13.59133500295944, 54.584625802059087 ], [ 13.634992495049454, 54.585312677240537 ], [ 13.660431521360133, 54.576093771939917 ], [ 13.676876021936609, 54.565034996366897 ], [ 13.678918028254929, 54.562404984400196 ], [ 13.67754414322822, 54.551051069349413 ], [ 13.68065161980596, 54.544645260365499 ], [ 13.679501583145978, 54.53495632354857 ], [ 13.668261710240721, 54.521029591862629 ], [ 13.64428600853771, 54.513064827193787 ], [ 13.62302734420704, 54.503091735092134 ], [ 13.610763439486895, 54.499888779757164 ], [ 13.602035220625481, 54.490780505446168 ], [ 13.597342221667972, 54.488534401206067 ], [ 13.601078258071967, 54.482436411056057 ], [ 13.598704974781917, 54.481837027126076 ], [ 13.596078784778214, 54.483976701879349 ], [ 13.593255202436071, 54.483381500913978 ], [ 13.590365416628865, 54.48554596635703 ], [ 13.574584614096953, 54.477185369230277 ], [ 13.560725437022779, 54.475730887719209 ], [ 13.554069066702445, 54.476458690404542 ], [ 13.549894259741096, 54.475197213569814 ], [ 13.526827936742794, 54.479921356841388 ], [ 13.526980517188695, 54.482847576104334 ], [ 13.537768355744866, 54.482496276242671 ], [ 13.536798726267122, 54.489752347279051 ], [ 13.540955646360922, 54.49119630239791 ], [ 13.525946261541842, 54.495060373439777 ], [ 13.528560186188315, 54.497177955185727 ], [ 13.532677304850029, 54.499200203105858 ], [ 13.538804545189796, 54.498612984566435 ], [ 13.544251136310541, 54.495305684530557 ], [ 13.546696596958054, 54.495707707547091 ], [ 13.546424904692961, 54.493276809490148 ], [ 13.551138841670964, 54.491451483267511 ], [ 13.555333334822286, 54.492274232055323 ], [ 13.563306443872866, 54.499030401210653 ], [ 13.557896877463079, 54.499874270645236 ], [ 13.558432970758918, 54.5065511651854 ], [ 13.555775202922264, 54.510689655297064 ], [ 13.54923872155277, 54.512923940073172 ], [ 13.533757988949644, 54.507495410511488 ], [ 13.52923433137552, 54.503715033924202 ], [ 13.521611972053908, 54.507200996344217 ], [ 13.51607468942875, 54.507185271289572 ], [ 13.513558766039949, 54.509511784600249 ], [ 13.514847884809466, 54.515573114895716 ], [ 13.509846105536221, 54.526664839170806 ], [ 13.510831011416318, 54.528782407145037 ], [ 13.513213642851394, 54.526637902154576 ], [ 13.513811205610578, 54.528050839374927 ], [ 13.504273376031021, 54.540544593942158 ], [ 13.502590837421092, 54.548565269622515 ], [ 13.497896121175373, 54.548112552552574 ], [ 13.495578573528935, 54.549330546608417 ], [ 13.492939745764076, 54.552368569120709 ], [ 13.496686774538764, 54.554765609502716 ], [ 13.491491850577127, 54.55894930260505 ], [ 13.494853325164925, 54.558376964093746 ], [ 13.493316695797077, 54.560786348046705 ], [ 13.495008253115881, 54.561044812943237 ], [ 13.499747386533738, 54.558704710993176 ], [ 13.508524004350308, 54.557779187579207 ], [ 13.512731738458706, 54.561450426928779 ], [ 13.511779448578856, 54.565481930914409 ], [ 13.509236839540037, 54.566528960281154 ], [ 13.503323042603432, 54.563812371534105 ], [ 13.48957519868361, 54.562159082413189 ], [ 13.489985547927446, 54.559172250262613 ], [ 13.485152054868323, 54.558277508656552 ], [ 13.491634128035942, 54.552902233976226 ], [ 13.490654655250566, 54.551166475991934 ], [ 13.484436563991341, 54.553720059099064 ], [ 13.454073151199742, 54.55329139593168 ], [ 13.448396905417331, 54.551273708454438 ], [ 13.446099658720817, 54.551906421617439 ], [ 13.434871508240301, 54.559356344362378 ], [ 13.426000661417646, 54.568374170214895 ], [ 13.407255131812905, 54.572939477178927 ], [ 13.396811887167166, 54.572453959689469 ], [ 13.386580418845984, 54.579991028873813 ], [ 13.38356884648117, 54.584201839791611 ], [ 13.382375770520319, 54.599033334939627 ], [ 13.370777360888711, 54.614472746070284 ], [ 13.367111618811881, 54.614279805627163 ], [ 13.365577146427094, 54.612656864185169 ], [ 13.356193935075188, 54.612430134535018 ], [ 13.353245774200873, 54.605642644659554 ], [ 13.347698824238973, 54.600849334333134 ], [ 13.327862686456944, 54.593733800405275 ], [ 13.333018892528191, 54.58866352614686 ], [ 13.33436083139836, 54.583433740855952 ], [ 13.325446641805865, 54.580458493589425 ], [ 13.316635335728595, 54.580002799959225 ], [ 13.305998546487523, 54.573501134189982 ], [ 13.286334103818204, 54.569812966310948 ], [ 13.278665874870507, 54.564804847207 ], [ 13.257061217213348, 54.56296146539929 ], [ 13.245724918039999, 54.55812781876255 ], [ 13.24313790776163, 54.561687781097902 ], [ 13.259503634697438, 54.593901896036371 ], [ 13.277584608153516, 54.609571477810178 ], [ 13.28825378580343, 54.628406501924523 ], [ 13.287246880090525, 54.640395790059642 ], [ 13.282479056216546, 54.646416393533457 ], [ 13.268056736534545, 54.643562291958752 ], [ 13.264405375277951, 54.64407357358894 ], [ 13.231037286001239, 54.625750895881474 ], [ 13.226988851821531, 54.624902056123766 ], [ 13.230928025115849, 54.608159188949521 ], [ 13.237426733227965, 54.598372470706273 ], [ 13.237357469693189, 54.594288712912082 ], [ 13.234123786630184, 54.597301667650825 ], [ 13.227459393816201, 54.591404189617599 ], [ 13.228169253855949, 54.587807944155344 ], [ 13.214806456926411, 54.58555062946634 ], [ 13.194887996648971, 54.572247446628289 ], [ 13.18369457291994, 54.569804481086415 ], [ 13.185063837352663, 54.567618184479102 ], [ 13.182855313154745, 54.564087126469637 ], [ 13.178251378237295, 54.563349765706178 ], [ 13.177568773673361, 54.561720128878818 ], [ 13.175469906908829, 54.565489389848871 ], [ 13.176152461964126, 54.561123179218768 ], [ 13.163170795895386, 54.557982213335436 ], [ 13.160840183164343, 54.55875563378121 ], [ 13.160455987507364, 54.564313107114423 ], [ 13.168553311178902, 54.572824006851846 ], [ 13.195234975374733, 54.582157178632663 ], [ 13.204506930786829, 54.587283022212617 ], [ 13.220295429771262, 54.600812147544922 ], [ 13.226374656606607, 54.610799703747013 ], [ 13.218816579467031, 54.636004774678547 ], [ 13.221248395542005, 54.640892990589521 ], [ 13.250780875200462, 54.659950794655835 ], [ 13.288139553486078, 54.673562514610857 ], [ 13.339414482591209, 54.676231269113082 ], [ 13.378284423570324, 54.683540138731566 ], [ 13.407965717886476, 54.682407540625491 ], [ 13.429335766678582, 54.68480658502866 ] ] ] ] } },
{ "type": "Feature", "properties": { "wkr": 34, "wkr_name": "Vorpommern-Rügen V" }, "geometry": { "type": "MultiPolygon", "coordinates": [ [ [ [ 13.543973910282963, 54.323557591256382 ], [ 13.534739677727559, 54.321895006332525 ], [ 13.52810469279726, 54.318339137218672 ], [ 13.524072012528965, 54.314763858895084 ], [ 13.524003148485688, 54.309958404016967 ], [ 13.519744392476694, 54.312327572241792 ], [ 13.518445325152987, 54.316355494325926 ], [ 13.521440163394784, 54.315272863772904 ], [ 13.523293137713567, 54.316262062290797 ], [ 13.530992795411828, 54.323847132028192 ], [ 13.530926077104837, 54.326662956647112 ], [ 13.541812653439608, 54.332201212307652 ], [ 13.546309185467827, 54.3258456599374 ], [ 13.543973910282963, 54.323557591256382 ] ] ], [ [ [ 13.545207785048945, 54.433495476425705 ], [ 13.547926894523599, 54.434519601023261 ], [ 13.555525741221386, 54.43284510515246 ], [ 13.554880217590583, 54.432362666053272 ], [ 13.552468007896252, 54.430435426448298 ], [ 13.555525741221386, 54.43284510515246 ], [ 13.547736999892063, 54.434577576197071 ], [ 13.549791299986341, 54.435728485878684 ], [ 13.553765082461309, 54.43526370433176 ], [ 13.55669476737696, 54.438594605615563 ], [ 13.556752980423571, 54.442883364717979 ], [ 13.552618216197917, 54.446397731877447 ], [ 13.528959660880355, 54.445799406434759 ], [ 13.524871981588502, 54.448370089264309 ], [ 13.526322468334168, 54.450052219728519 ], [ 13.537963432450084, 54.451638402190717 ], [ 13.546898028628139, 54.457138950140454 ], [ 13.54854046146794, 54.47279895016338 ], [ 13.546224453707328, 54.475603522513708 ], [ 13.539993977576293, 54.477537622962274 ], [ 13.549894259741096, 54.475197213569814 ], [ 13.574292685832829, 54.477360712570615 ], [ 13.569688949568169, 54.464662400851793 ], [ 13.573612612340058, 54.448755686650166 ], [ 13.590736427979493, 54.422648612712564 ], [ 13.606040625915949, 54.40853122101084 ], [ 13.613937334960442, 54.403392365984026 ], [ 13.626690491381328, 54.399366480739459 ], [ 13.63431752784745, 54.400605315893962 ], [ 13.639239491764153, 54.399322685443686 ], [ 13.655040533966536, 54.399483364633753 ], [ 13.665403470272262, 54.402998015526705 ], [ 13.670949527896179, 54.401898343730366 ], [ 13.688985292169823, 54.389487753634704 ], [ 13.704611656689671, 54.381426422559599 ], [ 13.713954240839533, 54.365515236190689 ], [ 13.730650916853445, 54.352903361982506 ], [ 13.745394190747136, 54.345379988435056 ], [ 13.766397724837132, 54.341251508834731 ], [ 13.764977576127176, 54.339796414049751 ], [ 13.74401462270823, 54.337003344498264 ], [ 13.738435314567059, 54.334506502700592 ], [ 13.735417463149613, 54.332269248032773 ], [ 13.729456331280481, 54.317848654153167 ], [ 13.724975396838323, 54.317998442799343 ], [ 13.720203210681554, 54.313625471287146 ], [ 13.714870046812335, 54.295057437896048 ], [ 13.718222844703305, 54.282721802953517 ], [ 13.724254484084442, 54.274269964846049 ], [ 13.714551944798577, 54.271969280409728 ], [ 13.711160443909847, 54.268846133005255 ], [ 13.708100366145478, 54.269183530867913 ], [ 13.69851411102827, 54.27871591547774 ], [ 13.688245104502814, 54.280319884716448 ], [ 13.684531712293774, 54.284318940212039 ], [ 13.690689027845126, 54.287392487723885 ], [ 13.698338824464969, 54.280955593571313 ], [ 13.708844049926553, 54.280644979699815 ], [ 13.707086582988595, 54.29042120072085 ], [ 13.701043225393983, 54.296242659134052 ], [ 13.692672879372983, 54.294051506848746 ], [ 13.690632017555682, 54.290233604042974 ], [ 13.669203869531461, 54.292112471995473 ], [ 13.660049281251187, 54.287962629132927 ], [ 13.656416902313076, 54.288416579122561 ], [ 13.646270125987725, 54.297565422721185 ], [ 13.65869718040104, 54.304492421214086 ], [ 13.669339559336969, 54.306300524780525 ], [ 13.681297645636588, 54.310625524249751 ], [ 13.684547894024652, 54.310327258719354 ], [ 13.686360646583845, 54.31208067717759 ], [ 13.683577416022622, 54.313017200902628 ], [ 13.685652677248275, 54.314534328278896 ], [ 13.700311855905191, 54.316843751370996 ], [ 13.696867156247549, 54.317688883638816 ], [ 13.703892435973387, 54.320934077384173 ], [ 13.704021630456397, 54.325937907540109 ], [ 13.695696185426712, 54.325032744100611 ], [ 13.681211313478506, 54.326779818495773 ], [ 13.673133842308829, 54.330660107557911 ], [ 13.652649988998361, 54.325685342868859 ], [ 13.638942715170144, 54.32032908378693 ], [ 13.625936699838467, 54.319390661538016 ], [ 13.613554895937948, 54.315630285731558 ], [ 13.610393342206722, 54.316937337559025 ], [ 13.612744278118011, 54.320805391863189 ], [ 13.645967269248695, 54.326200900887663 ], [ 13.673950219188226, 54.336849494710265 ], [ 13.682240502187586, 54.342397518079579 ], [ 13.68499576378629, 54.34673942421832 ], [ 13.682524352488175, 54.349290718090487 ], [ 13.687236637563817, 54.351928740482741 ], [ 13.687853155016221, 54.356853368817816 ], [ 13.685745234618, 54.352049310458831 ], [ 13.682646977584263, 54.350470028384265 ], [ 13.673795340660535, 54.350766241767282 ], [ 13.653589893302836, 54.347213402374521 ], [ 13.650286949107658, 54.349095323235481 ], [ 13.637427836735485, 54.344878837367425 ], [ 13.635705746786563, 54.343180141529238 ], [ 13.639576451159044, 54.340223845323884 ], [ 13.630335003796896, 54.339175391484439 ], [ 13.628894814949444, 54.336775198316765 ], [ 13.622980102337554, 54.334835548252251 ], [ 13.623590462036889, 54.333048295425343 ], [ 13.629946851095333, 54.331346203726547 ], [ 13.612997138722445, 54.331089398023458 ], [ 13.603158007039317, 54.344891594105604 ], [ 13.597324254117185, 54.348497524940953 ], [ 13.588591892572108, 54.35190367423381 ], [ 13.57539891956268, 54.352988123988062 ], [ 13.564630266040512, 54.345457930499812 ], [ 13.550871392886657, 54.339753560052422 ], [ 13.54596834533899, 54.342254911218497 ], [ 13.539261495131759, 54.343034214335155 ], [ 13.530335984350243, 54.34031768368618 ], [ 13.514939952253263, 54.341306646721662 ], [ 13.50919736925362, 54.344187380900962 ], [ 13.494824536483787, 54.337157378520459 ], [ 13.484463716324594, 54.335535930640873 ], [ 13.479038763543437, 54.330990397404847 ], [ 13.470202839381193, 54.330912817017143 ], [ 13.46473507713403, 54.329155387834732 ], [ 13.461301533510893, 54.330040950250989 ], [ 13.459183545280251, 54.334669843183526 ], [ 13.4543946115616, 54.335942210760315 ], [ 13.453460650388925, 54.332684783825734 ], [ 13.450524927398179, 54.33154106305021 ], [ 13.457066414194601, 54.329066895934822 ], [ 13.452668204772895, 54.326114535775346 ], [ 13.462794465617884, 54.328908317666418 ], [ 13.465996582948621, 54.326782068133916 ], [ 13.466259849558734, 54.322095480140412 ], [ 13.460704347084686, 54.316354893740773 ], [ 13.445199648531068, 54.313983083182237 ], [ 13.432625517866583, 54.307577208257477 ], [ 13.427664210028173, 54.307153216654655 ], [ 13.417455291570571, 54.300586751433947 ], [ 13.401502778950801, 54.305948251199496 ], [ 13.402319951549721, 54.307915000836239 ], [ 13.399711953212146, 54.30893929977703 ], [ 13.394987087673888, 54.308180781145914 ], [ 13.394329336875211, 54.311470212493958 ], [ 13.384654443081448, 54.312864058461138 ], [ 13.378089406450565, 54.310312750363231 ], [ 13.374004428134096, 54.314367230866566 ], [ 13.374198097794933, 54.318697573684894 ], [ 13.379985771523051, 54.322838451000905 ], [ 13.380352794111666, 54.326057594250933 ], [ 13.371130618430861, 54.323915347355445 ], [ 13.374910109453181, 54.336553958715243 ], [ 13.373079254250872, 54.340116524823408 ], [ 13.377109227271163, 54.342153100835844 ], [ 13.380954814074794, 54.348376698489879 ], [ 13.386466155034974, 54.346599049118737 ], [ 13.399051779448422, 54.346711821581579 ], [ 13.400662962447887, 54.349933623991582 ], [ 13.405161793288922, 54.348258957065347 ], [ 13.407807794747196, 54.35332440729006 ], [ 13.412548125809773, 54.354507798459537 ], [ 13.413856739174463, 54.356354128696985 ], [ 13.409859242090977, 54.355958585015117 ], [ 13.408742017422124, 54.358984059973075 ], [ 13.404007355475514, 54.358119544239983 ], [ 13.403134994800272, 54.359608544076558 ], [ 13.408519582232227, 54.365449326640949 ], [ 13.408371549303919, 54.368484732823802 ], [ 13.40015669536243, 54.36896485295307 ], [ 13.392605501111523, 54.366827868564471 ], [ 13.371979607475927, 54.37523751290319 ], [ 13.368986558718284, 54.379865938607622 ], [ 13.362280604168904, 54.380390367206637 ], [ 13.358686504711084, 54.382163729277949 ], [ 13.35508223875452, 54.387898185081838 ], [ 13.351042381050728, 54.388010824264725 ], [ 13.342633802958169, 54.38517088076371 ], [ 13.338513034179464, 54.400832362598415 ], [ 13.322558665930947, 54.402094378345424 ], [ 13.324091516779177, 54.405207294075026 ], [ 13.319979087761105, 54.409109388321561 ], [ 13.312099305958441, 54.412612884054873 ], [ 13.304299876015353, 54.412558919787017 ], [ 13.294297198276029, 54.417204977254187 ], [ 13.295424918119977, 54.423227798975113 ], [ 13.292211080187927, 54.423559329972889 ], [ 13.293368312422791, 54.426208402409927 ], [ 13.303342626699587, 54.422625563187026 ], [ 13.308569301898718, 54.430444422398018 ], [ 13.312669573912251, 54.429025345714756 ], [ 13.316663722635875, 54.439882268515007 ], [ 13.320312999985351, 54.442482740398567 ], [ 13.320893846343287, 54.449299923961021 ], [ 13.323822719619907, 54.449478529917329 ], [ 13.32353139062921, 54.451774407925612 ], [ 13.326474035316755, 54.452674078587037 ], [ 13.325814239829478, 54.459202803818329 ], [ 13.334140276950837, 54.459118858453252 ], [ 13.331869779695095, 54.461347061357252 ], [ 13.343925893426112, 54.464170149969902 ], [ 13.348298386609351, 54.46235497715783 ], [ 13.350244794096358, 54.477003616761877 ], [ 13.363629575513572, 54.473815303127324 ], [ 13.367738382974832, 54.478242373168179 ], [ 13.370550343944565, 54.478025590267961 ], [ 13.370378179486103, 54.480585713464627 ], [ 13.367563379833939, 54.480670032697049 ], [ 13.366586972307095, 54.482577380846635 ], [ 13.37049353682168, 54.48476587440684 ], [ 13.370338263503811, 54.487584242146603 ], [ 13.36417914684966, 54.487961010650061 ], [ 13.364206173051373, 54.491425115789681 ], [ 13.355444742276429, 54.490212656283596 ], [ 13.354565553053559, 54.488872866561934 ], [ 13.344245925559779, 54.492383547422705 ], [ 13.332754020827672, 54.489769804490628 ], [ 13.325085065487748, 54.497873728531665 ], [ 13.328703739524125, 54.505446130489872 ], [ 13.333559462012833, 54.506003234048393 ], [ 13.34324632149711, 54.514737229870228 ], [ 13.349325923014771, 54.518808376459724 ], [ 13.354446898076107, 54.519214460304696 ], [ 13.357609895099067, 54.522718171064703 ], [ 13.364019275266317, 54.521277509274128 ], [ 13.37123810282503, 54.522257392882366 ], [ 13.372897848124898, 54.520116178826363 ], [ 13.374897450734618, 54.52083035054131 ], [ 13.375146882287975, 54.525130962650522 ], [ 13.385140262501977, 54.529139540102719 ], [ 13.388535237582429, 54.53304526351625 ], [ 13.389124624505753, 54.538767810481815 ], [ 13.393248109098581, 54.539684369271633 ], [ 13.415167691555482, 54.518682292950679 ], [ 13.40658014474122, 54.506647811606967 ], [ 13.41268617668397, 54.493854158654429 ], [ 13.441092005684942, 54.487654694995342 ], [ 13.44736885485446, 54.475513905754767 ], [ 13.451591231153941, 54.471941362492188 ], [ 13.453144811939197, 54.474491002514945 ], [ 13.461652350754367, 54.478511056070381 ], [ 13.479543264565882, 54.483437955615081 ], [ 13.484043806009224, 54.484000604761036 ], [ 13.496707835941507, 54.481668072116186 ], [ 13.502249934931008, 54.482549893510473 ], [ 13.504075715887087, 54.484550700268045 ], [ 13.500718041613931, 54.488990027605709 ], [ 13.501086422498567, 54.492691963967864 ], [ 13.510263672786449, 54.508851581101283 ], [ 13.513558766039949, 54.509511784600249 ], [ 13.51607468942875, 54.507185271289572 ], [ 13.521611972053908, 54.507200996344217 ], [ 13.52923433137552, 54.503715033924202 ], [ 13.533757988949644, 54.507495410511488 ], [ 13.54923872155277, 54.512923940073172 ], [ 13.555775202922264, 54.510689655297064 ], [ 13.558432970758918, 54.5065511651854 ], [ 13.557896877463079, 54.499874270645236 ], [ 13.563306443872866, 54.499030401210653 ], [ 13.555333334822286, 54.492274232055323 ], [ 13.551138841670964, 54.491451483267511 ], [ 13.546424904692961, 54.493276809490148 ], [ 13.546696596958054, 54.495707707547091 ], [ 13.544251136310541, 54.495305684530557 ], [ 13.538804545189796, 54.498612984566435 ], [ 13.532677304850029, 54.499200203105858 ], [ 13.525946261541842, 54.495060373439777 ], [ 13.540955646360922, 54.49119630239791 ], [ 13.536798726267122, 54.489752347279051 ], [ 13.537768355744866, 54.482496276242671 ], [ 13.526980517188695, 54.482847576104334 ], [ 13.526827936742794, 54.479921356841388 ], [ 13.509658081686842, 54.480241886846883 ], [ 13.508960286876183, 54.477155932201995 ], [ 13.503578207159766, 54.478470492550642 ], [ 13.490643257384836, 54.477703185562255 ], [ 13.482533636646277, 54.472661921894783 ], [ 13.470912676843902, 54.457761508152579 ], [ 13.472426411211133, 54.452072399148385 ], [ 13.493574053735699, 54.452864690518922 ], [ 13.506076815740332, 54.451815306325109 ], [ 13.507083846476068, 54.450533353452919 ], [ 13.49944140472912, 54.446374820267081 ], [ 13.500483840490567, 54.44413323407899 ], [ 13.510029489464335, 54.445142324622097 ], [ 13.513251060164617, 54.442968496046333 ], [ 13.503220976121547, 54.434924439806352 ], [ 13.499320025890173, 54.436550609081081 ], [ 13.485815003453769, 54.434551693353569 ], [ 13.482996179274341, 54.4356589442637 ], [ 13.484044881166932, 54.438519817828322 ], [ 13.496999668700058, 54.44498987686768 ], [ 13.497424334644899, 54.44666930676096 ], [ 13.492332903934731, 54.446891450995302 ], [ 13.481385870621059, 54.441921923730156 ], [ 13.480675276826506, 54.439503128385731 ], [ 13.476040907715326, 54.437752945958003 ], [ 13.481836183315185, 54.438184291875423 ], [ 13.475339952141972, 54.431505674018062 ], [ 13.474892078605667, 54.425705821307027 ], [ 13.478600440709121, 54.424086372745258 ], [ 13.495131972274695, 54.421018205651251 ], [ 13.498962401775275, 54.424351279138293 ], [ 13.503550776679154, 54.424979855296861 ], [ 13.511493220803281, 54.418340007796424 ], [ 13.515376999028874, 54.41949054250216 ], [ 13.521754294878487, 54.418250461082472 ], [ 13.528377383949445, 54.419870282051129 ], [ 13.531328439069689, 54.416195078489658 ], [ 13.535063116197119, 54.416739500703187 ], [ 13.539939749077863, 54.419249430066102 ], [ 13.54167715858383, 54.427784125144541 ], [ 13.520386507825078, 54.429553886538329 ], [ 13.520494742642082, 54.434082488291835 ], [ 13.533213963308215, 54.434924599886251 ], [ 13.545207785048945, 54.433495476425705 ] ], [ [ 13.580244610017214, 54.415152561803467 ], [ 13.580854716656527, 54.414140726154187 ], [ 13.580588797554869, 54.414739217963252 ], [ 13.580244610017214, 54.415152561803467 ] ], [ [ 13.564062995694668, 54.413061473831696 ], [ 13.562402915700314, 54.414213107487839 ], [ 13.563483475482199, 54.413310939895425 ], [ 13.564062995694668, 54.413061473831696 ] ], [ [ 13.571215591050468, 54.413643445105585 ], [ 13.57109049614418, 54.413623426419761 ], [ 13.571322908318505, 54.413636044754099 ], [ 13.571215591050468, 54.413643445105585 ] ], [ [ 13.564098903703698, 54.413046016318567 ], [ 13.565237318274052, 54.41289382268986 ], [ 13.567750028309543, 54.413088803059765 ], [ 13.564098903703698, 54.413046016318567 ] ], [ [ 13.513153582109988, 54.396786717959074 ], [ 13.514127094129606, 54.396305579963951 ], [ 13.513062685346169, 54.396855697620389 ], [ 13.513153582109988, 54.396786717959074 ] ], [ [ 13.518995885053501, 54.39018412551772 ], [ 13.518680647544626, 54.390056590792767 ], [ 13.51894893078518, 54.390133019476821 ], [ 13.518995885053501, 54.39018412551772 ] ], [ [ 13.512437128318236, 54.387410083942456 ], [ 13.512464168562193, 54.387396209471014 ], [ 13.512643931195372, 54.387503586519571 ], [ 13.512437128318236, 54.387410083942456 ] ] ] ] } },
{ "type": "Feature", "properties": { "wkr": 35, "wkr_name": "Vorpommern-Greifswald IV" }, "geometry": { "type": "MultiPolygon", "coordinates": [ [ [ [ 14.264435218276766, 53.710500114698391 ], [ 14.269225181391207, 53.70556323831611 ], [ 14.25507260911195, 53.702094118314939 ], [ 14.25103959059051, 53.702725140109571 ], [ 14.247854879701247, 53.705473674885383 ], [ 14.251137232029988, 53.709170569252677 ], [ 14.258165382499392, 53.708623293134124 ], [ 14.264435218276766, 53.710500114698391 ] ] ], [ [ [ 13.90920129529137, 53.797895373615255 ], [ 13.906092653669869, 53.786616025638565 ], [ 13.92705666568555, 53.779814174491406 ], [ 13.939460412333879, 53.779623283839769 ], [ 13.944603263666853, 53.787853934723579 ], [ 13.96804185903183, 53.774081267434951 ], [ 14.005441948795379, 53.766959564615426 ], [ 14.014795369430063, 53.76354088299577 ], [ 14.018905825408892, 53.763935215823736 ], [ 14.038707466173737, 53.755051460287 ], [ 14.045355388533508, 53.754667774682659 ], [ 14.049083794189299, 53.752696853142588 ], [ 14.061660219778663, 53.754569981014662 ], [ 14.074478820141927, 53.748024672915442 ], [ 14.084347433266181, 53.744916818065136 ], [ 14.097444570388797, 53.743454320759966 ], [ 14.101824136109716, 53.740488768256938 ], [ 14.13272753473413, 53.738272307988751 ], [ 14.14083079728735, 53.739337480840923 ], [ 14.144882792007531, 53.742177998765705 ], [ 14.147091184061869, 53.742256174759682 ], [ 14.147862058061328, 53.740637379586587 ], [ 14.166267425960541, 53.742203024227372 ], [ 14.173766730265646, 53.736427585783581 ], [ 14.179461735817677, 53.735547261956725 ], [ 14.184657286031271, 53.736461565254388 ], [ 14.213786657248594, 53.750123486854719 ], [ 14.228608439604065, 53.760855596696281 ], [ 14.233232742717467, 53.761635560394353 ], [ 14.256172407085698, 53.755894063759342 ], [ 14.266241078973284, 53.748538305665967 ], [ 14.271544620726536, 53.737798461373117 ], [ 14.267185141025136, 53.736836732674263 ], [ 14.265712956764444, 53.730360124170673 ], [ 14.258496982801724, 53.7276942461991 ], [ 14.252590782743111, 53.720319717832332 ], [ 14.216541807701892, 53.707002095938932 ], [ 14.215892113206531, 53.702378163239565 ], [ 14.219847897799058, 53.699154423707419 ], [ 14.246331105088638, 53.693731985709604 ], [ 14.255709297272404, 53.694636668330403 ], [ 14.260171359795137, 53.697696850857753 ], [ 14.267748348397649, 53.698088370795148 ], [ 14.271966698269692, 53.693638314841209 ], [ 14.272223080215424, 53.6895234701406 ], [ 14.283620540525288, 53.682367717797945 ], [ 14.282356869762515, 53.674536900471104 ], [ 14.271298719493643, 53.667246659583782 ], [ 14.271051162111924, 53.665042696802558 ], [ 14.275869584288056, 53.662418430186356 ], [ 14.279025978103755, 53.663044939444362 ], [ 14.284671279568606, 53.658782011522042 ], [ 14.283986300534494, 53.634426600492873 ], [ 14.311220745196044, 53.618449143566359 ], [ 14.316940289179588, 53.617990895547912 ], [ 14.31227845536174, 53.574477197249081 ], [ 14.304455005740161, 53.575195809171468 ], [ 14.30560094224351, 53.577837581281599 ], [ 14.282291586381003, 53.579029414597237 ], [ 14.281121797424193, 53.575751908506973 ], [ 14.269527842578299, 53.575899933537947 ], [ 14.269729670104079, 53.5789401209122 ], [ 14.26605127967782, 53.579199243005185 ], [ 14.266333395003544, 53.583179068557257 ], [ 14.258493697425443, 53.583537645452481 ], [ 14.259986893358718, 53.588545358843447 ], [ 14.253115194626597, 53.589675102916722 ], [ 14.251514902723532, 53.587229184838151 ], [ 14.24716073242868, 53.588635404496912 ], [ 14.249507852210877, 53.592401463516047 ], [ 14.246344992421802, 53.593261703653397 ], [ 14.24134585611054, 53.586668254852526 ], [ 14.235939235811751, 53.587202680010016 ], [ 14.236030613704207, 53.591707307194412 ], [ 14.231584668749811, 53.592490346015595 ], [ 14.221593489444301, 53.589080924897736 ], [ 14.221181832308837, 53.583704308932653 ], [ 14.218287800072538, 53.583585457558641 ], [ 14.217344776376724, 53.588648884896372 ], [ 14.213079393225822, 53.589023440230243 ], [ 14.214751046810113, 53.590658633154604 ], [ 14.210633736736092, 53.592048509371928 ], [ 14.208628350921417, 53.590008953054372 ], [ 14.186430030925035, 53.592696958860138 ], [ 14.1851221455616, 53.589950910401136 ], [ 14.173916964249727, 53.592594439046962 ], [ 14.173380035466231, 53.594836475957791 ], [ 14.176463192879895, 53.594359771785143 ], [ 14.178117452399073, 53.598141126968287 ], [ 14.173702203373908, 53.599022067478067 ], [ 14.129878293263076, 53.596533498343355 ], [ 14.129328720574565, 53.598784906079644 ], [ 14.120723897810413, 53.599172363537768 ], [ 14.11468104633043, 53.603942684098335 ], [ 14.114074736673379, 53.607520375835328 ], [ 14.081444007396883, 53.592908520130827 ], [ 14.072258710610411, 53.583709646719321 ], [ 14.06754158820654, 53.588153847177907 ], [ 14.044708360844547, 53.584472033351737 ], [ 14.047902506417374, 53.588658228380865 ], [ 14.036408851124291, 53.601586692012511 ], [ 14.028668884775383, 53.601406244879925 ], [ 14.026869710654053, 53.597998042207557 ], [ 14.019893404510903, 53.59756428733963 ], [ 14.006952642893616, 53.599725077554993 ], [ 14.005287497261442, 53.598214909893464 ], [ 14.012454758408335, 53.597765127285854 ], [ 14.016961595361561, 53.595704349858536 ], [ 14.032014441119026, 53.597236414284218 ], [ 14.039312967292268, 53.593401897536864 ], [ 14.038387350593498, 53.588447180703177 ], [ 14.025673627020019, 53.571105899529101 ], [ 14.010877991385696, 53.571577443944683 ], [ 14.007658337565189, 53.569553937658021 ], [ 14.010119606646889, 53.565308498661238 ], [ 14.004370180276043, 53.563650752579974 ], [ 14.003973078988402, 53.560721602913489 ], [ 14.001307241487586, 53.559872651519846 ], [ 13.987264849188115, 53.565440338276332 ], [ 13.989314501290915, 53.567023882832309 ], [ 13.98340065098272, 53.567836148632878 ], [ 13.985670451552544, 53.571527906125297 ], [ 13.977670614458901, 53.568599056179991 ], [ 13.972646405003307, 53.569959467338684 ], [ 13.974009067184618, 53.57364265081295 ], [ 13.977843159649913, 53.572702542199728 ], [ 13.978422154385873, 53.575027344539784 ], [ 13.975413970311866, 53.575489031778027 ], [ 13.976991542541489, 53.577930841990856 ], [ 13.97261441919661, 53.57881340336931 ], [ 13.971488716514692, 53.576643876348918 ], [ 13.966665665580157, 53.57719484227259 ], [ 13.956494249933092, 53.584676230409464 ], [ 13.939260518964483, 53.601417309288962 ], [ 13.939988515461051, 53.603990102898614 ], [ 13.93738908925355, 53.604370579376834 ], [ 13.932469280936445, 53.609398330701644 ], [ 13.936076464742701, 53.609974952687026 ], [ 13.937453673506738, 53.613995065642328 ], [ 13.933869589857506, 53.6181346564588 ], [ 13.913619761736458, 53.616846272694609 ], [ 13.914080549488736, 53.618566804041578 ], [ 13.910748151127963, 53.61948034281113 ], [ 13.896432107361139, 53.620080694351877 ], [ 13.891439625610044, 53.619812032271923 ], [ 13.889863949162157, 53.617618630825305 ], [ 13.882709467729244, 53.616431276288374 ], [ 13.903608152143539, 53.612306495422132 ], [ 13.903062682030495, 53.604566070024198 ], [ 13.897408031746552, 53.604404706838181 ], [ 13.896960127304709, 53.582048227300895 ], [ 13.899243839703146, 53.572207624935331 ], [ 13.89168419124297, 53.571719012774274 ], [ 13.867888152888604, 53.580459297612968 ], [ 13.862801716364846, 53.579473724139071 ], [ 13.857935208781342, 53.574906637345094 ], [ 13.850195476967903, 53.575836220819298 ], [ 13.837078072377905, 53.573454321707402 ], [ 13.831583644017527, 53.57423673741836 ], [ 13.808173241297503, 53.568661572942275 ], [ 13.804299787423062, 53.566787532567652 ], [ 13.802034183925596, 53.56161325259027 ], [ 13.797565879855657, 53.55983103705401 ], [ 13.791938935605305, 53.559882731522869 ], [ 13.786326773689082, 53.562765425079348 ], [ 13.788890056869807, 53.5662146458248 ], [ 13.806487798809586, 53.573821757889149 ], [ 13.820156603700493, 53.586730520160231 ], [ 13.819312495424059, 53.590113919398817 ], [ 13.803557937115023, 53.596332195140278 ], [ 13.795857197241281, 53.592499134963504 ], [ 13.785113725825239, 53.595901196965585 ], [ 13.777151004163665, 53.596360203502073 ], [ 13.762192723795502, 53.621276047446671 ], [ 13.744828440896498, 53.627088479579641 ], [ 13.739095447454755, 53.625338176351285 ], [ 13.730193624157891, 53.625626293097959 ], [ 13.735928435407628, 53.629064838685153 ], [ 13.734154998519337, 53.637159610905982 ], [ 13.719515066918051, 53.640264856945237 ], [ 13.694549081241483, 53.650755063948324 ], [ 13.723783920097381, 53.668204598067838 ], [ 13.750719819496835, 53.672212851335388 ], [ 13.764744204481122, 53.679243843248585 ], [ 13.792491481332222, 53.678852723493172 ], [ 13.795311555693551, 53.685387143474777 ], [ 13.75984214166672, 53.68533071676859 ], [ 13.75340749949091, 53.686786056942594 ], [ 13.755510118181137, 53.689290261741185 ], [ 13.75143448724589, 53.6902318939634 ], [ 13.746240447345313, 53.687160589779765 ], [ 13.745751471236655, 53.688954430802674 ], [ 13.73385358021061, 53.693010691468899 ], [ 13.740782516161145, 53.702235199339356 ], [ 13.751907886057431, 53.708969607905793 ], [ 13.761604869948185, 53.712023152486502 ], [ 13.770677872849001, 53.712728346913153 ], [ 13.774936259767943, 53.714860364563911 ], [ 13.769203561286952, 53.716173434593863 ], [ 13.762356283950352, 53.715493637549649 ], [ 13.763610790860515, 53.719579046008796 ], [ 13.78081100634051, 53.719982109375202 ], [ 13.787577563622101, 53.721859708543455 ], [ 13.799022650215278, 53.728614268152945 ], [ 13.806471735489204, 53.727444752765074 ], [ 13.820393271779126, 53.722319720758357 ], [ 13.824927061666607, 53.718364397427088 ], [ 13.847364106549568, 53.718364047868405 ], [ 13.861253922826551, 53.722056679116378 ], [ 13.86906423961365, 53.736171834293593 ], [ 13.888567235329919, 53.754399429882533 ], [ 13.877596616767454, 53.755603446463205 ], [ 13.861283010373137, 53.755097115715643 ], [ 13.831721439802198, 53.761191403076467 ], [ 13.826664121534236, 53.766817067493811 ], [ 13.831087319538424, 53.770085035152263 ], [ 13.833549995680661, 53.775505327018379 ], [ 13.850661021685854, 53.774351207770934 ], [ 13.867538894506669, 53.776207386249908 ], [ 13.867207155438756, 53.793863995288675 ], [ 13.885764849391807, 53.796069898396325 ], [ 13.905830592856523, 53.795711730077876 ], [ 13.906364892002975, 53.798265128051305 ], [ 13.90920129529137, 53.797895373615255 ] ] ] ] } },
{ "type": "Feature", "properties": { "wkr": 36, "wkr_name": "Vorpommern-Greifswald V" }, "geometry": { "type": "Polygon", "coordinates": [ [ [ 13.801014271512196, 53.555632988842582 ], [ 13.80369394730349, 53.554161082990916 ], [ 13.799793441934293, 53.55883273772104 ], [ 13.796580091430519, 53.55751038729359 ], [ 13.791247766211532, 53.558577425869053 ], [ 13.784986280849681, 53.553013775924903 ], [ 13.776715608912145, 53.531513932382822 ], [ 13.780041034600016, 53.523650888545916 ], [ 13.777887868206083, 53.513659537669874 ], [ 13.79292652977542, 53.510852090953989 ], [ 13.791860063443663, 53.508494905779379 ], [ 13.801762697119656, 53.497890898217491 ], [ 13.808763975362792, 53.501667195273022 ], [ 13.826277366251492, 53.498282325929566 ], [ 13.811951024095096, 53.484359125142532 ], [ 13.803684726009308, 53.479533679383472 ], [ 13.780771451380589, 53.473985730681171 ], [ 13.777373329025909, 53.475743294076999 ], [ 13.753839402575458, 53.478009391975199 ], [ 13.746936666407674, 53.4816037188872 ], [ 13.747056182218268, 53.484036394267591 ], [ 13.741642424371772, 53.485741757088924 ], [ 13.736237457239305, 53.481493744460501 ], [ 13.717989770124309, 53.482556387561274 ], [ 13.714372915126924, 53.482228251120851 ], [ 13.709718216441271, 53.478765623429958 ], [ 13.706832426942485, 53.479902173924728 ], [ 13.687809247978278, 53.491365241192376 ], [ 13.693579032510719, 53.498505820981428 ], [ 13.695592814030553, 53.506812933181372 ], [ 13.689370023380654, 53.508804752241005 ], [ 13.670112464984797, 53.509211773921081 ], [ 13.669313443720181, 53.510470423275954 ], [ 13.671814089026197, 53.516494221238048 ], [ 13.683126504918649, 53.523843185711677 ], [ 13.678554823158459, 53.531701904916453 ], [ 13.679013323817271, 53.535492412109591 ], [ 13.698472143774646, 53.537858823537199 ], [ 13.705991833877317, 53.536130618047494 ], [ 13.713319913331752, 53.540962486490905 ], [ 13.7166700358518, 53.542027787828971 ], [ 13.721515509246277, 53.541142931810647 ], [ 13.724157537137138, 53.543182783964561 ], [ 13.721639130506999, 53.557767446969493 ], [ 13.71818648805673, 53.56111854839132 ], [ 13.72569220261879, 53.572286802771295 ], [ 13.708962781725191, 53.576147621857373 ], [ 13.709692099236324, 53.584823725382329 ], [ 13.699233364610388, 53.591779474228268 ], [ 13.701786213434668, 53.592639513171051 ], [ 13.704852345666222, 53.591378870374676 ], [ 13.71857098045052, 53.59954527036507 ], [ 13.73498422477458, 53.60368844952518 ], [ 13.744463308800432, 53.610985559071366 ], [ 13.753776967001253, 53.610286896032058 ], [ 13.757176468531918, 53.612060288636393 ], [ 13.754499207112893, 53.614974418107408 ], [ 13.756314751650855, 53.615277416577072 ], [ 13.760342267501745, 53.614807469750119 ], [ 13.765905661126101, 53.616651359948044 ], [ 13.768305876486133, 53.608799076593712 ], [ 13.77715478072315, 53.596360163510489 ], [ 13.785117502340134, 53.59590115672237 ], [ 13.795860973447788, 53.592499094379505 ], [ 13.803561713659779, 53.596332154315064 ], [ 13.819316271406485, 53.590113878073225 ], [ 13.820160379380862, 53.586730478806345 ], [ 13.8064915733462, 53.573821716960389 ], [ 13.787666086428001, 53.565032632970969 ], [ 13.786330547250497, 53.562765384781343 ], [ 13.791942708907531, 53.559882691046354 ], [ 13.79756965315064, 53.559830996399903 ], [ 13.802037957377129, 53.561613211796029 ], [ 13.804299787423062, 53.566787532567652 ], [ 13.808173241297503, 53.568661572942275 ], [ 13.831583644017527, 53.57423673741836 ], [ 13.837078072377905, 53.573454321707402 ], [ 13.850195476967903, 53.575836220819298 ], [ 13.857935208781342, 53.574906637345094 ], [ 13.862801716364846, 53.579473724139071 ], [ 13.867888152888604, 53.580459297612968 ], [ 13.89168419124297, 53.571719012774274 ], [ 13.899243839703146, 53.572207624935331 ], [ 13.896960127304709, 53.582048227300895 ], [ 13.897408031746552, 53.604404706838181 ], [ 13.903062682030495, 53.604566070024198 ], [ 13.903608152143539, 53.612306495422132 ], [ 13.882709467729244, 53.616431276288374 ], [ 13.889863949162157, 53.617618630825305 ], [ 13.891439625610044, 53.619812032271923 ], [ 13.896432107361139, 53.620080694351877 ], [ 13.910748151127963, 53.61948034281113 ], [ 13.914080549488736, 53.618566804041578 ], [ 13.913619761736458, 53.616846272694609 ], [ 13.933869589857506, 53.6181346564588 ], [ 13.937453673506738, 53.613995065642328 ], [ 13.936076464742701, 53.609974952687026 ], [ 13.932469280936445, 53.609398330701644 ], [ 13.93738908925355, 53.604370579376834 ], [ 13.939988515461051, 53.603990102898614 ], [ 13.939260518964483, 53.601417309288962 ], [ 13.956494249933092, 53.584676230409464 ], [ 13.966665665580157, 53.57719484227259 ], [ 13.971488716514692, 53.576643876348918 ], [ 13.97261441919661, 53.57881340336931 ], [ 13.976991542541489, 53.577930841990856 ], [ 13.975413970311866, 53.575489031778027 ], [ 13.978422154385873, 53.575027344539784 ], [ 13.977843159649913, 53.572702542199728 ], [ 13.974009067184618, 53.57364265081295 ], [ 13.972646405003307, 53.569959467338684 ], [ 13.977670614458901, 53.568599056179991 ], [ 13.985670451552544, 53.571527906125297 ], [ 13.98340065098272, 53.567836148632878 ], [ 13.989314501290915, 53.567023882832309 ], [ 13.987264849188115, 53.565440338276332 ], [ 14.001307241487586, 53.559872651519846 ], [ 14.003973078988402, 53.560721602913489 ], [ 14.004370180276043, 53.563650752579974 ], [ 14.010119606646889, 53.565308498661238 ], [ 14.007658337565189, 53.569553937658021 ], [ 14.010877991385696, 53.571577443944683 ], [ 14.025673627020019, 53.571105899529101 ], [ 14.038387350593498, 53.588447180703177 ], [ 14.039312967292268, 53.593401897536864 ], [ 14.032014441119026, 53.597236414284218 ], [ 14.016961595361561, 53.595704349858536 ], [ 14.012454758408335, 53.597765127285854 ], [ 14.005287497261442, 53.598214909893464 ], [ 14.006952642893616, 53.599725077554993 ], [ 14.019893404510903, 53.59756428733963 ], [ 14.026869710654053, 53.597998042207557 ], [ 14.028668884775383, 53.601406244879925 ], [ 14.036408851124291, 53.601586692012511 ], [ 14.047902506417374, 53.588658228380865 ], [ 14.044708360844547, 53.584472033351737 ], [ 14.06754158820654, 53.588153847177907 ], [ 14.072258710610411, 53.583709646719321 ], [ 14.081444007396883, 53.592908520130827 ], [ 14.114074736673379, 53.607520375835328 ], [ 14.11468104633043, 53.603942684098335 ], [ 14.120723897810413, 53.599172363537768 ], [ 14.129328720574565, 53.598784906079644 ], [ 14.129878293263076, 53.596533498343355 ], [ 14.173702203373908, 53.599022067478067 ], [ 14.178117452399073, 53.598141126968287 ], [ 14.176463192879895, 53.594359771785143 ], [ 14.173380035466231, 53.594836475957791 ], [ 14.173916964249727, 53.592594439046962 ], [ 14.1851221455616, 53.589950910401136 ], [ 14.186430030925035, 53.592696958860138 ], [ 14.208628350921417, 53.590008953054372 ], [ 14.210633736736092, 53.592048509371928 ], [ 14.214751046810113, 53.590658633154604 ], [ 14.213079393225822, 53.589023440230243 ], [ 14.217344776376724, 53.588648884896372 ], [ 14.218287800072538, 53.583585457558641 ], [ 14.221181832308837, 53.583704308932653 ], [ 14.221593489444301, 53.589080924897736 ], [ 14.231584668749811, 53.592490346015595 ], [ 14.236030613704207, 53.591707307194412 ], [ 14.235939235811751, 53.587202680010016 ], [ 14.24134585611054, 53.586668254852526 ], [ 14.246344992421802, 53.593261703653397 ], [ 14.249507852210877, 53.592401463516047 ], [ 14.24716073242868, 53.588635404496912 ], [ 14.251514902723532, 53.587229184838151 ], [ 14.253115194626597, 53.589675102916722 ], [ 14.259986893358718, 53.588545358843447 ], [ 14.258493697425443, 53.583537645452481 ], [ 14.266333395003544, 53.583179068557257 ], [ 14.26605127967782, 53.579199243005185 ], [ 14.269729670104079, 53.5789401209122 ], [ 14.269527842578299, 53.575899933537947 ], [ 14.281121797424193, 53.575751908506973 ], [ 14.282291586381003, 53.579029414597237 ], [ 14.30560094224351, 53.577837581281599 ], [ 14.304455005740161, 53.575195809171468 ], [ 14.312282229566261, 53.574477140359704 ], [ 14.313919063744157, 53.565209879033091 ], [ 14.302659125218909, 53.553514548377592 ], [ 14.307204868277381, 53.551332781013173 ], [ 14.305730777280473, 53.544015338772802 ], [ 14.315874160407088, 53.536896962855479 ], [ 14.31935571935594, 53.529832638494476 ], [ 14.315761703046606, 53.525126901950237 ], [ 14.32693026492348, 53.503897552435454 ], [ 14.350737195700788, 53.495960583872318 ], [ 14.354110718158605, 53.488524278731319 ], [ 14.357978731899349, 53.457377038749186 ], [ 14.371359201311906, 53.456376783159676 ], [ 14.368681661027365, 53.432499142359099 ], [ 14.373347026331437, 53.416749245798663 ], [ 14.373399692906968, 53.408833879468098 ], [ 14.389260935787771, 53.387730459432198 ], [ 14.394896125950952, 53.37561191110975 ], [ 14.395359574663177, 53.369475137732806 ], [ 14.390580940995411, 53.353690694876811 ], [ 14.405543290513405, 53.347072415515854 ], [ 14.408520315771884, 53.335475522366409 ], [ 14.412465383141658, 53.329461953631778 ], [ 14.402794066622914, 53.330261262297718 ], [ 14.396199937812025, 53.329068754996982 ], [ 14.381074319496543, 53.323579686043367 ], [ 14.380730263538883, 53.319923071471557 ], [ 14.37510712767727, 53.315566937028343 ], [ 14.36169878979058, 53.317644550541125 ], [ 14.361920436004439, 53.315139064437467 ], [ 14.350376615016728, 53.313638981724118 ], [ 14.348890566352612, 53.31007429076918 ], [ 14.316659307330823, 53.312394999533126 ], [ 14.313179462920205, 53.302209169607124 ], [ 14.300852662273288, 53.288345984716791 ], [ 14.302050376981187, 53.286131669076461 ], [ 14.261994110836113, 53.276752548684776 ], [ 14.266070482177675, 53.259606288093828 ], [ 14.252253817426119, 53.257375193755905 ], [ 14.226292836959827, 53.256802010758761 ], [ 14.211178070242319, 53.25490210077291 ], [ 14.200420172852663, 53.261698021847153 ], [ 14.187427858124122, 53.260587653210649 ], [ 14.176079568324074, 53.262096240328447 ], [ 14.172205311809075, 53.264557571517791 ], [ 14.159437003105932, 53.267592418653919 ], [ 14.142093094259838, 53.265239949716786 ], [ 14.121250527816555, 53.260046827778751 ], [ 14.11728795137752, 53.260235253963103 ], [ 14.116593744012546, 53.26169896055756 ], [ 14.114124358904176, 53.260567233493767 ], [ 14.099864845129773, 53.26147431518222 ], [ 14.104726468093817, 53.276992780000086 ], [ 14.111464818721172, 53.283869957798821 ], [ 14.135760807928213, 53.300301864558527 ], [ 14.185196612160913, 53.328263684573045 ], [ 14.206845276919799, 53.343167894803862 ], [ 14.224567288066183, 53.359920984836059 ], [ 14.23315512420843, 53.371671052028752 ], [ 14.243409588635348, 53.39317017572062 ], [ 14.241677444878599, 53.406250574910651 ], [ 14.237528516076731, 53.414975731704786 ], [ 14.242068958533594, 53.422080306822615 ], [ 14.238386232435229, 53.426287662408626 ], [ 14.23547883318995, 53.428937050384015 ], [ 14.233230320867072, 53.42805682183559 ], [ 14.225188374394875, 53.434142856823669 ], [ 14.214878808555671, 53.429821919781766 ], [ 14.205795920724668, 53.423077807142683 ], [ 14.176872463604932, 53.422855573152425 ], [ 14.136683713507061, 53.440870081838469 ], [ 14.134395881688452, 53.4389163311237 ], [ 14.121868436556927, 53.441440598809024 ], [ 14.105272596648563, 53.422539068400908 ], [ 14.093806905934461, 53.422082962227627 ], [ 14.082037821503386, 53.415144906069777 ], [ 14.083838029802241, 53.412347661591355 ], [ 14.082410129533899, 53.410858186617482 ], [ 14.076229454345182, 53.413820990173647 ], [ 14.068797776757751, 53.415111614836121 ], [ 14.056160794188902, 53.412623704553027 ], [ 14.051048198288113, 53.413863199314108 ], [ 14.04550173148375, 53.429486868344867 ], [ 14.007185208416017, 53.430489232151643 ], [ 14.00069252800335, 53.434872201308075 ], [ 13.962170421702679, 53.430006952230706 ], [ 13.946073142240113, 53.430732110290428 ], [ 13.924321380854865, 53.425170344997532 ], [ 13.917603273158869, 53.421826806254614 ], [ 13.906798719026309, 53.426913945575031 ], [ 13.903148640187462, 53.431743708167296 ], [ 13.910396239921274, 53.435389728774986 ], [ 13.912031508379311, 53.437961919646014 ], [ 13.905215508441183, 53.444867411481631 ], [ 13.917095810580944, 53.446447287037785 ], [ 13.917918066372941, 53.455031974070266 ], [ 13.875305771688351, 53.4735959701977 ], [ 13.884563592680665, 53.485450617220799 ], [ 13.880283995507584, 53.486890881940411 ], [ 13.876822186064322, 53.486341693413692 ], [ 13.873619391802203, 53.490599610271843 ], [ 13.879559844803458, 53.504175686430237 ], [ 13.848799789592917, 53.514937118029231 ], [ 13.821844099044773, 53.518062945724772 ], [ 13.823894862222414, 53.520606934048388 ], [ 13.819052500383256, 53.526613312727505 ], [ 13.798412268351893, 53.546350649902415 ], [ 13.801014271512196, 53.555632988842582 ] ] ] } }
]
}
